[debug] [2025-02-03T12:58:49.210Z] ----------------------------------------------------------------------
[debug] [2025-02-03T12:58:49.219Z] Command:       C:\Program Files\nodejs\node.exe C:\Users\sata\AppData\Roaming\npm\node_modules\firebase-tools\lib\bin\firebase.js emulators:start
[debug] [2025-02-03T12:58:49.221Z] CLI Version:   13.24.1
[debug] [2025-02-03T12:58:49.222Z] Platform:      win32
[debug] [2025-02-03T12:58:49.222Z] Node Version:  v20.16.0
[debug] [2025-02-03T12:58:49.223Z] Time:          Mon Feb 03 2025 15:58:49 GMT+0300 (East Africa Time)
[debug] [2025-02-03T12:58:49.224Z] ----------------------------------------------------------------------
[debug] 
[debug] [2025-02-03T12:58:49.566Z] > command requires scopes: ["email","openid","https://www.googleapis.com/auth/cloudplatformprojects.readonly","https://www.googleapis.com/auth/firebase","https://www.googleapis.com/auth/cloud-platform"]
[debug] [2025-02-03T12:58:49.568Z] > authorizing via signed-in user (ritaayalew6@gmail.com)
[info] i  emulators: Starting emulators: functions, hosting, extensions {"metadata":{"emulator":{"name":"hub"},"message":"Starting emulators: functions, hosting, extensions"}}
[debug] [2025-02-03T12:58:49.593Z] Checked if tokens are valid: false, expires at: 1738585832071
[debug] [2025-02-03T12:58:49.594Z] Checked if tokens are valid: false, expires at: 1738585832071
[debug] [2025-02-03T12:58:49.597Z] > refreshing access token with scopes: []
[debug] [2025-02-03T12:58:49.606Z] >>> [apiv2][query] POST https://www.googleapis.com/oauth2/v3/token [none]
[debug] [2025-02-03T12:58:49.607Z] >>> [apiv2][body] POST https://www.googleapis.com/oauth2/v3/token [omitted]
[debug] [2025-02-03T12:58:50.320Z] <<< [apiv2][status] POST https://www.googleapis.com/oauth2/v3/token 200
[debug] [2025-02-03T12:58:50.322Z] <<< [apiv2][body] POST https://www.googleapis.com/oauth2/v3/token [omitted]
[debug] [2025-02-03T12:58:50.358Z] >>> [apiv2][query] GET https://firebase.googleapis.com/v1beta1/projects/novemb-f2496 [none]
[debug] [2025-02-03T12:58:51.056Z] <<< [apiv2][status] GET https://firebase.googleapis.com/v1beta1/projects/novemb-f2496 200
[debug] [2025-02-03T12:58:51.057Z] <<< [apiv2][body] GET https://firebase.googleapis.com/v1beta1/projects/novemb-f2496 {"projectId":"novemb-f2496","projectNumber":"12808516494","displayName":"Amazon-novemb","name":"projects/novemb-f2496","resources":{"hostingSite":"novemb-f2496"},"state":"ACTIVE","etag":"1_226f5c14-5eec-4ba2-b8c8-4bcdfddc579e"}
[debug] [2025-02-03T12:58:51.106Z] [logging] Logging Emulator only supports listening on one address (127.0.0.1). Not listening on ::1
[debug] [2025-02-03T12:58:51.107Z] [hosting] Hosting Emulator only supports listening on one address (127.0.0.1). Not listening on ::1
[debug] [2025-02-03T12:58:51.107Z] assigned listening specs for emulators {"user":{"hub":[{"address":"127.0.0.1","family":"IPv4","port":4400},{"address":"::1","family":"IPv6","port":4400}],"ui":[{"address":"127.0.0.1","family":"IPv4","port":4000},{"address":"::1","family":"IPv6","port":4000}],"logging":[{"address":"127.0.0.1","family":"IPv4","port":4500}],"hosting":[{"address":"127.0.0.1","family":"IPv4","port":5000}]},"metadata":{"message":"assigned listening specs for emulators"}}
[debug] [2025-02-03T12:58:51.123Z] [hub] writing locator at C:\Users\sata\AppData\Local\Temp\hub-novemb-f2496.json
[debug] [2025-02-03T12:58:51.150Z] [Extensions] Started Extensions emulator, this is a noop.
[debug] [2025-02-03T12:58:51.171Z] [functions] Functions Emulator only supports listening on one address (127.0.0.1). Not listening on ::1
[debug] [2025-02-03T12:58:51.171Z] [eventarc] Eventarc Emulator only supports listening on one address (127.0.0.1). Not listening on ::1
[debug] [2025-02-03T12:58:51.172Z] [tasks] Cloud Tasks Emulator only supports listening on one address (127.0.0.1). Not listening on ::1
[debug] [2025-02-03T12:58:51.172Z] late-assigned ports for functions and eventarc emulators {"user":{"hub":[{"address":"127.0.0.1","family":"IPv4","port":4400},{"address":"::1","family":"IPv6","port":4400}],"ui":[{"address":"127.0.0.1","family":"IPv4","port":4000},{"address":"::1","family":"IPv6","port":4000}],"logging":[{"address":"127.0.0.1","family":"IPv4","port":4500}],"hosting":[{"address":"127.0.0.1","family":"IPv4","port":5000}],"functions":[{"address":"127.0.0.1","family":"IPv4","port":5001}],"eventarc":[{"address":"127.0.0.1","family":"IPv4","port":9299}],"tasks":[{"address":"127.0.0.1","family":"IPv4","port":9499}]},"metadata":{"message":"late-assigned ports for functions and eventarc emulators"}}
[warn] !  functions: The following emulators are not running, calls to these services from the Functions emulator will affect production: auth, firestore, database, pubsub, storage, dataconnect {"metadata":{"emulator":{"name":"functions"},"message":"The following emulators are not running, calls to these services from the Functions emulator will affect production: \u001b[1mauth, firestore, database, pubsub, storage, dataconnect\u001b[22m"}}
[debug] [2025-02-03T12:58:51.181Z] defaultcredentials: writing to file C:\Users\sata\AppData\Roaming\firebase\ritaayalew6_gmail_com_application_default_credentials.json
[debug] [2025-02-03T12:58:51.188Z] Setting GAC to C:\Users\sata\AppData\Roaming\firebase\ritaayalew6_gmail_com_application_default_credentials.json {"metadata":{"emulator":{"name":"functions"},"message":"Setting GAC to C:\\Users\\sata\\AppData\\Roaming\\firebase\\ritaayalew6_gmail_com_application_default_credentials.json"}}
[debug] [2025-02-03T12:58:51.191Z] Checked if tokens are valid: true, expires at: 1738591129323
[debug] [2025-02-03T12:58:51.191Z] Checked if tokens are valid: true, expires at: 1738591129323
[debug] [2025-02-03T12:58:51.192Z] >>> [apiv2][query] GET https://firebase.googleapis.com/v1beta1/projects/novemb-f2496/adminSdkConfig [none]
[debug] [2025-02-03T12:58:51.669Z] <<< [apiv2][status] GET https://firebase.googleapis.com/v1beta1/projects/novemb-f2496/adminSdkConfig 200
[debug] [2025-02-03T12:58:51.670Z] <<< [apiv2][body] GET https://firebase.googleapis.com/v1beta1/projects/novemb-f2496/adminSdkConfig {"projectId":"novemb-f2496","storageBucket":"novemb-f2496.firebasestorage.app"}
[debug] [2025-02-03T12:58:51.723Z] Checked if tokens are valid: true, expires at: 1738591129323
[debug] [2025-02-03T12:58:51.723Z] Checked if tokens are valid: true, expires at: 1738591129323
[debug] [2025-02-03T12:58:51.725Z] >>> [apiv2][query] GET https://firebasehosting.googleapis.com/v1beta1/projects/novemb-f2496/sites 
[debug] [2025-02-03T12:58:53.305Z] <<< [apiv2][status] GET https://firebasehosting.googleapis.com/v1beta1/projects/novemb-f2496/sites 200
[debug] [2025-02-03T12:58:53.306Z] <<< [apiv2][body] GET https://firebasehosting.googleapis.com/v1beta1/projects/novemb-f2496/sites {"sites":[{"name":"projects/novemb-f2496/sites/novemb-f2496","defaultUrl":"https://novemb-f2496.web.app","appId":"1:12808516494:web:89b821982ce743a61f2adf","type":"DEFAULT_SITE"}]}
[debug] [2025-02-03T12:58:53.307Z] Checked if tokens are valid: true, expires at: 1738591129323
[debug] [2025-02-03T12:58:53.307Z] Checked if tokens are valid: true, expires at: 1738591129323
[debug] [2025-02-03T12:58:53.308Z] >>> [apiv2][query] GET https://firebase.googleapis.com/v1beta1/projects/novemb-f2496/webApps/1:12808516494:web:89b821982ce743a61f2adf/config [none]
[debug] [2025-02-03T12:58:54.230Z] <<< [apiv2][status] GET https://firebase.googleapis.com/v1beta1/projects/novemb-f2496/webApps/1:12808516494:web:89b821982ce743a61f2adf/config 200
[debug] [2025-02-03T12:58:54.231Z] <<< [apiv2][body] GET https://firebase.googleapis.com/v1beta1/projects/novemb-f2496/webApps/1:12808516494:web:89b821982ce743a61f2adf/config {"projectId":"novemb-f2496","appId":"1:12808516494:web:89b821982ce743a61f2adf","storageBucket":"novemb-f2496.firebasestorage.app","apiKey":"AIzaSyAlhHuRW5HeAM3gWXqLwXImu4jIWOi0aUY","authDomain":"novemb-f2496.firebaseapp.com","messagingSenderId":"12808516494","measurementId":"G-DYMN9L8CDV"}
[debug] [2025-02-03T12:58:54.245Z] Checked if tokens are valid: true, expires at: 1738591129323
[debug] [2025-02-03T12:58:54.245Z] Checked if tokens are valid: true, expires at: 1738591129323
[debug] [2025-02-03T12:58:54.246Z] >>> [apiv2][query] GET https://firebase.googleapis.com/v1beta1/projects/novemb-f2496 [none]
[debug] [2025-02-03T12:58:54.638Z] <<< [apiv2][status] GET https://firebase.googleapis.com/v1beta1/projects/novemb-f2496 200
[debug] [2025-02-03T12:58:54.639Z] <<< [apiv2][body] GET https://firebase.googleapis.com/v1beta1/projects/novemb-f2496 {"projectId":"novemb-f2496","projectNumber":"12808516494","displayName":"Amazon-novemb","name":"projects/novemb-f2496","resources":{"hostingSite":"novemb-f2496"},"state":"ACTIVE","etag":"1_226f5c14-5eec-4ba2-b8c8-4bcdfddc579e"}
[info] i  hosting[novemb-f2496]: Serving hosting files from: build {"metadata":{"emulator":{"name":"hosting"},"message":"Serving hosting files from: \u001b[1mbuild\u001b[22m"}}
[info] +  hosting[novemb-f2496]: Local server: http://127.0.0.1:5000 {"metadata":{"emulator":{"name":"hosting"},"message":"Local server: \u001b[4m\u001b[1mhttp://127.0.0.1:5000\u001b[22m\u001b[24m"}}
[debug] [2025-02-03T12:58:54.732Z] Ignoring unsupported arg: auto_download {"metadata":{"emulator":{"name":"ui"},"message":"Ignoring unsupported arg: auto_download"}}
[debug] [2025-02-03T12:58:54.732Z] Ignoring unsupported arg: port {"metadata":{"emulator":{"name":"ui"},"message":"Ignoring unsupported arg: port"}}
[debug] [2025-02-03T12:58:54.732Z] Starting Emulator UI with command {"binary":"node","args":["C:\\Users\\sata\\.cache\\firebase\\emulators\\ui-v1.14.0\\server\\server.mjs"],"optionalArgs":[],"joinArgs":false,"shell":false,"port":4000} {"metadata":{"emulator":{"name":"ui"},"message":"Starting Emulator UI with command {\"binary\":\"node\",\"args\":[\"C:\\\\Users\\\\sata\\\\.cache\\\\firebase\\\\emulators\\\\ui-v1.14.0\\\\server\\\\server.mjs\"],\"optionalArgs\":[],\"joinArgs\":false,\"shell\":false,\"port\":4000}"}}
[info] i  ui: Emulator UI logging to ui-debug.log {"metadata":{"emulator":{"name":"ui"},"message":"Emulator UI logging to \u001b[1mui-debug.log\u001b[22m"}}
[debug] [2025-02-03T12:58:55.374Z] Web / API server started at 127.0.0.1:4000
 {"metadata":{"emulator":{"name":"ui"},"message":"Web / API server started at 127.0.0.1:4000\n"}}
[debug] [2025-02-03T12:58:55.375Z] Web / API server started at ::1:4000
 {"metadata":{"emulator":{"name":"ui"},"message":"Web / API server started at ::1:4000\n"}}
[debug] [2025-02-03T12:58:55.398Z] [Extensions] Connecting Extensions emulator, this is a noop.
[info] i  functions: Watching "C:\Users\sata\OneDrive\Desktop\phase-1\phase-5\Amazon-clone-2024\amazon-clone\functions" for Cloud Functions... {"metadata":{"emulator":{"name":"functions"},"message":"Watching \"C:\\Users\\sata\\OneDrive\\Desktop\\phase-1\\phase-5\\Amazon-clone-2024\\amazon-clone\\functions\" for Cloud Functions..."}}
[debug] [2025-02-03T12:58:55.449Z] Validating nodejs source
[debug] [2025-02-03T12:58:59.053Z] > [functions] package.json contents: {
  "name": "functions",
  "description": "Cloud Functions for Firebase",
  "scripts": {
    "serve": "firebase emulators:start --only functions",
    "shell": "firebase functions:shell",
    "start": "npm run shell",
    "deploy": "firebase deploy --only functions",
    "logs": "firebase functions:log"
  },
  "engines": {
    "node": "18"
  },
  "main": "index.js",
  "dependencies": {
    "cors": "^2.8.5",
    "express": "^4.21.2",
    "firebase-admin": "^12.6.0",
    "firebase-functions": "^6.0.1",
    "stripe": "^17.6.0"
  },
  "devDependencies": {
    "firebase-functions-test": "^3.1.0"
  },
  "private": true
}
[debug] [2025-02-03T12:58:59.056Z] Building nodejs source
[debug] [2025-02-03T12:58:59.060Z] Failed to find version of module node: reached end of search path C:\Users\sata\OneDrive\Desktop\phase-1\phase-5\Amazon-clone-2024\amazon-clone\functions\node_modules
[warn] !  functions: Your requested "node" version "18" doesn't match your global version "20". Using node@20 from host. 
[debug] [2025-02-03T12:58:59.078Z] Could not find functions.yaml. Must use http discovery
[debug] [2025-02-03T12:58:59.107Z] Found firebase-functions binary at 'C:\Users\sata\OneDrive\Desktop\phase-1\phase-5\Amazon-clone-2024\amazon-clone\functions\node_modules\.bin\firebase-functions'
[info] Serving at port 8276

[debug] [2025-02-03T12:59:00.735Z] Got response from /__/functions.yaml {"endpoints":{"api":{"availableMemoryMb":null,"timeoutSeconds":null,"minInstances":null,"maxInstances":null,"ingressSettings":null,"concurrency":null,"serviceAccountEmail":null,"vpc":null,"platform":"gcfv2","labels":{},"httpsTrigger":{},"entryPoint":"api"}},"specVersion":"v1alpha1","requiredAPIs":[],"extensions":{}}
[debug] [2025-02-03T12:59:05.869Z] defaultcredentials: writing to file C:\Users\sata\AppData\Roaming\firebase\ritaayalew6_gmail_com_application_default_credentials.json
[debug] [2025-02-03T12:59:05.873Z] Setting GAC to C:\Users\sata\AppData\Roaming\firebase\ritaayalew6_gmail_com_application_default_credentials.json {"metadata":{"emulator":{"name":"functions"},"message":"Setting GAC to C:\\Users\\sata\\AppData\\Roaming\\firebase\\ritaayalew6_gmail_com_application_default_credentials.json"}}
[info] +  functions: Loaded functions definitions from source: api. {"metadata":{"emulator":{"name":"functions"},"message":"Loaded functions definitions from source: api."}}
[info] +  functions[us-central1-api]: http function initialized (http://127.0.0.1:5001/novemb-f2496/us-central1/api). {"metadata":{"emulator":{"name":"functions"},"message":"\u001b[1mhttp\u001b[22m function initialized (http://127.0.0.1:5001/novemb-f2496/us-central1/api)."}}
[debug] [2025-02-03T12:59:05.916Z] Could not find VSCode notification endpoint: FetchError: request to http://localhost:40001/vscode/notify failed, reason: . If you are not running the Firebase Data Connect VSCode extension, this is expected and not an issue.
[info] 
┌─────────────────────────────────────────────────────────────┐
│ ✔  All emulators ready! It is now safe to connect your app. │
│ i  View Emulator UI at http://127.0.0.1:4000/               │
└─────────────────────────────────────────────────────────────┘

┌────────────┬────────────────┬──────────────────────────────────┐
│ Emulator   │ Host:Port      │ View in Emulator UI              │
├────────────┼────────────────┼──────────────────────────────────┤
│ Functions  │ 127.0.0.1:5001 │ http://127.0.0.1:4000/functions  │
├────────────┼────────────────┼──────────────────────────────────┤
│ Hosting    │ 127.0.0.1:5000 │ n/a                              │
├────────────┼────────────────┼──────────────────────────────────┤
│ Extensions │ 127.0.0.1:5001 │ http://127.0.0.1:4000/extensions │
└────────────┴────────────────┴──────────────────────────────────┘
  Emulator Hub running at 127.0.0.1:4400
  Other reserved ports: 4500
┌─────────────────────────┬───────────────┬─────────────────────┐
│ Extension Instance Name │ Extension Ref │ View in Emulator UI │
└─────────────────────────┴───────────────┴─────────────────────┘
Issues? Report them at https://github.com/firebase/firebase-tools/issues and attach the *-debug.log files.
 
[debug] [2025-02-03T12:59:15.022Z] [work-queue] {"queuedWork":["/novemb-f2496/us-central1/api/payments/create-2025-02-03T12:59:15.021Z"],"queueLength":1,"runningWork":[],"workRunningCount":0}
[debug] [2025-02-03T12:59:15.023Z] [work-queue] {"queuedWork":[],"queueLength":0,"runningWork":["/novemb-f2496/us-central1/api/payments/create-2025-02-03T12:59:15.021Z"],"workRunningCount":1}
[debug] [2025-02-03T12:59:15.028Z] Accepted request POST /novemb-f2496/us-central1/api/payments/create?total=0 --> us-central1-api
[debug] [2025-02-03T12:59:15.031Z] [functions] Runtime ready! Sending request! {"metadata":{"emulator":{"name":"functions"},"message":"[functions] Runtime ready! Sending request!"}}
[debug] [2025-02-03T12:59:15.034Z] [functions] Got req.url=/novemb-f2496/us-central1/api/payments/create?total=0, mapping to path=/payments/create?total=0 {"metadata":{"emulator":{"name":"functions"},"message":"[functions] Got req.url=/novemb-f2496/us-central1/api/payments/create?total=0, mapping to path=/payments/create?total=0"}}
[debug] [2025-02-03T12:59:15.083Z] [worker-pool] addWorker(us-central1-api) {"metadata":{"emulator":{"name":"functions"},"message":"[worker-pool] addWorker(us-central1-api)"}}
[debug] [2025-02-03T12:59:15.088Z] [worker-pool] Adding worker with key us-central1-api, total=1 {"metadata":{"emulator":{"name":"functions"},"message":"[worker-pool] Adding worker with key us-central1-api, total=1"}}
[debug] [2025-02-03T12:59:15.102Z] [work-queue] {"queuedWork":["/novemb-f2496/us-central1/api/payments/create-2025-02-03T12:59:15.102Z"],"queueLength":1,"runningWork":["/novemb-f2496/us-central1/api/payments/create-2025-02-03T12:59:15.021Z"],"workRunningCount":1}
[debug] [2025-02-03T12:59:15.103Z] [work-queue] {"queuedWork":[],"queueLength":0,"runningWork":["/novemb-f2496/us-central1/api/payments/create-2025-02-03T12:59:15.021Z","/novemb-f2496/us-central1/api/payments/create-2025-02-03T12:59:15.102Z"],"workRunningCount":2}
[debug] [2025-02-03T12:59:15.104Z] Accepted request POST /novemb-f2496/us-central1/api/payments/create?total=0 --> us-central1-api
[debug] [2025-02-03T12:59:15.106Z] [functions] Runtime ready! Sending request! {"metadata":{"emulator":{"name":"functions"},"message":"[functions] Runtime ready! Sending request!"}}
[debug] [2025-02-03T12:59:15.107Z] [functions] Got req.url=/novemb-f2496/us-central1/api/payments/create?total=0, mapping to path=/payments/create?total=0 {"metadata":{"emulator":{"name":"functions"},"message":"[functions] Got req.url=/novemb-f2496/us-central1/api/payments/create?total=0, mapping to path=/payments/create?total=0"}}
[debug] [2025-02-03T12:59:15.135Z] [worker-pool] addWorker(us-central1-api) {"metadata":{"emulator":{"name":"functions"},"message":"[worker-pool] addWorker(us-central1-api)"}}
[debug] [2025-02-03T12:59:15.136Z] [worker-pool] Adding worker with key us-central1-api, total=2 {"metadata":{"emulator":{"name":"functions"},"message":"[worker-pool] Adding worker with key us-central1-api, total=2"}}
[debug] [2025-02-03T12:59:18.619Z] [runtime-status] [25816] Resolved module firebase-admin {"declared":true,"installed":true,"version":"12.7.0","resolution":"C:\\Users\\sata\\OneDrive\\Desktop\\phase-1\\phase-5\\Amazon-clone-2024\\amazon-clone\\functions\\node_modules\\firebase-admin\\lib\\index.js"} {"metadata":{"emulator":{"name":"functions"},"function":{"name":"us-central1-api"},"extension":{},"message":"[runtime-status] [25816] Resolved module firebase-admin {\"declared\":true,\"installed\":true,\"version\":\"12.7.0\",\"resolution\":\"C:\\\\Users\\\\sata\\\\OneDrive\\\\Desktop\\\\phase-1\\\\phase-5\\\\Amazon-clone-2024\\\\amazon-clone\\\\functions\\\\node_modules\\\\firebase-admin\\\\lib\\\\index.js\"}"}}
[debug] [2025-02-03T12:59:18.622Z] [runtime-status] [25816] Resolved module firebase-functions {"declared":true,"installed":true,"version":"6.3.1","resolution":"C:\\Users\\sata\\OneDrive\\Desktop\\phase-1\\phase-5\\Amazon-clone-2024\\amazon-clone\\functions\\node_modules\\firebase-functions\\lib\\v2\\index.js"} {"metadata":{"emulator":{"name":"functions"},"function":{"name":"us-central1-api"},"extension":{},"message":"[runtime-status] [25816] Resolved module firebase-functions {\"declared\":true,\"installed\":true,\"version\":\"6.3.1\",\"resolution\":\"C:\\\\Users\\\\sata\\\\OneDrive\\\\Desktop\\\\phase-1\\\\phase-5\\\\Amazon-clone-2024\\\\amazon-clone\\\\functions\\\\node_modules\\\\firebase-functions\\\\lib\\\\v2\\\\index.js\"}"}}
[debug] [2025-02-03T12:59:18.623Z] [runtime-status] [24844] Resolved module firebase-admin {"declared":true,"installed":true,"version":"12.7.0","resolution":"C:\\Users\\sata\\OneDrive\\Desktop\\phase-1\\phase-5\\Amazon-clone-2024\\amazon-clone\\functions\\node_modules\\firebase-admin\\lib\\index.js"} {"metadata":{"emulator":{"name":"functions"},"function":{"name":"us-central1-api"},"extension":{},"message":"[runtime-status] [24844] Resolved module firebase-admin {\"declared\":true,\"installed\":true,\"version\":\"12.7.0\",\"resolution\":\"C:\\\\Users\\\\sata\\\\OneDrive\\\\Desktop\\\\phase-1\\\\phase-5\\\\Amazon-clone-2024\\\\amazon-clone\\\\functions\\\\node_modules\\\\firebase-admin\\\\lib\\\\index.js\"}"}}
[debug] [2025-02-03T12:59:18.624Z] [runtime-status] [25816] Outgoing network have been stubbed. [{"name":"http","status":"mocked"},{"name":"http","status":"mocked"},{"name":"https","status":"mocked"},{"name":"https","status":"mocked"},{"name":"net","status":"mocked"}] {"metadata":{"emulator":{"name":"functions"},"function":{"name":"us-central1-api"},"extension":{},"message":"[runtime-status] [25816] Outgoing network have been stubbed. [{\"name\":\"http\",\"status\":\"mocked\"},{\"name\":\"http\",\"status\":\"mocked\"},{\"name\":\"https\",\"status\":\"mocked\"},{\"name\":\"https\",\"status\":\"mocked\"},{\"name\":\"net\",\"status\":\"mocked\"}]"}}
[debug] [2025-02-03T12:59:18.625Z] [runtime-status] [25816] Resolved module firebase-functions {"declared":true,"installed":true,"version":"6.3.1","resolution":"C:\\Users\\sata\\OneDrive\\Desktop\\phase-1\\phase-5\\Amazon-clone-2024\\amazon-clone\\functions\\node_modules\\firebase-functions\\lib\\v2\\index.js"} {"metadata":{"emulator":{"name":"functions"},"function":{"name":"us-central1-api"},"extension":{},"message":"[runtime-status] [25816] Resolved module firebase-functions {\"declared\":true,\"installed\":true,\"version\":\"6.3.1\",\"resolution\":\"C:\\\\Users\\\\sata\\\\OneDrive\\\\Desktop\\\\phase-1\\\\phase-5\\\\Amazon-clone-2024\\\\amazon-clone\\\\functions\\\\node_modules\\\\firebase-functions\\\\lib\\\\v2\\\\index.js\"}"}}
[debug] [2025-02-03T12:59:18.626Z] [runtime-status] [24844] Resolved module firebase-functions {"declared":true,"installed":true,"version":"6.3.1","resolution":"C:\\Users\\sata\\OneDrive\\Desktop\\phase-1\\phase-5\\Amazon-clone-2024\\amazon-clone\\functions\\node_modules\\firebase-functions\\lib\\v2\\index.js"} {"metadata":{"emulator":{"name":"functions"},"function":{"name":"us-central1-api"},"extension":{},"message":"[runtime-status] [24844] Resolved module firebase-functions {\"declared\":true,\"installed\":true,\"version\":\"6.3.1\",\"resolution\":\"C:\\\\Users\\\\sata\\\\OneDrive\\\\Desktop\\\\phase-1\\\\phase-5\\\\Amazon-clone-2024\\\\amazon-clone\\\\functions\\\\node_modules\\\\firebase-functions\\\\lib\\\\v2\\\\index.js\"}"}}
[debug] [2025-02-03T12:59:18.627Z] [runtime-status] [24844] Outgoing network have been stubbed. [{"name":"http","status":"mocked"},{"name":"http","status":"mocked"},{"name":"https","status":"mocked"},{"name":"https","status":"mocked"},{"name":"net","status":"mocked"}] {"metadata":{"emulator":{"name":"functions"},"function":{"name":"us-central1-api"},"extension":{},"message":"[runtime-status] [24844] Outgoing network have been stubbed. [{\"name\":\"http\",\"status\":\"mocked\"},{\"name\":\"http\",\"status\":\"mocked\"},{\"name\":\"https\",\"status\":\"mocked\"},{\"name\":\"https\",\"status\":\"mocked\"},{\"name\":\"net\",\"status\":\"mocked\"}]"}}
[debug] [2025-02-03T12:59:18.629Z] [runtime-status] [24844] Resolved module firebase-functions {"declared":true,"installed":true,"version":"6.3.1","resolution":"C:\\Users\\sata\\OneDrive\\Desktop\\phase-1\\phase-5\\Amazon-clone-2024\\amazon-clone\\functions\\node_modules\\firebase-functions\\lib\\v2\\index.js"} {"metadata":{"emulator":{"name":"functions"},"function":{"name":"us-central1-api"},"extension":{},"message":"[runtime-status] [24844] Resolved module firebase-functions {\"declared\":true,\"installed\":true,\"version\":\"6.3.1\",\"resolution\":\"C:\\\\Users\\\\sata\\\\OneDrive\\\\Desktop\\\\phase-1\\\\phase-5\\\\Amazon-clone-2024\\\\amazon-clone\\\\functions\\\\node_modules\\\\firebase-functions\\\\lib\\\\v2\\\\index.js\"}"}}
[debug] [2025-02-03T12:59:19.418Z] [runtime-status] [24844] Checked functions.config() {"config":{}} {"metadata":{"emulator":{"name":"functions"},"function":{"name":"us-central1-api"},"extension":{},"message":"[runtime-status] [24844] Checked functions.config() {\"config\":{}}"}}
[debug] [2025-02-03T12:59:19.419Z] [runtime-status] [24844] firebase-functions has been stubbed. {"functionsResolution":{"declared":true,"installed":true,"version":"6.3.1","resolution":"C:\\Users\\sata\\OneDrive\\Desktop\\phase-1\\phase-5\\Amazon-clone-2024\\amazon-clone\\functions\\node_modules\\firebase-functions\\lib\\v2\\index.js"}} {"metadata":{"emulator":{"name":"functions"},"function":{"name":"us-central1-api"},"extension":{},"message":"[runtime-status] [24844] firebase-functions has been stubbed. {\"functionsResolution\":{\"declared\":true,\"installed\":true,\"version\":\"6.3.1\",\"resolution\":\"C:\\\\Users\\\\sata\\\\OneDrive\\\\Desktop\\\\phase-1\\\\phase-5\\\\Amazon-clone-2024\\\\amazon-clone\\\\functions\\\\node_modules\\\\firebase-functions\\\\lib\\\\v2\\\\index.js\"}}"}}
[debug] [2025-02-03T12:59:19.420Z] [runtime-status] [25816] Checked functions.config() {"config":{}} {"metadata":{"emulator":{"name":"functions"},"function":{"name":"us-central1-api"},"extension":{},"message":"[runtime-status] [25816] Checked functions.config() {\"config\":{}}"}}
[debug] [2025-02-03T12:59:19.421Z] [runtime-status] [25816] firebase-functions has been stubbed. {"functionsResolution":{"declared":true,"installed":true,"version":"6.3.1","resolution":"C:\\Users\\sata\\OneDrive\\Desktop\\phase-1\\phase-5\\Amazon-clone-2024\\amazon-clone\\functions\\node_modules\\firebase-functions\\lib\\v2\\index.js"}} {"metadata":{"emulator":{"name":"functions"},"function":{"name":"us-central1-api"},"extension":{},"message":"[runtime-status] [25816] firebase-functions has been stubbed. {\"functionsResolution\":{\"declared\":true,\"installed\":true,\"version\":\"6.3.1\",\"resolution\":\"C:\\\\Users\\\\sata\\\\OneDrive\\\\Desktop\\\\phase-1\\\\phase-5\\\\Amazon-clone-2024\\\\amazon-clone\\\\functions\\\\node_modules\\\\firebase-functions\\\\lib\\\\v2\\\\index.js\"}}"}}
[debug] [2025-02-03T12:59:19.422Z] [runtime-status] [24844] Resolved module firebase-functions {"declared":true,"installed":true,"version":"6.3.1","resolution":"C:\\Users\\sata\\OneDrive\\Desktop\\phase-1\\phase-5\\Amazon-clone-2024\\amazon-clone\\functions\\node_modules\\firebase-functions\\lib\\v2\\index.js"} {"metadata":{"emulator":{"name":"functions"},"function":{"name":"us-central1-api"},"extension":{},"message":"[runtime-status] [24844] Resolved module firebase-functions {\"declared\":true,\"installed\":true,\"version\":\"6.3.1\",\"resolution\":\"C:\\\\Users\\\\sata\\\\OneDrive\\\\Desktop\\\\phase-1\\\\phase-5\\\\Amazon-clone-2024\\\\amazon-clone\\\\functions\\\\node_modules\\\\firebase-functions\\\\lib\\\\v2\\\\index.js\"}"}}
[debug] [2025-02-03T12:59:19.422Z] [runtime-status] [25816] Resolved module firebase-functions {"declared":true,"installed":true,"version":"6.3.1","resolution":"C:\\Users\\sata\\OneDrive\\Desktop\\phase-1\\phase-5\\Amazon-clone-2024\\amazon-clone\\functions\\node_modules\\firebase-functions\\lib\\v2\\index.js"} {"metadata":{"emulator":{"name":"functions"},"function":{"name":"us-central1-api"},"extension":{},"message":"[runtime-status] [25816] Resolved module firebase-functions {\"declared\":true,\"installed\":true,\"version\":\"6.3.1\",\"resolution\":\"C:\\\\Users\\\\sata\\\\OneDrive\\\\Desktop\\\\phase-1\\\\phase-5\\\\Amazon-clone-2024\\\\amazon-clone\\\\functions\\\\node_modules\\\\firebase-functions\\\\lib\\\\v2\\\\index.js\"}"}}
[debug] [2025-02-03T12:59:19.435Z] [runtime-status] [25816] Resolved module firebase-admin {"declared":true,"installed":true,"version":"12.7.0","resolution":"C:\\Users\\sata\\OneDrive\\Desktop\\phase-1\\phase-5\\Amazon-clone-2024\\amazon-clone\\functions\\node_modules\\firebase-admin\\lib\\index.js"} {"metadata":{"emulator":{"name":"functions"},"function":{"name":"us-central1-api"},"extension":{},"message":"[runtime-status] [25816] Resolved module firebase-admin {\"declared\":true,\"installed\":true,\"version\":\"12.7.0\",\"resolution\":\"C:\\\\Users\\\\sata\\\\OneDrive\\\\Desktop\\\\phase-1\\\\phase-5\\\\Amazon-clone-2024\\\\amazon-clone\\\\functions\\\\node_modules\\\\firebase-admin\\\\lib\\\\index.js\"}"}}
[debug] [2025-02-03T12:59:19.436Z] [runtime-status] [24844] Resolved module firebase-admin {"declared":true,"installed":true,"version":"12.7.0","resolution":"C:\\Users\\sata\\OneDrive\\Desktop\\phase-1\\phase-5\\Amazon-clone-2024\\amazon-clone\\functions\\node_modules\\firebase-admin\\lib\\index.js"} {"metadata":{"emulator":{"name":"functions"},"function":{"name":"us-central1-api"},"extension":{},"message":"[runtime-status] [24844] Resolved module firebase-admin {\"declared\":true,\"installed\":true,\"version\":\"12.7.0\",\"resolution\":\"C:\\\\Users\\\\sata\\\\OneDrive\\\\Desktop\\\\phase-1\\\\phase-5\\\\Amazon-clone-2024\\\\amazon-clone\\\\functions\\\\node_modules\\\\firebase-admin\\\\lib\\\\index.js\"}"}}
[debug] [2025-02-03T12:59:19.443Z] [runtime-status] [25816] Resolved module firebase-functions {"declared":true,"installed":true,"version":"6.3.1","resolution":"C:\\Users\\sata\\OneDrive\\Desktop\\phase-1\\phase-5\\Amazon-clone-2024\\amazon-clone\\functions\\node_modules\\firebase-functions\\lib\\v2\\index.js"} {"metadata":{"emulator":{"name":"functions"},"function":{"name":"us-central1-api"},"extension":{},"message":"[runtime-status] [25816] Resolved module firebase-functions {\"declared\":true,\"installed\":true,\"version\":\"6.3.1\",\"resolution\":\"C:\\\\Users\\\\sata\\\\OneDrive\\\\Desktop\\\\phase-1\\\\phase-5\\\\Amazon-clone-2024\\\\amazon-clone\\\\functions\\\\node_modules\\\\firebase-functions\\\\lib\\\\v2\\\\index.js\"}"}}
[debug] [2025-02-03T12:59:19.444Z] [runtime-status] [24844] Resolved module firebase-functions {"declared":true,"installed":true,"version":"6.3.1","resolution":"C:\\Users\\sata\\OneDrive\\Desktop\\phase-1\\phase-5\\Amazon-clone-2024\\amazon-clone\\functions\\node_modules\\firebase-functions\\lib\\v2\\index.js"} {"metadata":{"emulator":{"name":"functions"},"function":{"name":"us-central1-api"},"extension":{},"message":"[runtime-status] [24844] Resolved module firebase-functions {\"declared\":true,\"installed\":true,\"version\":\"6.3.1\",\"resolution\":\"C:\\\\Users\\\\sata\\\\OneDrive\\\\Desktop\\\\phase-1\\\\phase-5\\\\Amazon-clone-2024\\\\amazon-clone\\\\functions\\\\node_modules\\\\firebase-functions\\\\lib\\\\v2\\\\index.js\"}"}}
[debug] [2025-02-03T12:59:19.444Z] [runtime-status] [24844] firebase-admin has been stubbed. {"adminResolution":{"declared":true,"installed":true,"version":"12.7.0","resolution":"C:\\Users\\sata\\OneDrive\\Desktop\\phase-1\\phase-5\\Amazon-clone-2024\\amazon-clone\\functions\\node_modules\\firebase-admin\\lib\\index.js"}} {"metadata":{"emulator":{"name":"functions"},"function":{"name":"us-central1-api"},"extension":{},"message":"[runtime-status] [24844] firebase-admin has been stubbed. {\"adminResolution\":{\"declared\":true,\"installed\":true,\"version\":\"12.7.0\",\"resolution\":\"C:\\\\Users\\\\sata\\\\OneDrive\\\\Desktop\\\\phase-1\\\\phase-5\\\\Amazon-clone-2024\\\\amazon-clone\\\\functions\\\\node_modules\\\\firebase-admin\\\\lib\\\\index.js\"}}"}}
[debug] [2025-02-03T12:59:19.445Z] [runtime-status] [25816] firebase-admin has been stubbed. {"adminResolution":{"declared":true,"installed":true,"version":"12.7.0","resolution":"C:\\Users\\sata\\OneDrive\\Desktop\\phase-1\\phase-5\\Amazon-clone-2024\\amazon-clone\\functions\\node_modules\\firebase-admin\\lib\\index.js"}} {"metadata":{"emulator":{"name":"functions"},"function":{"name":"us-central1-api"},"extension":{},"message":"[runtime-status] [25816] firebase-admin has been stubbed. {\"adminResolution\":{\"declared\":true,\"installed\":true,\"version\":\"12.7.0\",\"resolution\":\"C:\\\\Users\\\\sata\\\\OneDrive\\\\Desktop\\\\phase-1\\\\phase-5\\\\Amazon-clone-2024\\\\amazon-clone\\\\functions\\\\node_modules\\\\firebase-admin\\\\lib\\\\index.js\"}}"}}
[debug] [2025-02-03T12:59:20.007Z] [runtime-status] [24844] Functions runtime initialized. {"cwd":"C:\\Users\\sata\\OneDrive\\Desktop\\phase-1\\phase-5\\Amazon-clone-2024\\amazon-clone\\functions","node_version":"20.16.0"} {"metadata":{"emulator":{"name":"functions"},"function":{"name":"us-central1-api"},"extension":{},"message":"[runtime-status] [24844] Functions runtime initialized. {\"cwd\":\"C:\\\\Users\\\\sata\\\\OneDrive\\\\Desktop\\\\phase-1\\\\phase-5\\\\Amazon-clone-2024\\\\amazon-clone\\\\functions\",\"node_version\":\"20.16.0\"}"}}
[debug] [2025-02-03T12:59:20.008Z] [runtime-status] [24844] Listening to port: \\?\pipe\fire_emu_8d1d36118f98d1e7 {"metadata":{"emulator":{"name":"functions"},"function":{"name":"us-central1-api"},"extension":{},"message":"[runtime-status] [24844] Listening to port: \\\\?\\pipe\\fire_emu_8d1d36118f98d1e7"}}
[debug] [2025-02-03T12:59:20.010Z] [runtime-status] [25816] Functions runtime initialized. {"cwd":"C:\\Users\\sata\\OneDrive\\Desktop\\phase-1\\phase-5\\Amazon-clone-2024\\amazon-clone\\functions","node_version":"20.16.0"} {"metadata":{"emulator":{"name":"functions"},"function":{"name":"us-central1-api"},"extension":{},"message":"[runtime-status] [25816] Functions runtime initialized. {\"cwd\":\"C:\\\\Users\\\\sata\\\\OneDrive\\\\Desktop\\\\phase-1\\\\phase-5\\\\Amazon-clone-2024\\\\amazon-clone\\\\functions\",\"node_version\":\"20.16.0\"}"}}
[debug] [2025-02-03T12:59:20.011Z] [runtime-status] [25816] Listening to port: \\?\pipe\fire_emu_10d19b7b864bad08 {"metadata":{"emulator":{"name":"functions"},"function":{"name":"us-central1-api"},"extension":{},"message":"[runtime-status] [25816] Listening to port: \\\\?\\pipe\\fire_emu_10d19b7b864bad08"}}
[debug] [2025-02-03T12:59:20.068Z] [worker-us-central1-api-46c46e9f-6198-4cfd-b8c5-f3773be7ec15]: IDLE {"metadata":{"emulator":{"name":"functions"},"function":{"name":"us-central1-api"},"extension":{},"message":"[worker-us-central1-api-46c46e9f-6198-4cfd-b8c5-f3773be7ec15]: IDLE"}}
[debug] [2025-02-03T12:59:20.068Z] [worker-pool] submitRequest(triggerId=us-central1-api) {"metadata":{"emulator":{"name":"functions"},"message":"[worker-pool] submitRequest(triggerId=us-central1-api)"}}
[info] i  functions: Beginning execution of "us-central1-api" {"metadata":{"emulator":{"name":"functions"},"function":{"name":"us-central1-api"},"extension":{},"message":"Beginning execution of \"us-central1-api\""}}
[debug] [2025-02-03T12:59:20.070Z] [worker-us-central1-api-46c46e9f-6198-4cfd-b8c5-f3773be7ec15]: BUSY {"metadata":{"emulator":{"name":"functions"},"function":{"name":"us-central1-api"},"extension":{},"message":"[worker-us-central1-api-46c46e9f-6198-4cfd-b8c5-f3773be7ec15]: BUSY"}}
[debug] [2025-02-03T12:59:20.090Z] [worker-us-central1-api-4f3be63b-5384-44cc-acdc-64e7bc891737]: IDLE {"metadata":{"emulator":{"name":"functions"},"function":{"name":"us-central1-api"},"extension":{},"message":"[worker-us-central1-api-4f3be63b-5384-44cc-acdc-64e7bc891737]: IDLE"}}
[debug] [2025-02-03T12:59:20.090Z] [worker-pool] submitRequest(triggerId=us-central1-api) {"metadata":{"emulator":{"name":"functions"},"message":"[worker-pool] submitRequest(triggerId=us-central1-api)"}}
[info] i  functions: Beginning execution of "us-central1-api" {"metadata":{"emulator":{"name":"functions"},"function":{"name":"us-central1-api"},"extension":{},"message":"Beginning execution of \"us-central1-api\""}}
[debug] [2025-02-03T12:59:20.091Z] [worker-us-central1-api-4f3be63b-5384-44cc-acdc-64e7bc891737]: BUSY {"metadata":{"emulator":{"name":"functions"},"function":{"name":"us-central1-api"},"extension":{},"message":"[worker-us-central1-api-4f3be63b-5384-44cc-acdc-64e7bc891737]: BUSY"}}
[info] >  payment request received for this amount == 0 {"user":"payment request received for this amount == 0","metadata":{"emulator":{"name":"functions"},"function":{"name":"us-central1-api"},"extension":{},"message":"\u001b[90m> \u001b[39m payment request received for this amount == 0"}}
[info] >  payment request received for this amount == 0 {"user":"payment request received for this amount == 0","metadata":{"emulator":{"name":"functions"},"function":{"name":"us-central1-api"},"extension":{},"message":"\u001b[90m> \u001b[39m payment request received for this amount == 0"}}
[info] >  Error creating payment intent: StripeInvalidRequestError: The amount must be greater than or equal to the minimum charge amount allowed for your account and the currency set (https://docs.stripe.com/currencies#minimum-and-maximum-charge-amounts).  If you want to save a Payment Method for future use without an immediate payment, use a Setup Intent instead: https://docs.stripe.com/payments/setup-intents {"user":"Error creating payment intent: StripeInvalidRequestError: The amount must be greater than or equal to the minimum charge amount allowed for your account and the currency set (https://docs.stripe.com/currencies#minimum-and-maximum-charge-amounts).  If you want to save a Payment Method for future use without an immediate payment, use a Setup Intent instead: https://docs.stripe.com/payments/setup-intents","metadata":{"emulator":{"name":"functions"},"function":{"name":"us-central1-api"},"extension":{},"message":"\u001b[90m> \u001b[39m Error creating payment intent: StripeInvalidRequestError: The amount must be greater than or equal to the minimum charge amount allowed for your account and the currency set (https://docs.stripe.com/currencies#minimum-and-maximum-charge-amounts).  If you want to save a Payment Method for future use without an immediate payment, use a Setup Intent instead: https://docs.stripe.com/payments/setup-intents"}}
[info] >      at generateV1Error (C:\Users\sata\OneDrive\Desktop\phase-1\phase-5\Amazon-clone-2024\amazon-clone\functions\node_modules\stripe\cjs\Error.js:11:20) {"user":"    at generateV1Error (C:\\Users\\sata\\OneDrive\\Desktop\\phase-1\\phase-5\\Amazon-clone-2024\\amazon-clone\\functions\\node_modules\\stripe\\cjs\\Error.js:11:20)","metadata":{"emulator":{"name":"functions"},"function":{"name":"us-central1-api"},"extension":{},"message":"\u001b[90m> \u001b[39m     at generateV1Error (C:\\Users\\sata\\OneDrive\\Desktop\\phase-1\\phase-5\\Amazon-clone-2024\\amazon-clone\\functions\\node_modules\\stripe\\cjs\\Error.js:11:20)"}}
[info] >      at res.toJSON.then.Error_js_1.StripeAPIError.message (C:\Users\sata\OneDrive\Desktop\phase-1\phase-5\Amazon-clone-2024\amazon-clone\functions\node_modules\stripe\cjs\RequestSender.js:108:62) {"user":"    at res.toJSON.then.Error_js_1.StripeAPIError.message (C:\\Users\\sata\\OneDrive\\Desktop\\phase-1\\phase-5\\Amazon-clone-2024\\amazon-clone\\functions\\node_modules\\stripe\\cjs\\RequestSender.js:108:62)","metadata":{"emulator":{"name":"functions"},"function":{"name":"us-central1-api"},"extension":{},"message":"\u001b[90m> \u001b[39m     at res.toJSON.then.Error_js_1.StripeAPIError.message (C:\\Users\\sata\\OneDrive\\Desktop\\phase-1\\phase-5\\Amazon-clone-2024\\amazon-clone\\functions\\node_modules\\stripe\\cjs\\RequestSender.js:108:62)"}}
[info] >      at process.processTicksAndRejections (node:internal/process/task_queues:95:5) { {"user":"    at process.processTicksAndRejections (node:internal/process/task_queues:95:5) {","metadata":{"emulator":{"name":"functions"},"function":{"name":"us-central1-api"},"extension":{},"message":"\u001b[90m> \u001b[39m     at process.processTicksAndRejections (node:internal/process/task_queues:95:5) {"}}
[info] >    type: 'StripeInvalidRequestError', {"user":"  type: 'StripeInvalidRequestError',","metadata":{"emulator":{"name":"functions"},"function":{"name":"us-central1-api"},"extension":{},"message":"\u001b[90m> \u001b[39m   type: 'StripeInvalidRequestError',"}}
[info] >    raw: { {"user":"  raw: {","metadata":{"emulator":{"name":"functions"},"function":{"name":"us-central1-api"},"extension":{},"message":"\u001b[90m> \u001b[39m   raw: {"}}
[info] >      code: 'parameter_invalid_integer', {"user":"    code: 'parameter_invalid_integer',","metadata":{"emulator":{"name":"functions"},"function":{"name":"us-central1-api"},"extension":{},"message":"\u001b[90m> \u001b[39m     code: 'parameter_invalid_integer',"}}
[info] >      doc_url: 'https://stripe.com/docs/error-codes/parameter-invalid-integer', {"user":"    doc_url: 'https://stripe.com/docs/error-codes/parameter-invalid-integer',","metadata":{"emulator":{"name":"functions"},"function":{"name":"us-central1-api"},"extension":{},"message":"\u001b[90m> \u001b[39m     doc_url: 'https://stripe.com/docs/error-codes/parameter-invalid-integer',"}}
[info] >      message: 'The amount must be greater than or equal to the minimum charge amount allowed for your account and the currency set (https://docs.stripe.com/currencies#minimum-and-maximum-charge-amounts).  If you want to save a Payment Method for future use without an immediate payment, use a Setup Intent instead: https://docs.stripe.com/payments/setup-intents', {"user":"    message: 'The amount must be greater than or equal to the minimum charge amount allowed for your account and the currency set (https://docs.stripe.com/currencies#minimum-and-maximum-charge-amounts).  If you want to save a Payment Method for future use without an immediate payment, use a Setup Intent instead: https://docs.stripe.com/payments/setup-intents',","metadata":{"emulator":{"name":"functions"},"function":{"name":"us-central1-api"},"extension":{},"message":"\u001b[90m> \u001b[39m     message: 'The amount must be greater than or equal to the minimum charge amount allowed for your account and the currency set (https://docs.stripe.com/currencies#minimum-and-maximum-charge-amounts).  If you want to save a Payment Method for future use without an immediate payment, use a Setup Intent instead: https://docs.stripe.com/payments/setup-intents',"}}
[info] >      param: 'amount', {"user":"    param: 'amount',","metadata":{"emulator":{"name":"functions"},"function":{"name":"us-central1-api"},"extension":{},"message":"\u001b[90m> \u001b[39m     param: 'amount',"}}
[info] >      request_log_url: 'https://dashboard.stripe.com/test/logs/req_2UJuwmjlu4ux3s?t=1738587561', {"user":"    request_log_url: 'https://dashboard.stripe.com/test/logs/req_2UJuwmjlu4ux3s?t=1738587561',","metadata":{"emulator":{"name":"functions"},"function":{"name":"us-central1-api"},"extension":{},"message":"\u001b[90m> \u001b[39m     request_log_url: 'https://dashboard.stripe.com/test/logs/req_2UJuwmjlu4ux3s?t=1738587561',"}}
[info] >      type: 'invalid_request_error', {"user":"    type: 'invalid_request_error',","metadata":{"emulator":{"name":"functions"},"function":{"name":"us-central1-api"},"extension":{},"message":"\u001b[90m> \u001b[39m     type: 'invalid_request_error',"}}
[info] >      headers: { {"user":"    headers: {","metadata":{"emulator":{"name":"functions"},"function":{"name":"us-central1-api"},"extension":{},"message":"\u001b[90m> \u001b[39m     headers: {"}}
[info] >        server: 'nginx', {"user":"      server: 'nginx',","metadata":{"emulator":{"name":"functions"},"function":{"name":"us-central1-api"},"extension":{},"message":"\u001b[90m> \u001b[39m       server: 'nginx',"}}
[info] >        date: 'Mon, 03 Feb 2025 12:59:21 GMT', {"user":"      date: 'Mon, 03 Feb 2025 12:59:21 GMT',","metadata":{"emulator":{"name":"functions"},"function":{"name":"us-central1-api"},"extension":{},"message":"\u001b[90m> \u001b[39m       date: 'Mon, 03 Feb 2025 12:59:21 GMT',"}}
[info] >        'content-type': 'application/json', {"user":"      'content-type': 'application/json',","metadata":{"emulator":{"name":"functions"},"function":{"name":"us-central1-api"},"extension":{},"message":"\u001b[90m> \u001b[39m       'content-type': 'application/json',"}}
[info] >        'content-length': '663', {"user":"      'content-length': '663',","metadata":{"emulator":{"name":"functions"},"function":{"name":"us-central1-api"},"extension":{},"message":"\u001b[90m> \u001b[39m       'content-length': '663',"}}
[info] >        connection: 'keep-alive', {"user":"      connection: 'keep-alive',","metadata":{"emulator":{"name":"functions"},"function":{"name":"us-central1-api"},"extension":{},"message":"\u001b[90m> \u001b[39m       connection: 'keep-alive',"}}
[info] >        'access-control-allow-credentials': 'true', {"user":"      'access-control-allow-credentials': 'true',","metadata":{"emulator":{"name":"functions"},"function":{"name":"us-central1-api"},"extension":{},"message":"\u001b[90m> \u001b[39m       'access-control-allow-credentials': 'true',"}}
[info] >        'access-control-allow-methods': 'GET, HEAD, PUT, PATCH, POST, DELETE', {"user":"      'access-control-allow-methods': 'GET, HEAD, PUT, PATCH, POST, DELETE',","metadata":{"emulator":{"name":"functions"},"function":{"name":"us-central1-api"},"extension":{},"message":"\u001b[90m> \u001b[39m       'access-control-allow-methods': 'GET, HEAD, PUT, PATCH, POST, DELETE',"}}
[info] >        'access-control-allow-origin': '*', {"user":"      'access-control-allow-origin': '*',","metadata":{"emulator":{"name":"functions"},"function":{"name":"us-central1-api"},"extension":{},"message":"\u001b[90m> \u001b[39m       'access-control-allow-origin': '*',"}}
[info] >        'access-control-expose-headers': 'Request-Id, Stripe-Manage-Version, Stripe-Should-Retry, X-Stripe-External-Auth-Required, X-Stripe-Privileged-Session-Required', {"user":"      'access-control-expose-headers': 'Request-Id, Stripe-Manage-Version, Stripe-Should-Retry, X-Stripe-External-Auth-Required, X-Stripe-Privileged-Session-Required',","metadata":{"emulator":{"name":"functions"},"function":{"name":"us-central1-api"},"extension":{},"message":"\u001b[90m> \u001b[39m       'access-control-expose-headers': 'Request-Id, Stripe-Manage-Version, Stripe-Should-Retry, X-Stripe-External-Auth-Required, X-Stripe-Privileged-Session-Required',"}}
[info] >        'access-control-max-age': '300', {"user":"      'access-control-max-age': '300',","metadata":{"emulator":{"name":"functions"},"function":{"name":"us-central1-api"},"extension":{},"message":"\u001b[90m> \u001b[39m       'access-control-max-age': '300',"}}
[info] >        'cache-control': 'no-cache, no-store', {"user":"      'cache-control': 'no-cache, no-store',","metadata":{"emulator":{"name":"functions"},"function":{"name":"us-central1-api"},"extension":{},"message":"\u001b[90m> \u001b[39m       'cache-control': 'no-cache, no-store',"}}
[info] >        'content-security-policy': "base-uri 'none'; default-src 'none'; form-action 'none'; frame-ancestors 'none'; img-src 'self'; script-src 'self' 'report-sample'; style-src 'self'; upgrade-insecure-requests; report-uri https://q.stripe.com/csp-violation?q=QloAs-mH-UrZHcjedP8O1JVfjULWPh0i0lRwt8CDGjOdl2KV-BMvEeXm4hd9o8PKpjXDfKtSIQgG9r4u", {"user":"      'content-security-policy': \"base-uri 'none'; default-src 'none'; form-action 'none'; frame-ancestors 'none'; img-src 'self'; script-src 'self' 'report-sample'; style-src 'self'; upgrade-insecure-requests; report-uri https://q.stripe.com/csp-violation?q=QloAs-mH-UrZHcjedP8O1JVfjULWPh0i0lRwt8CDGjOdl2KV-BMvEeXm4hd9o8PKpjXDfKtSIQgG9r4u\",","metadata":{"emulator":{"name":"functions"},"function":{"name":"us-central1-api"},"extension":{},"message":"\u001b[90m> \u001b[39m       'content-security-policy': \"base-uri 'none'; default-src 'none'; form-action 'none'; frame-ancestors 'none'; img-src 'self'; script-src 'self' 'report-sample'; style-src 'self'; upgrade-insecure-requests; report-uri https://q.stripe.com/csp-violation?q=QloAs-mH-UrZHcjedP8O1JVfjULWPh0i0lRwt8CDGjOdl2KV-BMvEeXm4hd9o8PKpjXDfKtSIQgG9r4u\","}}
[info] >        'cross-origin-opener-policy-report-only': 'same-origin; report-to="coop"', {"user":"      'cross-origin-opener-policy-report-only': 'same-origin; report-to=\"coop\"',","metadata":{"emulator":{"name":"functions"},"function":{"name":"us-central1-api"},"extension":{},"message":"\u001b[90m> \u001b[39m       'cross-origin-opener-policy-report-only': 'same-origin; report-to=\"coop\"',"}}
[info] >        'idempotency-key': 'stripe-node-retry-f2cf026e-e97e-42e0-8315-b732f76b4a52', {"user":"      'idempotency-key': 'stripe-node-retry-f2cf026e-e97e-42e0-8315-b732f76b4a52',","metadata":{"emulator":{"name":"functions"},"function":{"name":"us-central1-api"},"extension":{},"message":"\u001b[90m> \u001b[39m       'idempotency-key': 'stripe-node-retry-f2cf026e-e97e-42e0-8315-b732f76b4a52',"}}
[info] >        'original-request': 'req_2UJuwmjlu4ux3s', {"user":"      'original-request': 'req_2UJuwmjlu4ux3s',","metadata":{"emulator":{"name":"functions"},"function":{"name":"us-central1-api"},"extension":{},"message":"\u001b[90m> \u001b[39m       'original-request': 'req_2UJuwmjlu4ux3s',"}}
[info] >        'report-to': '{"group":"coop","max_age":8640,"endpoints":[{"url":"https://q.stripe.com/coop-report"}],"include_subdomains":true}', {"user":"      'report-to': '{\"group\":\"coop\",\"max_age\":8640,\"endpoints\":[{\"url\":\"https://q.stripe.com/coop-report\"}],\"include_subdomains\":true}',","metadata":{"emulator":{"name":"functions"},"function":{"name":"us-central1-api"},"extension":{},"message":"\u001b[90m> \u001b[39m       'report-to': '{\"group\":\"coop\",\"max_age\":8640,\"endpoints\":[{\"url\":\"https://q.stripe.com/coop-report\"}],\"include_subdomains\":true}',"}}
[info] >        'reporting-endpoints': 'coop="https://q.stripe.com/coop-report"', {"user":"      'reporting-endpoints': 'coop=\"https://q.stripe.com/coop-report\"',","metadata":{"emulator":{"name":"functions"},"function":{"name":"us-central1-api"},"extension":{},"message":"\u001b[90m> \u001b[39m       'reporting-endpoints': 'coop=\"https://q.stripe.com/coop-report\"',"}}
[info] >        'request-id': 'req_2UJuwmjlu4ux3s', {"user":"      'request-id': 'req_2UJuwmjlu4ux3s',","metadata":{"emulator":{"name":"functions"},"function":{"name":"us-central1-api"},"extension":{},"message":"\u001b[90m> \u001b[39m       'request-id': 'req_2UJuwmjlu4ux3s',"}}
[info] >        'stripe-version': '2025-01-27.acacia', {"user":"      'stripe-version': '2025-01-27.acacia',","metadata":{"emulator":{"name":"functions"},"function":{"name":"us-central1-api"},"extension":{},"message":"\u001b[90m> \u001b[39m       'stripe-version': '2025-01-27.acacia',"}}
[info] >        vary: 'Origin', {"user":"      vary: 'Origin',","metadata":{"emulator":{"name":"functions"},"function":{"name":"us-central1-api"},"extension":{},"message":"\u001b[90m> \u001b[39m       vary: 'Origin',"}}
[info] >        'x-stripe-priority-routing-enabled': 'true', {"user":"      'x-stripe-priority-routing-enabled': 'true',","metadata":{"emulator":{"name":"functions"},"function":{"name":"us-central1-api"},"extension":{},"message":"\u001b[90m> \u001b[39m       'x-stripe-priority-routing-enabled': 'true',"}}
[info] >        'x-stripe-routing-context-priority-tier': 'api-testmode', {"user":"      'x-stripe-routing-context-priority-tier': 'api-testmode',","metadata":{"emulator":{"name":"functions"},"function":{"name":"us-central1-api"},"extension":{},"message":"\u001b[90m> \u001b[39m       'x-stripe-routing-context-priority-tier': 'api-testmode',"}}
[info] >        'x-wc': 'AB', {"user":"      'x-wc': 'AB',","metadata":{"emulator":{"name":"functions"},"function":{"name":"us-central1-api"},"extension":{},"message":"\u001b[90m> \u001b[39m       'x-wc': 'AB',"}}
[info] >        'strict-transport-security': 'max-age=63072000; includeSubDomains; preload' {"user":"      'strict-transport-security': 'max-age=63072000; includeSubDomains; preload'","metadata":{"emulator":{"name":"functions"},"function":{"name":"us-central1-api"},"extension":{},"message":"\u001b[90m> \u001b[39m       'strict-transport-security': 'max-age=63072000; includeSubDomains; preload'"}}
[info] >      }, {"user":"    },","metadata":{"emulator":{"name":"functions"},"function":{"name":"us-central1-api"},"extension":{},"message":"\u001b[90m> \u001b[39m     },"}}
[info] >      statusCode: 400, {"user":"    statusCode: 400,","metadata":{"emulator":{"name":"functions"},"function":{"name":"us-central1-api"},"extension":{},"message":"\u001b[90m> \u001b[39m     statusCode: 400,"}}
[info] >      requestId: 'req_2UJuwmjlu4ux3s' {"user":"    requestId: 'req_2UJuwmjlu4ux3s'","metadata":{"emulator":{"name":"functions"},"function":{"name":"us-central1-api"},"extension":{},"message":"\u001b[90m> \u001b[39m     requestId: 'req_2UJuwmjlu4ux3s'"}}
[info] >    }, {"user":"  },","metadata":{"emulator":{"name":"functions"},"function":{"name":"us-central1-api"},"extension":{},"message":"\u001b[90m> \u001b[39m   },"}}
[info] >    rawType: 'invalid_request_error', {"user":"  rawType: 'invalid_request_error',","metadata":{"emulator":{"name":"functions"},"function":{"name":"us-central1-api"},"extension":{},"message":"\u001b[90m> \u001b[39m   rawType: 'invalid_request_error',"}}
[info] >    code: 'parameter_invalid_integer', {"user":"  code: 'parameter_invalid_integer',","metadata":{"emulator":{"name":"functions"},"function":{"name":"us-central1-api"},"extension":{},"message":"\u001b[90m> \u001b[39m   code: 'parameter_invalid_integer',"}}
[info] >    doc_url: 'https://stripe.com/docs/error-codes/parameter-invalid-integer', {"user":"  doc_url: 'https://stripe.com/docs/error-codes/parameter-invalid-integer',","metadata":{"emulator":{"name":"functions"},"function":{"name":"us-central1-api"},"extension":{},"message":"\u001b[90m> \u001b[39m   doc_url: 'https://stripe.com/docs/error-codes/parameter-invalid-integer',"}}
[info] >    param: 'amount', {"user":"  param: 'amount',","metadata":{"emulator":{"name":"functions"},"function":{"name":"us-central1-api"},"extension":{},"message":"\u001b[90m> \u001b[39m   param: 'amount',"}}
[info] >    detail: undefined, {"user":"  detail: undefined,","metadata":{"emulator":{"name":"functions"},"function":{"name":"us-central1-api"},"extension":{},"message":"\u001b[90m> \u001b[39m   detail: undefined,"}}
[info] >    headers: { {"user":"  headers: {","metadata":{"emulator":{"name":"functions"},"function":{"name":"us-central1-api"},"extension":{},"message":"\u001b[90m> \u001b[39m   headers: {"}}
[info] >      server: 'nginx', {"user":"    server: 'nginx',","metadata":{"emulator":{"name":"functions"},"function":{"name":"us-central1-api"},"extension":{},"message":"\u001b[90m> \u001b[39m     server: 'nginx',"}}
[info] >      date: 'Mon, 03 Feb 2025 12:59:21 GMT', {"user":"    date: 'Mon, 03 Feb 2025 12:59:21 GMT',","metadata":{"emulator":{"name":"functions"},"function":{"name":"us-central1-api"},"extension":{},"message":"\u001b[90m> \u001b[39m     date: 'Mon, 03 Feb 2025 12:59:21 GMT',"}}
[info] >      'content-type': 'application/json', {"user":"    'content-type': 'application/json',","metadata":{"emulator":{"name":"functions"},"function":{"name":"us-central1-api"},"extension":{},"message":"\u001b[90m> \u001b[39m     'content-type': 'application/json',"}}
[info] >      'content-length': '663', {"user":"    'content-length': '663',","metadata":{"emulator":{"name":"functions"},"function":{"name":"us-central1-api"},"extension":{},"message":"\u001b[90m> \u001b[39m     'content-length': '663',"}}
[info] >      connection: 'keep-alive', {"user":"    connection: 'keep-alive',","metadata":{"emulator":{"name":"functions"},"function":{"name":"us-central1-api"},"extension":{},"message":"\u001b[90m> \u001b[39m     connection: 'keep-alive',"}}
[info] >      'access-control-allow-credentials': 'true', {"user":"    'access-control-allow-credentials': 'true',","metadata":{"emulator":{"name":"functions"},"function":{"name":"us-central1-api"},"extension":{},"message":"\u001b[90m> \u001b[39m     'access-control-allow-credentials': 'true',"}}
[info] >      'access-control-allow-methods': 'GET, HEAD, PUT, PATCH, POST, DELETE', {"user":"    'access-control-allow-methods': 'GET, HEAD, PUT, PATCH, POST, DELETE',","metadata":{"emulator":{"name":"functions"},"function":{"name":"us-central1-api"},"extension":{},"message":"\u001b[90m> \u001b[39m     'access-control-allow-methods': 'GET, HEAD, PUT, PATCH, POST, DELETE',"}}
[info] >      'access-control-allow-origin': '*', {"user":"    'access-control-allow-origin': '*',","metadata":{"emulator":{"name":"functions"},"function":{"name":"us-central1-api"},"extension":{},"message":"\u001b[90m> \u001b[39m     'access-control-allow-origin': '*',"}}
[info] >      'access-control-expose-headers': 'Request-Id, Stripe-Manage-Version, Stripe-Should-Retry, X-Stripe-External-Auth-Required, X-Stripe-Privileged-Session-Required', {"user":"    'access-control-expose-headers': 'Request-Id, Stripe-Manage-Version, Stripe-Should-Retry, X-Stripe-External-Auth-Required, X-Stripe-Privileged-Session-Required',","metadata":{"emulator":{"name":"functions"},"function":{"name":"us-central1-api"},"extension":{},"message":"\u001b[90m> \u001b[39m     'access-control-expose-headers': 'Request-Id, Stripe-Manage-Version, Stripe-Should-Retry, X-Stripe-External-Auth-Required, X-Stripe-Privileged-Session-Required',"}}
[info] >      'access-control-max-age': '300', {"user":"    'access-control-max-age': '300',","metadata":{"emulator":{"name":"functions"},"function":{"name":"us-central1-api"},"extension":{},"message":"\u001b[90m> \u001b[39m     'access-control-max-age': '300',"}}
[info] >      'cache-control': 'no-cache, no-store', {"user":"    'cache-control': 'no-cache, no-store',","metadata":{"emulator":{"name":"functions"},"function":{"name":"us-central1-api"},"extension":{},"message":"\u001b[90m> \u001b[39m     'cache-control': 'no-cache, no-store',"}}
[info] >      'content-security-policy': "base-uri 'none'; default-src 'none'; form-action 'none'; frame-ancestors 'none'; img-src 'self'; script-src 'self' 'report-sample'; style-src 'self'; upgrade-insecure-requests; report-uri https://q.stripe.com/csp-violation?q=QloAs-mH-UrZHcjedP8O1JVfjULWPh0i0lRwt8CDGjOdl2KV-BMvEeXm4hd9o8PKpjXDfKtSIQgG9r4u", {"user":"    'content-security-policy': \"base-uri 'none'; default-src 'none'; form-action 'none'; frame-ancestors 'none'; img-src 'self'; script-src 'self' 'report-sample'; style-src 'self'; upgrade-insecure-requests; report-uri https://q.stripe.com/csp-violation?q=QloAs-mH-UrZHcjedP8O1JVfjULWPh0i0lRwt8CDGjOdl2KV-BMvEeXm4hd9o8PKpjXDfKtSIQgG9r4u\",","metadata":{"emulator":{"name":"functions"},"function":{"name":"us-central1-api"},"extension":{},"message":"\u001b[90m> \u001b[39m     'content-security-policy': \"base-uri 'none'; default-src 'none'; form-action 'none'; frame-ancestors 'none'; img-src 'self'; script-src 'self' 'report-sample'; style-src 'self'; upgrade-insecure-requests; report-uri https://q.stripe.com/csp-violation?q=QloAs-mH-UrZHcjedP8O1JVfjULWPh0i0lRwt8CDGjOdl2KV-BMvEeXm4hd9o8PKpjXDfKtSIQgG9r4u\","}}
[info] >      'cross-origin-opener-policy-report-only': 'same-origin; report-to="coop"', {"user":"    'cross-origin-opener-policy-report-only': 'same-origin; report-to=\"coop\"',","metadata":{"emulator":{"name":"functions"},"function":{"name":"us-central1-api"},"extension":{},"message":"\u001b[90m> \u001b[39m     'cross-origin-opener-policy-report-only': 'same-origin; report-to=\"coop\"',"}}
[info] >      'idempotency-key': 'stripe-node-retry-f2cf026e-e97e-42e0-8315-b732f76b4a52', {"user":"    'idempotency-key': 'stripe-node-retry-f2cf026e-e97e-42e0-8315-b732f76b4a52',","metadata":{"emulator":{"name":"functions"},"function":{"name":"us-central1-api"},"extension":{},"message":"\u001b[90m> \u001b[39m     'idempotency-key': 'stripe-node-retry-f2cf026e-e97e-42e0-8315-b732f76b4a52',"}}
[info] >      'original-request': 'req_2UJuwmjlu4ux3s', {"user":"    'original-request': 'req_2UJuwmjlu4ux3s',","metadata":{"emulator":{"name":"functions"},"function":{"name":"us-central1-api"},"extension":{},"message":"\u001b[90m> \u001b[39m     'original-request': 'req_2UJuwmjlu4ux3s',"}}
[info] >      'report-to': '{"group":"coop","max_age":8640,"endpoints":[{"url":"https://q.stripe.com/coop-report"}],"include_subdomains":true}', {"user":"    'report-to': '{\"group\":\"coop\",\"max_age\":8640,\"endpoints\":[{\"url\":\"https://q.stripe.com/coop-report\"}],\"include_subdomains\":true}',","metadata":{"emulator":{"name":"functions"},"function":{"name":"us-central1-api"},"extension":{},"message":"\u001b[90m> \u001b[39m     'report-to': '{\"group\":\"coop\",\"max_age\":8640,\"endpoints\":[{\"url\":\"https://q.stripe.com/coop-report\"}],\"include_subdomains\":true}',"}}
[info] >      'reporting-endpoints': 'coop="https://q.stripe.com/coop-report"', {"user":"    'reporting-endpoints': 'coop=\"https://q.stripe.com/coop-report\"',","metadata":{"emulator":{"name":"functions"},"function":{"name":"us-central1-api"},"extension":{},"message":"\u001b[90m> \u001b[39m     'reporting-endpoints': 'coop=\"https://q.stripe.com/coop-report\"',"}}
[info] >      'request-id': 'req_2UJuwmjlu4ux3s', {"user":"    'request-id': 'req_2UJuwmjlu4ux3s',","metadata":{"emulator":{"name":"functions"},"function":{"name":"us-central1-api"},"extension":{},"message":"\u001b[90m> \u001b[39m     'request-id': 'req_2UJuwmjlu4ux3s',"}}
[info] >      'stripe-version': '2025-01-27.acacia', {"user":"    'stripe-version': '2025-01-27.acacia',","metadata":{"emulator":{"name":"functions"},"function":{"name":"us-central1-api"},"extension":{},"message":"\u001b[90m> \u001b[39m     'stripe-version': '2025-01-27.acacia',"}}
[info] >      vary: 'Origin', {"user":"    vary: 'Origin',","metadata":{"emulator":{"name":"functions"},"function":{"name":"us-central1-api"},"extension":{},"message":"\u001b[90m> \u001b[39m     vary: 'Origin',"}}
[info] >      'x-stripe-priority-routing-enabled': 'true', {"user":"    'x-stripe-priority-routing-enabled': 'true',","metadata":{"emulator":{"name":"functions"},"function":{"name":"us-central1-api"},"extension":{},"message":"\u001b[90m> \u001b[39m     'x-stripe-priority-routing-enabled': 'true',"}}
[info] >      'x-stripe-routing-context-priority-tier': 'api-testmode', {"user":"    'x-stripe-routing-context-priority-tier': 'api-testmode',","metadata":{"emulator":{"name":"functions"},"function":{"name":"us-central1-api"},"extension":{},"message":"\u001b[90m> \u001b[39m     'x-stripe-routing-context-priority-tier': 'api-testmode',"}}
[info] >      'x-wc': 'AB', {"user":"    'x-wc': 'AB',","metadata":{"emulator":{"name":"functions"},"function":{"name":"us-central1-api"},"extension":{},"message":"\u001b[90m> \u001b[39m     'x-wc': 'AB',"}}
[info] >      'strict-transport-security': 'max-age=63072000; includeSubDomains; preload' {"user":"    'strict-transport-security': 'max-age=63072000; includeSubDomains; preload'","metadata":{"emulator":{"name":"functions"},"function":{"name":"us-central1-api"},"extension":{},"message":"\u001b[90m> \u001b[39m     'strict-transport-security': 'max-age=63072000; includeSubDomains; preload'"}}
[info] >    }, {"user":"  },","metadata":{"emulator":{"name":"functions"},"function":{"name":"us-central1-api"},"extension":{},"message":"\u001b[90m> \u001b[39m   },"}}
[info] >    requestId: 'req_2UJuwmjlu4ux3s', {"user":"  requestId: 'req_2UJuwmjlu4ux3s',","metadata":{"emulator":{"name":"functions"},"function":{"name":"us-central1-api"},"extension":{},"message":"\u001b[90m> \u001b[39m   requestId: 'req_2UJuwmjlu4ux3s',"}}
[info] >    statusCode: 400, {"user":"  statusCode: 400,","metadata":{"emulator":{"name":"functions"},"function":{"name":"us-central1-api"},"extension":{},"message":"\u001b[90m> \u001b[39m   statusCode: 400,"}}
[info] >    userMessage: undefined, {"user":"  userMessage: undefined,","metadata":{"emulator":{"name":"functions"},"function":{"name":"us-central1-api"},"extension":{},"message":"\u001b[90m> \u001b[39m   userMessage: undefined,"}}
[info] >    charge: undefined, {"user":"  charge: undefined,","metadata":{"emulator":{"name":"functions"},"function":{"name":"us-central1-api"},"extension":{},"message":"\u001b[90m> \u001b[39m   charge: undefined,"}}
[info] >    decline_code: undefined, {"user":"  decline_code: undefined,","metadata":{"emulator":{"name":"functions"},"function":{"name":"us-central1-api"},"extension":{},"message":"\u001b[90m> \u001b[39m   decline_code: undefined,"}}
[info] >    payment_intent: undefined, {"user":"  payment_intent: undefined,","metadata":{"emulator":{"name":"functions"},"function":{"name":"us-central1-api"},"extension":{},"message":"\u001b[90m> \u001b[39m   payment_intent: undefined,"}}
[info] >    payment_method: undefined, {"user":"  payment_method: undefined,","metadata":{"emulator":{"name":"functions"},"function":{"name":"us-central1-api"},"extension":{},"message":"\u001b[90m> \u001b[39m   payment_method: undefined,"}}
[info] >    payment_method_type: undefined, {"user":"  payment_method_type: undefined,","metadata":{"emulator":{"name":"functions"},"function":{"name":"us-central1-api"},"extension":{},"message":"\u001b[90m> \u001b[39m   payment_method_type: undefined,"}}
[info] >    setup_intent: undefined, {"user":"  setup_intent: undefined,","metadata":{"emulator":{"name":"functions"},"function":{"name":"us-central1-api"},"extension":{},"message":"\u001b[90m> \u001b[39m   setup_intent: undefined,"}}
[info] >    source: undefined {"user":"  source: undefined","metadata":{"emulator":{"name":"functions"},"function":{"name":"us-central1-api"},"extension":{},"message":"\u001b[90m> \u001b[39m   source: undefined"}}
[info] >  } {"user":"}","metadata":{"emulator":{"name":"functions"},"function":{"name":"us-central1-api"},"extension":{},"message":"\u001b[90m> \u001b[39m }"}}
[debug] [2025-02-03T12:59:21.229Z] Finishing up request with event=pause {"metadata":{"emulator":{"name":"functions"},"function":{"name":"us-central1-api"},"extension":{},"message":"Finishing up request with event=pause"}}
[info] i  functions: Finished "us-central1-api" in 1159.7368999999999ms {"metadata":{"emulator":{"name":"functions"},"function":{"name":"us-central1-api"},"extension":{},"message":"Finished \"us-central1-api\" in 1159.7368999999999ms"}}
[debug] [2025-02-03T12:59:21.232Z] [worker-us-central1-api-46c46e9f-6198-4cfd-b8c5-f3773be7ec15]: IDLE {"metadata":{"emulator":{"name":"functions"},"function":{"name":"us-central1-api"},"extension":{},"message":"[worker-us-central1-api-46c46e9f-6198-4cfd-b8c5-f3773be7ec15]: IDLE"}}
[debug] [2025-02-03T12:59:21.233Z] Finishing up request with event=finish {"metadata":{"emulator":{"name":"functions"},"function":{"name":"us-central1-api"},"extension":{},"message":"Finishing up request with event=finish"}}
[debug] [2025-02-03T12:59:21.233Z] Finishing up request with event=close {"metadata":{"emulator":{"name":"functions"},"function":{"name":"us-central1-api"},"extension":{},"message":"Finishing up request with event=close"}}
[debug] [2025-02-03T12:59:21.234Z] [work-queue] {"queuedWork":[],"queueLength":0,"runningWork":["/novemb-f2496/us-central1/api/payments/create-2025-02-03T12:59:15.102Z"],"workRunningCount":1}
[info] >  Error creating payment intent: StripeInvalidRequestError: The amount must be greater than or equal to the minimum charge amount allowed for your account and the currency set (https://docs.stripe.com/currencies#minimum-and-maximum-charge-amounts).  If you want to save a Payment Method for future use without an immediate payment, use a Setup Intent instead: https://docs.stripe.com/payments/setup-intents {"user":"Error creating payment intent: StripeInvalidRequestError: The amount must be greater than or equal to the minimum charge amount allowed for your account and the currency set (https://docs.stripe.com/currencies#minimum-and-maximum-charge-amounts).  If you want to save a Payment Method for future use without an immediate payment, use a Setup Intent instead: https://docs.stripe.com/payments/setup-intents","metadata":{"emulator":{"name":"functions"},"function":{"name":"us-central1-api"},"extension":{},"message":"\u001b[90m> \u001b[39m Error creating payment intent: StripeInvalidRequestError: The amount must be greater than or equal to the minimum charge amount allowed for your account and the currency set (https://docs.stripe.com/currencies#minimum-and-maximum-charge-amounts).  If you want to save a Payment Method for future use without an immediate payment, use a Setup Intent instead: https://docs.stripe.com/payments/setup-intents"}}
[info] >      at generateV1Error (C:\Users\sata\OneDrive\Desktop\phase-1\phase-5\Amazon-clone-2024\amazon-clone\functions\node_modules\stripe\cjs\Error.js:11:20) {"user":"    at generateV1Error (C:\\Users\\sata\\OneDrive\\Desktop\\phase-1\\phase-5\\Amazon-clone-2024\\amazon-clone\\functions\\node_modules\\stripe\\cjs\\Error.js:11:20)","metadata":{"emulator":{"name":"functions"},"function":{"name":"us-central1-api"},"extension":{},"message":"\u001b[90m> \u001b[39m     at generateV1Error (C:\\Users\\sata\\OneDrive\\Desktop\\phase-1\\phase-5\\Amazon-clone-2024\\amazon-clone\\functions\\node_modules\\stripe\\cjs\\Error.js:11:20)"}}
[info] >      at res.toJSON.then.Error_js_1.StripeAPIError.message (C:\Users\sata\OneDrive\Desktop\phase-1\phase-5\Amazon-clone-2024\amazon-clone\functions\node_modules\stripe\cjs\RequestSender.js:108:62) {"user":"    at res.toJSON.then.Error_js_1.StripeAPIError.message (C:\\Users\\sata\\OneDrive\\Desktop\\phase-1\\phase-5\\Amazon-clone-2024\\amazon-clone\\functions\\node_modules\\stripe\\cjs\\RequestSender.js:108:62)","metadata":{"emulator":{"name":"functions"},"function":{"name":"us-central1-api"},"extension":{},"message":"\u001b[90m> \u001b[39m     at res.toJSON.then.Error_js_1.StripeAPIError.message (C:\\Users\\sata\\OneDrive\\Desktop\\phase-1\\phase-5\\Amazon-clone-2024\\amazon-clone\\functions\\node_modules\\stripe\\cjs\\RequestSender.js:108:62)"}}
[info] >      at process.processTicksAndRejections (node:internal/process/task_queues:95:5) { {"user":"    at process.processTicksAndRejections (node:internal/process/task_queues:95:5) {","metadata":{"emulator":{"name":"functions"},"function":{"name":"us-central1-api"},"extension":{},"message":"\u001b[90m> \u001b[39m     at process.processTicksAndRejections (node:internal/process/task_queues:95:5) {"}}
[info] >    type: 'StripeInvalidRequestError', {"user":"  type: 'StripeInvalidRequestError',","metadata":{"emulator":{"name":"functions"},"function":{"name":"us-central1-api"},"extension":{},"message":"\u001b[90m> \u001b[39m   type: 'StripeInvalidRequestError',"}}
[info] >    raw: { {"user":"  raw: {","metadata":{"emulator":{"name":"functions"},"function":{"name":"us-central1-api"},"extension":{},"message":"\u001b[90m> \u001b[39m   raw: {"}}
[info] >      code: 'parameter_invalid_integer', {"user":"    code: 'parameter_invalid_integer',","metadata":{"emulator":{"name":"functions"},"function":{"name":"us-central1-api"},"extension":{},"message":"\u001b[90m> \u001b[39m     code: 'parameter_invalid_integer',"}}
[info] >      doc_url: 'https://stripe.com/docs/error-codes/parameter-invalid-integer', {"user":"    doc_url: 'https://stripe.com/docs/error-codes/parameter-invalid-integer',","metadata":{"emulator":{"name":"functions"},"function":{"name":"us-central1-api"},"extension":{},"message":"\u001b[90m> \u001b[39m     doc_url: 'https://stripe.com/docs/error-codes/parameter-invalid-integer',"}}
[info] >      message: 'The amount must be greater than or equal to the minimum charge amount allowed for your account and the currency set (https://docs.stripe.com/currencies#minimum-and-maximum-charge-amounts).  If you want to save a Payment Method for future use without an immediate payment, use a Setup Intent instead: https://docs.stripe.com/payments/setup-intents', {"user":"    message: 'The amount must be greater than or equal to the minimum charge amount allowed for your account and the currency set (https://docs.stripe.com/currencies#minimum-and-maximum-charge-amounts).  If you want to save a Payment Method for future use without an immediate payment, use a Setup Intent instead: https://docs.stripe.com/payments/setup-intents',","metadata":{"emulator":{"name":"functions"},"function":{"name":"us-central1-api"},"extension":{},"message":"\u001b[90m> \u001b[39m     message: 'The amount must be greater than or equal to the minimum charge amount allowed for your account and the currency set (https://docs.stripe.com/currencies#minimum-and-maximum-charge-amounts).  If you want to save a Payment Method for future use without an immediate payment, use a Setup Intent instead: https://docs.stripe.com/payments/setup-intents',"}}
[info] >      param: 'amount', {"user":"    param: 'amount',","metadata":{"emulator":{"name":"functions"},"function":{"name":"us-central1-api"},"extension":{},"message":"\u001b[90m> \u001b[39m     param: 'amount',"}}
[info] >      request_log_url: 'https://dashboard.stripe.com/test/logs/req_1Sgr9yeXyR9ILC?t=1738587561', {"user":"    request_log_url: 'https://dashboard.stripe.com/test/logs/req_1Sgr9yeXyR9ILC?t=1738587561',","metadata":{"emulator":{"name":"functions"},"function":{"name":"us-central1-api"},"extension":{},"message":"\u001b[90m> \u001b[39m     request_log_url: 'https://dashboard.stripe.com/test/logs/req_1Sgr9yeXyR9ILC?t=1738587561',"}}
[info] >      type: 'invalid_request_error', {"user":"    type: 'invalid_request_error',","metadata":{"emulator":{"name":"functions"},"function":{"name":"us-central1-api"},"extension":{},"message":"\u001b[90m> \u001b[39m     type: 'invalid_request_error',"}}
[info] >      headers: { {"user":"    headers: {","metadata":{"emulator":{"name":"functions"},"function":{"name":"us-central1-api"},"extension":{},"message":"\u001b[90m> \u001b[39m     headers: {"}}
[info] >        server: 'nginx', {"user":"      server: 'nginx',","metadata":{"emulator":{"name":"functions"},"function":{"name":"us-central1-api"},"extension":{},"message":"\u001b[90m> \u001b[39m       server: 'nginx',"}}
[info] >        date: 'Mon, 03 Feb 2025 12:59:21 GMT', {"user":"      date: 'Mon, 03 Feb 2025 12:59:21 GMT',","metadata":{"emulator":{"name":"functions"},"function":{"name":"us-central1-api"},"extension":{},"message":"\u001b[90m> \u001b[39m       date: 'Mon, 03 Feb 2025 12:59:21 GMT',"}}
[info] >        'content-type': 'application/json', {"user":"      'content-type': 'application/json',","metadata":{"emulator":{"name":"functions"},"function":{"name":"us-central1-api"},"extension":{},"message":"\u001b[90m> \u001b[39m       'content-type': 'application/json',"}}
[info] >        'content-length': '663', {"user":"      'content-length': '663',","metadata":{"emulator":{"name":"functions"},"function":{"name":"us-central1-api"},"extension":{},"message":"\u001b[90m> \u001b[39m       'content-length': '663',"}}
[info] >        connection: 'keep-alive', {"user":"      connection: 'keep-alive',","metadata":{"emulator":{"name":"functions"},"function":{"name":"us-central1-api"},"extension":{},"message":"\u001b[90m> \u001b[39m       connection: 'keep-alive',"}}
[info] >        'access-control-allow-credentials': 'true', {"user":"      'access-control-allow-credentials': 'true',","metadata":{"emulator":{"name":"functions"},"function":{"name":"us-central1-api"},"extension":{},"message":"\u001b[90m> \u001b[39m       'access-control-allow-credentials': 'true',"}}
[info] >        'access-control-allow-methods': 'GET, HEAD, PUT, PATCH, POST, DELETE', {"user":"      'access-control-allow-methods': 'GET, HEAD, PUT, PATCH, POST, DELETE',","metadata":{"emulator":{"name":"functions"},"function":{"name":"us-central1-api"},"extension":{},"message":"\u001b[90m> \u001b[39m       'access-control-allow-methods': 'GET, HEAD, PUT, PATCH, POST, DELETE',"}}
[info] >        'access-control-allow-origin': '*', {"user":"      'access-control-allow-origin': '*',","metadata":{"emulator":{"name":"functions"},"function":{"name":"us-central1-api"},"extension":{},"message":"\u001b[90m> \u001b[39m       'access-control-allow-origin': '*',"}}
[info] >        'access-control-expose-headers': 'Request-Id, Stripe-Manage-Version, Stripe-Should-Retry, X-Stripe-External-Auth-Required, X-Stripe-Privileged-Session-Required', {"user":"      'access-control-expose-headers': 'Request-Id, Stripe-Manage-Version, Stripe-Should-Retry, X-Stripe-External-Auth-Required, X-Stripe-Privileged-Session-Required',","metadata":{"emulator":{"name":"functions"},"function":{"name":"us-central1-api"},"extension":{},"message":"\u001b[90m> \u001b[39m       'access-control-expose-headers': 'Request-Id, Stripe-Manage-Version, Stripe-Should-Retry, X-Stripe-External-Auth-Required, X-Stripe-Privileged-Session-Required',"}}
[info] >        'access-control-max-age': '300', {"user":"      'access-control-max-age': '300',","metadata":{"emulator":{"name":"functions"},"function":{"name":"us-central1-api"},"extension":{},"message":"\u001b[90m> \u001b[39m       'access-control-max-age': '300',"}}
[info] >        'cache-control': 'no-cache, no-store', {"user":"      'cache-control': 'no-cache, no-store',","metadata":{"emulator":{"name":"functions"},"function":{"name":"us-central1-api"},"extension":{},"message":"\u001b[90m> \u001b[39m       'cache-control': 'no-cache, no-store',"}}
[info] >        'content-security-policy': "base-uri 'none'; default-src 'none'; form-action 'none'; frame-ancestors 'none'; img-src 'self'; script-src 'self' 'report-sample'; style-src 'self'; upgrade-insecure-requests; report-uri https://q.stripe.com/csp-violation?q=tSWP1uXGIHaeSjcQXlEBBIPFF-Ea-hd4H-gJWmtywOCjAmeNipOjiuceBcW_ATyxh31_zpwkA5cT-lua", {"user":"      'content-security-policy': \"base-uri 'none'; default-src 'none'; form-action 'none'; frame-ancestors 'none'; img-src 'self'; script-src 'self' 'report-sample'; style-src 'self'; upgrade-insecure-requests; report-uri https://q.stripe.com/csp-violation?q=tSWP1uXGIHaeSjcQXlEBBIPFF-Ea-hd4H-gJWmtywOCjAmeNipOjiuceBcW_ATyxh31_zpwkA5cT-lua\",","metadata":{"emulator":{"name":"functions"},"function":{"name":"us-central1-api"},"extension":{},"message":"\u001b[90m> \u001b[39m       'content-security-policy': \"base-uri 'none'; default-src 'none'; form-action 'none'; frame-ancestors 'none'; img-src 'self'; script-src 'self' 'report-sample'; style-src 'self'; upgrade-insecure-requests; report-uri https://q.stripe.com/csp-violation?q=tSWP1uXGIHaeSjcQXlEBBIPFF-Ea-hd4H-gJWmtywOCjAmeNipOjiuceBcW_ATyxh31_zpwkA5cT-lua\","}}
[info] >        'cross-origin-opener-policy-report-only': 'same-origin; report-to="coop"', {"user":"      'cross-origin-opener-policy-report-only': 'same-origin; report-to=\"coop\"',","metadata":{"emulator":{"name":"functions"},"function":{"name":"us-central1-api"},"extension":{},"message":"\u001b[90m> \u001b[39m       'cross-origin-opener-policy-report-only': 'same-origin; report-to=\"coop\"',"}}
[info] >        'idempotency-key': 'stripe-node-retry-268e5c80-f519-4058-b1b5-d2f295c492bb', {"user":"      'idempotency-key': 'stripe-node-retry-268e5c80-f519-4058-b1b5-d2f295c492bb',","metadata":{"emulator":{"name":"functions"},"function":{"name":"us-central1-api"},"extension":{},"message":"\u001b[90m> \u001b[39m       'idempotency-key': 'stripe-node-retry-268e5c80-f519-4058-b1b5-d2f295c492bb',"}}
[info] >        'original-request': 'req_1Sgr9yeXyR9ILC', {"user":"      'original-request': 'req_1Sgr9yeXyR9ILC',","metadata":{"emulator":{"name":"functions"},"function":{"name":"us-central1-api"},"extension":{},"message":"\u001b[90m> \u001b[39m       'original-request': 'req_1Sgr9yeXyR9ILC',"}}
[info] >        'report-to': '{"group":"coop","max_age":8640,"endpoints":[{"url":"https://q.stripe.com/coop-report"}],"include_subdomains":true}', {"user":"      'report-to': '{\"group\":\"coop\",\"max_age\":8640,\"endpoints\":[{\"url\":\"https://q.stripe.com/coop-report\"}],\"include_subdomains\":true}',","metadata":{"emulator":{"name":"functions"},"function":{"name":"us-central1-api"},"extension":{},"message":"\u001b[90m> \u001b[39m       'report-to': '{\"group\":\"coop\",\"max_age\":8640,\"endpoints\":[{\"url\":\"https://q.stripe.com/coop-report\"}],\"include_subdomains\":true}',"}}
[info] >        'reporting-endpoints': 'coop="https://q.stripe.com/coop-report"', {"user":"      'reporting-endpoints': 'coop=\"https://q.stripe.com/coop-report\"',","metadata":{"emulator":{"name":"functions"},"function":{"name":"us-central1-api"},"extension":{},"message":"\u001b[90m> \u001b[39m       'reporting-endpoints': 'coop=\"https://q.stripe.com/coop-report\"',"}}
[info] >        'request-id': 'req_1Sgr9yeXyR9ILC', {"user":"      'request-id': 'req_1Sgr9yeXyR9ILC',","metadata":{"emulator":{"name":"functions"},"function":{"name":"us-central1-api"},"extension":{},"message":"\u001b[90m> \u001b[39m       'request-id': 'req_1Sgr9yeXyR9ILC',"}}
[info] >        'stripe-version': '2025-01-27.acacia', {"user":"      'stripe-version': '2025-01-27.acacia',","metadata":{"emulator":{"name":"functions"},"function":{"name":"us-central1-api"},"extension":{},"message":"\u001b[90m> \u001b[39m       'stripe-version': '2025-01-27.acacia',"}}
[info] >        vary: 'Origin', {"user":"      vary: 'Origin',","metadata":{"emulator":{"name":"functions"},"function":{"name":"us-central1-api"},"extension":{},"message":"\u001b[90m> \u001b[39m       vary: 'Origin',"}}
[info] >        'x-stripe-priority-routing-enabled': 'true', {"user":"      'x-stripe-priority-routing-enabled': 'true',","metadata":{"emulator":{"name":"functions"},"function":{"name":"us-central1-api"},"extension":{},"message":"\u001b[90m> \u001b[39m       'x-stripe-priority-routing-enabled': 'true',"}}
[info] >        'x-stripe-routing-context-priority-tier': 'api-testmode', {"user":"      'x-stripe-routing-context-priority-tier': 'api-testmode',","metadata":{"emulator":{"name":"functions"},"function":{"name":"us-central1-api"},"extension":{},"message":"\u001b[90m> \u001b[39m       'x-stripe-routing-context-priority-tier': 'api-testmode',"}}
[info] >        'x-wc': 'AB', {"user":"      'x-wc': 'AB',","metadata":{"emulator":{"name":"functions"},"function":{"name":"us-central1-api"},"extension":{},"message":"\u001b[90m> \u001b[39m       'x-wc': 'AB',"}}
[info] >        'strict-transport-security': 'max-age=63072000; includeSubDomains; preload' {"user":"      'strict-transport-security': 'max-age=63072000; includeSubDomains; preload'","metadata":{"emulator":{"name":"functions"},"function":{"name":"us-central1-api"},"extension":{},"message":"\u001b[90m> \u001b[39m       'strict-transport-security': 'max-age=63072000; includeSubDomains; preload'"}}
[info] >      }, {"user":"    },","metadata":{"emulator":{"name":"functions"},"function":{"name":"us-central1-api"},"extension":{},"message":"\u001b[90m> \u001b[39m     },"}}
[info] >      statusCode: 400, {"user":"    statusCode: 400,","metadata":{"emulator":{"name":"functions"},"function":{"name":"us-central1-api"},"extension":{},"message":"\u001b[90m> \u001b[39m     statusCode: 400,"}}
[info] >      requestId: 'req_1Sgr9yeXyR9ILC' {"user":"    requestId: 'req_1Sgr9yeXyR9ILC'","metadata":{"emulator":{"name":"functions"},"function":{"name":"us-central1-api"},"extension":{},"message":"\u001b[90m> \u001b[39m     requestId: 'req_1Sgr9yeXyR9ILC'"}}
[info] >    }, {"user":"  },","metadata":{"emulator":{"name":"functions"},"function":{"name":"us-central1-api"},"extension":{},"message":"\u001b[90m> \u001b[39m   },"}}
[info] >    rawType: 'invalid_request_error', {"user":"  rawType: 'invalid_request_error',","metadata":{"emulator":{"name":"functions"},"function":{"name":"us-central1-api"},"extension":{},"message":"\u001b[90m> \u001b[39m   rawType: 'invalid_request_error',"}}
[info] >    code: 'parameter_invalid_integer', {"user":"  code: 'parameter_invalid_integer',","metadata":{"emulator":{"name":"functions"},"function":{"name":"us-central1-api"},"extension":{},"message":"\u001b[90m> \u001b[39m   code: 'parameter_invalid_integer',"}}
[info] >    doc_url: 'https://stripe.com/docs/error-codes/parameter-invalid-integer', {"user":"  doc_url: 'https://stripe.com/docs/error-codes/parameter-invalid-integer',","metadata":{"emulator":{"name":"functions"},"function":{"name":"us-central1-api"},"extension":{},"message":"\u001b[90m> \u001b[39m   doc_url: 'https://stripe.com/docs/error-codes/parameter-invalid-integer',"}}
[info] >    param: 'amount', {"user":"  param: 'amount',","metadata":{"emulator":{"name":"functions"},"function":{"name":"us-central1-api"},"extension":{},"message":"\u001b[90m> \u001b[39m   param: 'amount',"}}
[info] >    detail: undefined, {"user":"  detail: undefined,","metadata":{"emulator":{"name":"functions"},"function":{"name":"us-central1-api"},"extension":{},"message":"\u001b[90m> \u001b[39m   detail: undefined,"}}
[info] >    headers: { {"user":"  headers: {","metadata":{"emulator":{"name":"functions"},"function":{"name":"us-central1-api"},"extension":{},"message":"\u001b[90m> \u001b[39m   headers: {"}}
[info] >      server: 'nginx', {"user":"    server: 'nginx',","metadata":{"emulator":{"name":"functions"},"function":{"name":"us-central1-api"},"extension":{},"message":"\u001b[90m> \u001b[39m     server: 'nginx',"}}
[info] >      date: 'Mon, 03 Feb 2025 12:59:21 GMT', {"user":"    date: 'Mon, 03 Feb 2025 12:59:21 GMT',","metadata":{"emulator":{"name":"functions"},"function":{"name":"us-central1-api"},"extension":{},"message":"\u001b[90m> \u001b[39m     date: 'Mon, 03 Feb 2025 12:59:21 GMT',"}}
[info] >      'content-type': 'application/json', {"user":"    'content-type': 'application/json',","metadata":{"emulator":{"name":"functions"},"function":{"name":"us-central1-api"},"extension":{},"message":"\u001b[90m> \u001b[39m     'content-type': 'application/json',"}}
[info] >      'content-length': '663', {"user":"    'content-length': '663',","metadata":{"emulator":{"name":"functions"},"function":{"name":"us-central1-api"},"extension":{},"message":"\u001b[90m> \u001b[39m     'content-length': '663',"}}
[info] >      connection: 'keep-alive', {"user":"    connection: 'keep-alive',","metadata":{"emulator":{"name":"functions"},"function":{"name":"us-central1-api"},"extension":{},"message":"\u001b[90m> \u001b[39m     connection: 'keep-alive',"}}
[info] >      'access-control-allow-credentials': 'true', {"user":"    'access-control-allow-credentials': 'true',","metadata":{"emulator":{"name":"functions"},"function":{"name":"us-central1-api"},"extension":{},"message":"\u001b[90m> \u001b[39m     'access-control-allow-credentials': 'true',"}}
[info] >      'access-control-allow-methods': 'GET, HEAD, PUT, PATCH, POST, DELETE', {"user":"    'access-control-allow-methods': 'GET, HEAD, PUT, PATCH, POST, DELETE',","metadata":{"emulator":{"name":"functions"},"function":{"name":"us-central1-api"},"extension":{},"message":"\u001b[90m> \u001b[39m     'access-control-allow-methods': 'GET, HEAD, PUT, PATCH, POST, DELETE',"}}
[info] >      'access-control-allow-origin': '*', {"user":"    'access-control-allow-origin': '*',","metadata":{"emulator":{"name":"functions"},"function":{"name":"us-central1-api"},"extension":{},"message":"\u001b[90m> \u001b[39m     'access-control-allow-origin': '*',"}}
[info] >      'access-control-expose-headers': 'Request-Id, Stripe-Manage-Version, Stripe-Should-Retry, X-Stripe-External-Auth-Required, X-Stripe-Privileged-Session-Required', {"user":"    'access-control-expose-headers': 'Request-Id, Stripe-Manage-Version, Stripe-Should-Retry, X-Stripe-External-Auth-Required, X-Stripe-Privileged-Session-Required',","metadata":{"emulator":{"name":"functions"},"function":{"name":"us-central1-api"},"extension":{},"message":"\u001b[90m> \u001b[39m     'access-control-expose-headers': 'Request-Id, Stripe-Manage-Version, Stripe-Should-Retry, X-Stripe-External-Auth-Required, X-Stripe-Privileged-Session-Required',"}}
[info] >      'access-control-max-age': '300', {"user":"    'access-control-max-age': '300',","metadata":{"emulator":{"name":"functions"},"function":{"name":"us-central1-api"},"extension":{},"message":"\u001b[90m> \u001b[39m     'access-control-max-age': '300',"}}
[info] >      'cache-control': 'no-cache, no-store', {"user":"    'cache-control': 'no-cache, no-store',","metadata":{"emulator":{"name":"functions"},"function":{"name":"us-central1-api"},"extension":{},"message":"\u001b[90m> \u001b[39m     'cache-control': 'no-cache, no-store',"}}
[info] >      'content-security-policy': "base-uri 'none'; default-src 'none'; form-action 'none'; frame-ancestors 'none'; img-src 'self'; script-src 'self' 'report-sample'; style-src 'self'; upgrade-insecure-requests; report-uri https://q.stripe.com/csp-violation?q=tSWP1uXGIHaeSjcQXlEBBIPFF-Ea-hd4H-gJWmtywOCjAmeNipOjiuceBcW_ATyxh31_zpwkA5cT-lua", {"user":"    'content-security-policy': \"base-uri 'none'; default-src 'none'; form-action 'none'; frame-ancestors 'none'; img-src 'self'; script-src 'self' 'report-sample'; style-src 'self'; upgrade-insecure-requests; report-uri https://q.stripe.com/csp-violation?q=tSWP1uXGIHaeSjcQXlEBBIPFF-Ea-hd4H-gJWmtywOCjAmeNipOjiuceBcW_ATyxh31_zpwkA5cT-lua\",","metadata":{"emulator":{"name":"functions"},"function":{"name":"us-central1-api"},"extension":{},"message":"\u001b[90m> \u001b[39m     'content-security-policy': \"base-uri 'none'; default-src 'none'; form-action 'none'; frame-ancestors 'none'; img-src 'self'; script-src 'self' 'report-sample'; style-src 'self'; upgrade-insecure-requests; report-uri https://q.stripe.com/csp-violation?q=tSWP1uXGIHaeSjcQXlEBBIPFF-Ea-hd4H-gJWmtywOCjAmeNipOjiuceBcW_ATyxh31_zpwkA5cT-lua\","}}
[info] >      'cross-origin-opener-policy-report-only': 'same-origin; report-to="coop"', {"user":"    'cross-origin-opener-policy-report-only': 'same-origin; report-to=\"coop\"',","metadata":{"emulator":{"name":"functions"},"function":{"name":"us-central1-api"},"extension":{},"message":"\u001b[90m> \u001b[39m     'cross-origin-opener-policy-report-only': 'same-origin; report-to=\"coop\"',"}}
[info] >      'idempotency-key': 'stripe-node-retry-268e5c80-f519-4058-b1b5-d2f295c492bb', {"user":"    'idempotency-key': 'stripe-node-retry-268e5c80-f519-4058-b1b5-d2f295c492bb',","metadata":{"emulator":{"name":"functions"},"function":{"name":"us-central1-api"},"extension":{},"message":"\u001b[90m> \u001b[39m     'idempotency-key': 'stripe-node-retry-268e5c80-f519-4058-b1b5-d2f295c492bb',"}}
[info] >      'original-request': 'req_1Sgr9yeXyR9ILC', {"user":"    'original-request': 'req_1Sgr9yeXyR9ILC',","metadata":{"emulator":{"name":"functions"},"function":{"name":"us-central1-api"},"extension":{},"message":"\u001b[90m> \u001b[39m     'original-request': 'req_1Sgr9yeXyR9ILC',"}}
[info] >      'report-to': '{"group":"coop","max_age":8640,"endpoints":[{"url":"https://q.stripe.com/coop-report"}],"include_subdomains":true}', {"user":"    'report-to': '{\"group\":\"coop\",\"max_age\":8640,\"endpoints\":[{\"url\":\"https://q.stripe.com/coop-report\"}],\"include_subdomains\":true}',","metadata":{"emulator":{"name":"functions"},"function":{"name":"us-central1-api"},"extension":{},"message":"\u001b[90m> \u001b[39m     'report-to': '{\"group\":\"coop\",\"max_age\":8640,\"endpoints\":[{\"url\":\"https://q.stripe.com/coop-report\"}],\"include_subdomains\":true}',"}}
[info] >      'reporting-endpoints': 'coop="https://q.stripe.com/coop-report"', {"user":"    'reporting-endpoints': 'coop=\"https://q.stripe.com/coop-report\"',","metadata":{"emulator":{"name":"functions"},"function":{"name":"us-central1-api"},"extension":{},"message":"\u001b[90m> \u001b[39m     'reporting-endpoints': 'coop=\"https://q.stripe.com/coop-report\"',"}}
[info] >      'request-id': 'req_1Sgr9yeXyR9ILC', {"user":"    'request-id': 'req_1Sgr9yeXyR9ILC',","metadata":{"emulator":{"name":"functions"},"function":{"name":"us-central1-api"},"extension":{},"message":"\u001b[90m> \u001b[39m     'request-id': 'req_1Sgr9yeXyR9ILC',"}}
[info] >      'stripe-version': '2025-01-27.acacia', {"user":"    'stripe-version': '2025-01-27.acacia',","metadata":{"emulator":{"name":"functions"},"function":{"name":"us-central1-api"},"extension":{},"message":"\u001b[90m> \u001b[39m     'stripe-version': '2025-01-27.acacia',"}}
[info] >      vary: 'Origin', {"user":"    vary: 'Origin',","metadata":{"emulator":{"name":"functions"},"function":{"name":"us-central1-api"},"extension":{},"message":"\u001b[90m> \u001b[39m     vary: 'Origin',"}}
[info] >      'x-stripe-priority-routing-enabled': 'true', {"user":"    'x-stripe-priority-routing-enabled': 'true',","metadata":{"emulator":{"name":"functions"},"function":{"name":"us-central1-api"},"extension":{},"message":"\u001b[90m> \u001b[39m     'x-stripe-priority-routing-enabled': 'true',"}}
[info] >      'x-stripe-routing-context-priority-tier': 'api-testmode', {"user":"    'x-stripe-routing-context-priority-tier': 'api-testmode',","metadata":{"emulator":{"name":"functions"},"function":{"name":"us-central1-api"},"extension":{},"message":"\u001b[90m> \u001b[39m     'x-stripe-routing-context-priority-tier': 'api-testmode',"}}
[info] >      'x-wc': 'AB', {"user":"    'x-wc': 'AB',","metadata":{"emulator":{"name":"functions"},"function":{"name":"us-central1-api"},"extension":{},"message":"\u001b[90m> \u001b[39m     'x-wc': 'AB',"}}
[info] >      'strict-transport-security': 'max-age=63072000; includeSubDomains; preload' {"user":"    'strict-transport-security': 'max-age=63072000; includeSubDomains; preload'","metadata":{"emulator":{"name":"functions"},"function":{"name":"us-central1-api"},"extension":{},"message":"\u001b[90m> \u001b[39m     'strict-transport-security': 'max-age=63072000; includeSubDomains; preload'"}}
[info] >    }, {"user":"  },","metadata":{"emulator":{"name":"functions"},"function":{"name":"us-central1-api"},"extension":{},"message":"\u001b[90m> \u001b[39m   },"}}
[info] >    requestId: 'req_1Sgr9yeXyR9ILC', {"user":"  requestId: 'req_1Sgr9yeXyR9ILC',","metadata":{"emulator":{"name":"functions"},"function":{"name":"us-central1-api"},"extension":{},"message":"\u001b[90m> \u001b[39m   requestId: 'req_1Sgr9yeXyR9ILC',"}}
[info] >    statusCode: 400, {"user":"  statusCode: 400,","metadata":{"emulator":{"name":"functions"},"function":{"name":"us-central1-api"},"extension":{},"message":"\u001b[90m> \u001b[39m   statusCode: 400,"}}
[info] >    userMessage: undefined, {"user":"  userMessage: undefined,","metadata":{"emulator":{"name":"functions"},"function":{"name":"us-central1-api"},"extension":{},"message":"\u001b[90m> \u001b[39m   userMessage: undefined,"}}
[info] >    charge: undefined, {"user":"  charge: undefined,","metadata":{"emulator":{"name":"functions"},"function":{"name":"us-central1-api"},"extension":{},"message":"\u001b[90m> \u001b[39m   charge: undefined,"}}
[info] >    decline_code: undefined, {"user":"  decline_code: undefined,","metadata":{"emulator":{"name":"functions"},"function":{"name":"us-central1-api"},"extension":{},"message":"\u001b[90m> \u001b[39m   decline_code: undefined,"}}
[info] >    payment_intent: undefined, {"user":"  payment_intent: undefined,","metadata":{"emulator":{"name":"functions"},"function":{"name":"us-central1-api"},"extension":{},"message":"\u001b[90m> \u001b[39m   payment_intent: undefined,"}}
[info] >    payment_method: undefined, {"user":"  payment_method: undefined,","metadata":{"emulator":{"name":"functions"},"function":{"name":"us-central1-api"},"extension":{},"message":"\u001b[90m> \u001b[39m   payment_method: undefined,"}}
[info] >    payment_method_type: undefined, {"user":"  payment_method_type: undefined,","metadata":{"emulator":{"name":"functions"},"function":{"name":"us-central1-api"},"extension":{},"message":"\u001b[90m> \u001b[39m   payment_method_type: undefined,"}}
[info] >    setup_intent: undefined, {"user":"  setup_intent: undefined,","metadata":{"emulator":{"name":"functions"},"function":{"name":"us-central1-api"},"extension":{},"message":"\u001b[90m> \u001b[39m   setup_intent: undefined,"}}
[info] >    source: undefined {"user":"  source: undefined","metadata":{"emulator":{"name":"functions"},"function":{"name":"us-central1-api"},"extension":{},"message":"\u001b[90m> \u001b[39m   source: undefined"}}
[info] >  } {"user":"}","metadata":{"emulator":{"name":"functions"},"function":{"name":"us-central1-api"},"extension":{},"message":"\u001b[90m> \u001b[39m }"}}
[debug] [2025-02-03T12:59:21.444Z] Finishing up request with event=pause {"metadata":{"emulator":{"name":"functions"},"function":{"name":"us-central1-api"},"extension":{},"message":"Finishing up request with event=pause"}}
[info] i  functions: Finished "us-central1-api" in 1353.2313ms {"metadata":{"emulator":{"name":"functions"},"function":{"name":"us-central1-api"},"extension":{},"message":"Finished \"us-central1-api\" in 1353.2313ms"}}
[debug] [2025-02-03T12:59:21.444Z] [worker-us-central1-api-4f3be63b-5384-44cc-acdc-64e7bc891737]: IDLE {"metadata":{"emulator":{"name":"functions"},"function":{"name":"us-central1-api"},"extension":{},"message":"[worker-us-central1-api-4f3be63b-5384-44cc-acdc-64e7bc891737]: IDLE"}}
[debug] [2025-02-03T12:59:21.445Z] Finishing up request with event=finish {"metadata":{"emulator":{"name":"functions"},"function":{"name":"us-central1-api"},"extension":{},"message":"Finishing up request with event=finish"}}
[debug] [2025-02-03T12:59:21.445Z] Finishing up request with event=close {"metadata":{"emulator":{"name":"functions"},"function":{"name":"us-central1-api"},"extension":{},"message":"Finishing up request with event=close"}}
[debug] [2025-02-03T12:59:21.445Z] [work-queue] {"queuedWork":[],"queueLength":0,"runningWork":[],"workRunningCount":0}
[debug] [2025-02-03T12:59:53.865Z] File C:\Users\sata\OneDrive\Desktop\phase-1\phase-5\Amazon-clone-2024\amazon-clone\functions\index.js changed, reloading triggers {"metadata":{"emulator":{"name":"functions"},"message":"File C:\\Users\\sata\\OneDrive\\Desktop\\phase-1\\phase-5\\Amazon-clone-2024\\amazon-clone\\functions\\index.js changed, reloading triggers"}}
[debug] [2025-02-03T12:59:54.869Z] Validating nodejs source
[debug] [2025-02-03T12:59:58.311Z] > [functions] package.json contents: {
  "name": "functions",
  "description": "Cloud Functions for Firebase",
  "scripts": {
    "serve": "firebase emulators:start --only functions",
    "shell": "firebase functions:shell",
    "start": "npm run shell",
    "deploy": "firebase deploy --only functions",
    "logs": "firebase functions:log"
  },
  "engines": {
    "node": "18"
  },
  "main": "index.js",
  "dependencies": {
    "cors": "^2.8.5",
    "express": "^4.21.2",
    "firebase-admin": "^12.6.0",
    "firebase-functions": "^6.0.1",
    "stripe": "^17.6.0"
  },
  "devDependencies": {
    "firebase-functions-test": "^3.1.0"
  },
  "private": true
}
[debug] [2025-02-03T12:59:58.312Z] Building nodejs source
[debug] [2025-02-03T12:59:58.313Z] Failed to find version of module node: reached end of search path C:\Users\sata\OneDrive\Desktop\phase-1\phase-5\Amazon-clone-2024\amazon-clone\functions\node_modules
[warn] !  functions: Your requested "node" version "18" doesn't match your global version "20". Using node@20 from host. 
[debug] [2025-02-03T12:59:58.320Z] Could not find functions.yaml. Must use http discovery
[debug] [2025-02-03T12:59:58.363Z] Found firebase-functions binary at 'C:\Users\sata\OneDrive\Desktop\phase-1\phase-5\Amazon-clone-2024\amazon-clone\functions\node_modules\.bin\firebase-functions'
[info] Serving at port 8390

[debug] [2025-02-03T13:00:00.268Z] Got response from /__/functions.yaml {"endpoints":{"api":{"availableMemoryMb":null,"timeoutSeconds":null,"minInstances":null,"maxInstances":null,"ingressSettings":null,"concurrency":null,"serviceAccountEmail":null,"vpc":null,"platform":"gcfv2","labels":{},"httpsTrigger":{},"entryPoint":"api"}},"specVersion":"v1alpha1","requiredAPIs":[],"extensions":{}}
[debug] [2025-02-03T13:00:05.396Z] defaultcredentials: writing to file C:\Users\sata\AppData\Roaming\firebase\ritaayalew6_gmail_com_application_default_credentials.json
[debug] [2025-02-03T13:00:05.402Z] Setting GAC to C:\Users\sata\AppData\Roaming\firebase\ritaayalew6_gmail_com_application_default_credentials.json {"metadata":{"emulator":{"name":"functions"},"message":"Setting GAC to C:\\Users\\sata\\AppData\\Roaming\\firebase\\ritaayalew6_gmail_com_application_default_credentials.json"}}
[info] +  functions: Loaded functions definitions from source: api. {"metadata":{"emulator":{"name":"functions"},"message":"Loaded functions definitions from source: api."}}
[debug] [2025-02-03T13:00:05.405Z] [worker-pool] Shutting down IDLE worker (us-central1-api) {"metadata":{"emulator":{"name":"functions"},"message":"[worker-pool] Shutting down IDLE worker (us-central1-api)"}}
[debug] [2025-02-03T13:00:05.405Z] [worker-us-central1-api-46c46e9f-6198-4cfd-b8c5-f3773be7ec15]: FINISHING {"metadata":{"emulator":{"name":"functions"},"function":{"name":"us-central1-api"},"extension":{},"message":"[worker-us-central1-api-46c46e9f-6198-4cfd-b8c5-f3773be7ec15]: FINISHING"}}
[debug] [2025-02-03T13:00:05.406Z] [worker-pool] Shutting down IDLE worker (us-central1-api) {"metadata":{"emulator":{"name":"functions"},"message":"[worker-pool] Shutting down IDLE worker (us-central1-api)"}}
[debug] [2025-02-03T13:00:05.407Z] [worker-us-central1-api-4f3be63b-5384-44cc-acdc-64e7bc891737]: FINISHING {"metadata":{"emulator":{"name":"functions"},"function":{"name":"us-central1-api"},"extension":{},"message":"[worker-us-central1-api-4f3be63b-5384-44cc-acdc-64e7bc891737]: FINISHING"}}
[debug] [2025-02-03T13:00:05.452Z] [worker-us-central1-api-46c46e9f-6198-4cfd-b8c5-f3773be7ec15]: exited {"metadata":{"emulator":{"name":"functions"},"function":{"name":"us-central1-api"},"extension":{},"message":"[worker-us-central1-api-46c46e9f-6198-4cfd-b8c5-f3773be7ec15]: exited"}}
[debug] [2025-02-03T13:00:05.453Z] [worker-us-central1-api-46c46e9f-6198-4cfd-b8c5-f3773be7ec15]: FINISHED {"metadata":{"emulator":{"name":"functions"},"function":{"name":"us-central1-api"},"extension":{},"message":"[worker-us-central1-api-46c46e9f-6198-4cfd-b8c5-f3773be7ec15]: FINISHED"}}
[debug] [2025-02-03T13:00:05.454Z] [worker-us-central1-api-4f3be63b-5384-44cc-acdc-64e7bc891737]: exited {"metadata":{"emulator":{"name":"functions"},"function":{"name":"us-central1-api"},"extension":{},"message":"[worker-us-central1-api-4f3be63b-5384-44cc-acdc-64e7bc891737]: exited"}}
[debug] [2025-02-03T13:00:05.454Z] [worker-us-central1-api-4f3be63b-5384-44cc-acdc-64e7bc891737]: FINISHED {"metadata":{"emulator":{"name":"functions"},"function":{"name":"us-central1-api"},"extension":{},"message":"[worker-us-central1-api-4f3be63b-5384-44cc-acdc-64e7bc891737]: FINISHED"}}
[debug] [2025-02-03T13:00:25.147Z] [work-queue] {"queuedWork":["/novemb-f2496/us-central1/api/payments/create-2025-02-03T13:00:25.147Z"],"queueLength":1,"runningWork":[],"workRunningCount":0}
[debug] [2025-02-03T13:00:25.148Z] [work-queue] {"queuedWork":[],"queueLength":0,"runningWork":["/novemb-f2496/us-central1/api/payments/create-2025-02-03T13:00:25.147Z"],"workRunningCount":1}
[debug] [2025-02-03T13:00:25.149Z] Accepted request POST /novemb-f2496/us-central1/api/payments/create?total=4400 --> us-central1-api
[debug] [2025-02-03T13:00:25.150Z] [functions] Runtime ready! Sending request! {"metadata":{"emulator":{"name":"functions"},"message":"[functions] Runtime ready! Sending request!"}}
[debug] [2025-02-03T13:00:25.151Z] [functions] Got req.url=/novemb-f2496/us-central1/api/payments/create?total=4400, mapping to path=/payments/create?total=4400 {"metadata":{"emulator":{"name":"functions"},"message":"[functions] Got req.url=/novemb-f2496/us-central1/api/payments/create?total=4400, mapping to path=/payments/create?total=4400"}}
[debug] [2025-02-03T13:00:25.151Z] [worker-pool] Cleaned up workers for us-central1-api: 2 --> 0 {"metadata":{"emulator":{"name":"functions"},"message":"[worker-pool] Cleaned up workers for us-central1-api: 2 --> 0"}}
[debug] [2025-02-03T13:00:25.168Z] [worker-pool] addWorker(us-central1-api) {"metadata":{"emulator":{"name":"functions"},"message":"[worker-pool] addWorker(us-central1-api)"}}
[debug] [2025-02-03T13:00:25.169Z] [worker-pool] Adding worker with key us-central1-api, total=1 {"metadata":{"emulator":{"name":"functions"},"message":"[worker-pool] Adding worker with key us-central1-api, total=1"}}
[debug] [2025-02-03T13:00:25.173Z] [work-queue] {"queuedWork":["/novemb-f2496/us-central1/api/payments/create-2025-02-03T13:00:25.173Z"],"queueLength":1,"runningWork":["/novemb-f2496/us-central1/api/payments/create-2025-02-03T13:00:25.147Z"],"workRunningCount":1}
[debug] [2025-02-03T13:00:25.174Z] [work-queue] {"queuedWork":[],"queueLength":0,"runningWork":["/novemb-f2496/us-central1/api/payments/create-2025-02-03T13:00:25.147Z","/novemb-f2496/us-central1/api/payments/create-2025-02-03T13:00:25.173Z"],"workRunningCount":2}
[debug] [2025-02-03T13:00:25.174Z] Accepted request POST /novemb-f2496/us-central1/api/payments/create?total=4400 --> us-central1-api
[debug] [2025-02-03T13:00:25.177Z] [functions] Runtime ready! Sending request! {"metadata":{"emulator":{"name":"functions"},"message":"[functions] Runtime ready! Sending request!"}}
[debug] [2025-02-03T13:00:25.178Z] [functions] Got req.url=/novemb-f2496/us-central1/api/payments/create?total=4400, mapping to path=/payments/create?total=4400 {"metadata":{"emulator":{"name":"functions"},"message":"[functions] Got req.url=/novemb-f2496/us-central1/api/payments/create?total=4400, mapping to path=/payments/create?total=4400"}}
[debug] [2025-02-03T13:00:25.195Z] [worker-pool] addWorker(us-central1-api) {"metadata":{"emulator":{"name":"functions"},"message":"[worker-pool] addWorker(us-central1-api)"}}
[debug] [2025-02-03T13:00:25.196Z] [worker-pool] Adding worker with key us-central1-api, total=2 {"metadata":{"emulator":{"name":"functions"},"message":"[worker-pool] Adding worker with key us-central1-api, total=2"}}
[debug] [2025-02-03T13:00:28.288Z] [runtime-status] [25492] Resolved module firebase-admin {"declared":true,"installed":true,"version":"12.7.0","resolution":"C:\\Users\\sata\\OneDrive\\Desktop\\phase-1\\phase-5\\Amazon-clone-2024\\amazon-clone\\functions\\node_modules\\firebase-admin\\lib\\index.js"} {"metadata":{"emulator":{"name":"functions"},"function":{"name":"us-central1-api"},"extension":{},"message":"[runtime-status] [25492] Resolved module firebase-admin {\"declared\":true,\"installed\":true,\"version\":\"12.7.0\",\"resolution\":\"C:\\\\Users\\\\sata\\\\OneDrive\\\\Desktop\\\\phase-1\\\\phase-5\\\\Amazon-clone-2024\\\\amazon-clone\\\\functions\\\\node_modules\\\\firebase-admin\\\\lib\\\\index.js\"}"}}
[debug] [2025-02-03T13:00:28.290Z] [runtime-status] [24288] Resolved module firebase-admin {"declared":true,"installed":true,"version":"12.7.0","resolution":"C:\\Users\\sata\\OneDrive\\Desktop\\phase-1\\phase-5\\Amazon-clone-2024\\amazon-clone\\functions\\node_modules\\firebase-admin\\lib\\index.js"} {"metadata":{"emulator":{"name":"functions"},"function":{"name":"us-central1-api"},"extension":{},"message":"[runtime-status] [24288] Resolved module firebase-admin {\"declared\":true,\"installed\":true,\"version\":\"12.7.0\",\"resolution\":\"C:\\\\Users\\\\sata\\\\OneDrive\\\\Desktop\\\\phase-1\\\\phase-5\\\\Amazon-clone-2024\\\\amazon-clone\\\\functions\\\\node_modules\\\\firebase-admin\\\\lib\\\\index.js\"}"}}
[debug] [2025-02-03T13:00:28.292Z] [runtime-status] [25492] Resolved module firebase-functions {"declared":true,"installed":true,"version":"6.3.1","resolution":"C:\\Users\\sata\\OneDrive\\Desktop\\phase-1\\phase-5\\Amazon-clone-2024\\amazon-clone\\functions\\node_modules\\firebase-functions\\lib\\v2\\index.js"} {"metadata":{"emulator":{"name":"functions"},"function":{"name":"us-central1-api"},"extension":{},"message":"[runtime-status] [25492] Resolved module firebase-functions {\"declared\":true,\"installed\":true,\"version\":\"6.3.1\",\"resolution\":\"C:\\\\Users\\\\sata\\\\OneDrive\\\\Desktop\\\\phase-1\\\\phase-5\\\\Amazon-clone-2024\\\\amazon-clone\\\\functions\\\\node_modules\\\\firebase-functions\\\\lib\\\\v2\\\\index.js\"}"}}
[debug] [2025-02-03T13:00:28.293Z] [runtime-status] [25492] Outgoing network have been stubbed. [{"name":"http","status":"mocked"},{"name":"http","status":"mocked"},{"name":"https","status":"mocked"},{"name":"https","status":"mocked"},{"name":"net","status":"mocked"}] {"metadata":{"emulator":{"name":"functions"},"function":{"name":"us-central1-api"},"extension":{},"message":"[runtime-status] [25492] Outgoing network have been stubbed. [{\"name\":\"http\",\"status\":\"mocked\"},{\"name\":\"http\",\"status\":\"mocked\"},{\"name\":\"https\",\"status\":\"mocked\"},{\"name\":\"https\",\"status\":\"mocked\"},{\"name\":\"net\",\"status\":\"mocked\"}]"}}
[debug] [2025-02-03T13:00:28.294Z] [runtime-status] [24288] Resolved module firebase-functions {"declared":true,"installed":true,"version":"6.3.1","resolution":"C:\\Users\\sata\\OneDrive\\Desktop\\phase-1\\phase-5\\Amazon-clone-2024\\amazon-clone\\functions\\node_modules\\firebase-functions\\lib\\v2\\index.js"} {"metadata":{"emulator":{"name":"functions"},"function":{"name":"us-central1-api"},"extension":{},"message":"[runtime-status] [24288] Resolved module firebase-functions {\"declared\":true,\"installed\":true,\"version\":\"6.3.1\",\"resolution\":\"C:\\\\Users\\\\sata\\\\OneDrive\\\\Desktop\\\\phase-1\\\\phase-5\\\\Amazon-clone-2024\\\\amazon-clone\\\\functions\\\\node_modules\\\\firebase-functions\\\\lib\\\\v2\\\\index.js\"}"}}
[debug] [2025-02-03T13:00:28.294Z] [runtime-status] [24288] Outgoing network have been stubbed. [{"name":"http","status":"mocked"},{"name":"http","status":"mocked"},{"name":"https","status":"mocked"},{"name":"https","status":"mocked"},{"name":"net","status":"mocked"}] {"metadata":{"emulator":{"name":"functions"},"function":{"name":"us-central1-api"},"extension":{},"message":"[runtime-status] [24288] Outgoing network have been stubbed. [{\"name\":\"http\",\"status\":\"mocked\"},{\"name\":\"http\",\"status\":\"mocked\"},{\"name\":\"https\",\"status\":\"mocked\"},{\"name\":\"https\",\"status\":\"mocked\"},{\"name\":\"net\",\"status\":\"mocked\"}]"}}
[debug] [2025-02-03T13:00:28.295Z] [runtime-status] [25492] Resolved module firebase-functions {"declared":true,"installed":true,"version":"6.3.1","resolution":"C:\\Users\\sata\\OneDrive\\Desktop\\phase-1\\phase-5\\Amazon-clone-2024\\amazon-clone\\functions\\node_modules\\firebase-functions\\lib\\v2\\index.js"} {"metadata":{"emulator":{"name":"functions"},"function":{"name":"us-central1-api"},"extension":{},"message":"[runtime-status] [25492] Resolved module firebase-functions {\"declared\":true,\"installed\":true,\"version\":\"6.3.1\",\"resolution\":\"C:\\\\Users\\\\sata\\\\OneDrive\\\\Desktop\\\\phase-1\\\\phase-5\\\\Amazon-clone-2024\\\\amazon-clone\\\\functions\\\\node_modules\\\\firebase-functions\\\\lib\\\\v2\\\\index.js\"}"}}
[debug] [2025-02-03T13:00:28.296Z] [runtime-status] [24288] Resolved module firebase-functions {"declared":true,"installed":true,"version":"6.3.1","resolution":"C:\\Users\\sata\\OneDrive\\Desktop\\phase-1\\phase-5\\Amazon-clone-2024\\amazon-clone\\functions\\node_modules\\firebase-functions\\lib\\v2\\index.js"} {"metadata":{"emulator":{"name":"functions"},"function":{"name":"us-central1-api"},"extension":{},"message":"[runtime-status] [24288] Resolved module firebase-functions {\"declared\":true,\"installed\":true,\"version\":\"6.3.1\",\"resolution\":\"C:\\\\Users\\\\sata\\\\OneDrive\\\\Desktop\\\\phase-1\\\\phase-5\\\\Amazon-clone-2024\\\\amazon-clone\\\\functions\\\\node_modules\\\\firebase-functions\\\\lib\\\\v2\\\\index.js\"}"}}
[debug] [2025-02-03T13:00:29.207Z] [runtime-status] [24288] Checked functions.config() {"config":{}} {"metadata":{"emulator":{"name":"functions"},"function":{"name":"us-central1-api"},"extension":{},"message":"[runtime-status] [24288] Checked functions.config() {\"config\":{}}"}}
[debug] [2025-02-03T13:00:29.208Z] [runtime-status] [24288] firebase-functions has been stubbed. {"functionsResolution":{"declared":true,"installed":true,"version":"6.3.1","resolution":"C:\\Users\\sata\\OneDrive\\Desktop\\phase-1\\phase-5\\Amazon-clone-2024\\amazon-clone\\functions\\node_modules\\firebase-functions\\lib\\v2\\index.js"}} {"metadata":{"emulator":{"name":"functions"},"function":{"name":"us-central1-api"},"extension":{},"message":"[runtime-status] [24288] firebase-functions has been stubbed. {\"functionsResolution\":{\"declared\":true,\"installed\":true,\"version\":\"6.3.1\",\"resolution\":\"C:\\\\Users\\\\sata\\\\OneDrive\\\\Desktop\\\\phase-1\\\\phase-5\\\\Amazon-clone-2024\\\\amazon-clone\\\\functions\\\\node_modules\\\\firebase-functions\\\\lib\\\\v2\\\\index.js\"}}"}}
[debug] [2025-02-03T13:00:29.209Z] [runtime-status] [25492] Checked functions.config() {"config":{}} {"metadata":{"emulator":{"name":"functions"},"function":{"name":"us-central1-api"},"extension":{},"message":"[runtime-status] [25492] Checked functions.config() {\"config\":{}}"}}
[debug] [2025-02-03T13:00:29.210Z] [runtime-status] [25492] firebase-functions has been stubbed. {"functionsResolution":{"declared":true,"installed":true,"version":"6.3.1","resolution":"C:\\Users\\sata\\OneDrive\\Desktop\\phase-1\\phase-5\\Amazon-clone-2024\\amazon-clone\\functions\\node_modules\\firebase-functions\\lib\\v2\\index.js"}} {"metadata":{"emulator":{"name":"functions"},"function":{"name":"us-central1-api"},"extension":{},"message":"[runtime-status] [25492] firebase-functions has been stubbed. {\"functionsResolution\":{\"declared\":true,\"installed\":true,\"version\":\"6.3.1\",\"resolution\":\"C:\\\\Users\\\\sata\\\\OneDrive\\\\Desktop\\\\phase-1\\\\phase-5\\\\Amazon-clone-2024\\\\amazon-clone\\\\functions\\\\node_modules\\\\firebase-functions\\\\lib\\\\v2\\\\index.js\"}}"}}
[debug] [2025-02-03T13:00:29.210Z] [runtime-status] [24288] Resolved module firebase-functions {"declared":true,"installed":true,"version":"6.3.1","resolution":"C:\\Users\\sata\\OneDrive\\Desktop\\phase-1\\phase-5\\Amazon-clone-2024\\amazon-clone\\functions\\node_modules\\firebase-functions\\lib\\v2\\index.js"} {"metadata":{"emulator":{"name":"functions"},"function":{"name":"us-central1-api"},"extension":{},"message":"[runtime-status] [24288] Resolved module firebase-functions {\"declared\":true,\"installed\":true,\"version\":\"6.3.1\",\"resolution\":\"C:\\\\Users\\\\sata\\\\OneDrive\\\\Desktop\\\\phase-1\\\\phase-5\\\\Amazon-clone-2024\\\\amazon-clone\\\\functions\\\\node_modules\\\\firebase-functions\\\\lib\\\\v2\\\\index.js\"}"}}
[debug] [2025-02-03T13:00:29.212Z] [runtime-status] [25492] Resolved module firebase-functions {"declared":true,"installed":true,"version":"6.3.1","resolution":"C:\\Users\\sata\\OneDrive\\Desktop\\phase-1\\phase-5\\Amazon-clone-2024\\amazon-clone\\functions\\node_modules\\firebase-functions\\lib\\v2\\index.js"} {"metadata":{"emulator":{"name":"functions"},"function":{"name":"us-central1-api"},"extension":{},"message":"[runtime-status] [25492] Resolved module firebase-functions {\"declared\":true,\"installed\":true,\"version\":\"6.3.1\",\"resolution\":\"C:\\\\Users\\\\sata\\\\OneDrive\\\\Desktop\\\\phase-1\\\\phase-5\\\\Amazon-clone-2024\\\\amazon-clone\\\\functions\\\\node_modules\\\\firebase-functions\\\\lib\\\\v2\\\\index.js\"}"}}
[debug] [2025-02-03T13:00:29.221Z] [runtime-status] [24288] Resolved module firebase-admin {"declared":true,"installed":true,"version":"12.7.0","resolution":"C:\\Users\\sata\\OneDrive\\Desktop\\phase-1\\phase-5\\Amazon-clone-2024\\amazon-clone\\functions\\node_modules\\firebase-admin\\lib\\index.js"} {"metadata":{"emulator":{"name":"functions"},"function":{"name":"us-central1-api"},"extension":{},"message":"[runtime-status] [24288] Resolved module firebase-admin {\"declared\":true,\"installed\":true,\"version\":\"12.7.0\",\"resolution\":\"C:\\\\Users\\\\sata\\\\OneDrive\\\\Desktop\\\\phase-1\\\\phase-5\\\\Amazon-clone-2024\\\\amazon-clone\\\\functions\\\\node_modules\\\\firebase-admin\\\\lib\\\\index.js\"}"}}
[debug] [2025-02-03T13:00:29.222Z] [runtime-status] [25492] Resolved module firebase-admin {"declared":true,"installed":true,"version":"12.7.0","resolution":"C:\\Users\\sata\\OneDrive\\Desktop\\phase-1\\phase-5\\Amazon-clone-2024\\amazon-clone\\functions\\node_modules\\firebase-admin\\lib\\index.js"} {"metadata":{"emulator":{"name":"functions"},"function":{"name":"us-central1-api"},"extension":{},"message":"[runtime-status] [25492] Resolved module firebase-admin {\"declared\":true,\"installed\":true,\"version\":\"12.7.0\",\"resolution\":\"C:\\\\Users\\\\sata\\\\OneDrive\\\\Desktop\\\\phase-1\\\\phase-5\\\\Amazon-clone-2024\\\\amazon-clone\\\\functions\\\\node_modules\\\\firebase-admin\\\\lib\\\\index.js\"}"}}
[debug] [2025-02-03T13:00:29.225Z] [runtime-status] [24288] Resolved module firebase-functions {"declared":true,"installed":true,"version":"6.3.1","resolution":"C:\\Users\\sata\\OneDrive\\Desktop\\phase-1\\phase-5\\Amazon-clone-2024\\amazon-clone\\functions\\node_modules\\firebase-functions\\lib\\v2\\index.js"} {"metadata":{"emulator":{"name":"functions"},"function":{"name":"us-central1-api"},"extension":{},"message":"[runtime-status] [24288] Resolved module firebase-functions {\"declared\":true,\"installed\":true,\"version\":\"6.3.1\",\"resolution\":\"C:\\\\Users\\\\sata\\\\OneDrive\\\\Desktop\\\\phase-1\\\\phase-5\\\\Amazon-clone-2024\\\\amazon-clone\\\\functions\\\\node_modules\\\\firebase-functions\\\\lib\\\\v2\\\\index.js\"}"}}
[debug] [2025-02-03T13:00:29.226Z] [runtime-status] [25492] Resolved module firebase-functions {"declared":true,"installed":true,"version":"6.3.1","resolution":"C:\\Users\\sata\\OneDrive\\Desktop\\phase-1\\phase-5\\Amazon-clone-2024\\amazon-clone\\functions\\node_modules\\firebase-functions\\lib\\v2\\index.js"} {"metadata":{"emulator":{"name":"functions"},"function":{"name":"us-central1-api"},"extension":{},"message":"[runtime-status] [25492] Resolved module firebase-functions {\"declared\":true,\"installed\":true,\"version\":\"6.3.1\",\"resolution\":\"C:\\\\Users\\\\sata\\\\OneDrive\\\\Desktop\\\\phase-1\\\\phase-5\\\\Amazon-clone-2024\\\\amazon-clone\\\\functions\\\\node_modules\\\\firebase-functions\\\\lib\\\\v2\\\\index.js\"}"}}
[debug] [2025-02-03T13:00:29.226Z] [runtime-status] [24288] firebase-admin has been stubbed. {"adminResolution":{"declared":true,"installed":true,"version":"12.7.0","resolution":"C:\\Users\\sata\\OneDrive\\Desktop\\phase-1\\phase-5\\Amazon-clone-2024\\amazon-clone\\functions\\node_modules\\firebase-admin\\lib\\index.js"}} {"metadata":{"emulator":{"name":"functions"},"function":{"name":"us-central1-api"},"extension":{},"message":"[runtime-status] [24288] firebase-admin has been stubbed. {\"adminResolution\":{\"declared\":true,\"installed\":true,\"version\":\"12.7.0\",\"resolution\":\"C:\\\\Users\\\\sata\\\\OneDrive\\\\Desktop\\\\phase-1\\\\phase-5\\\\Amazon-clone-2024\\\\amazon-clone\\\\functions\\\\node_modules\\\\firebase-admin\\\\lib\\\\index.js\"}}"}}
[debug] [2025-02-03T13:00:29.226Z] [runtime-status] [25492] firebase-admin has been stubbed. {"adminResolution":{"declared":true,"installed":true,"version":"12.7.0","resolution":"C:\\Users\\sata\\OneDrive\\Desktop\\phase-1\\phase-5\\Amazon-clone-2024\\amazon-clone\\functions\\node_modules\\firebase-admin\\lib\\index.js"}} {"metadata":{"emulator":{"name":"functions"},"function":{"name":"us-central1-api"},"extension":{},"message":"[runtime-status] [25492] firebase-admin has been stubbed. {\"adminResolution\":{\"declared\":true,\"installed\":true,\"version\":\"12.7.0\",\"resolution\":\"C:\\\\Users\\\\sata\\\\OneDrive\\\\Desktop\\\\phase-1\\\\phase-5\\\\Amazon-clone-2024\\\\amazon-clone\\\\functions\\\\node_modules\\\\firebase-admin\\\\lib\\\\index.js\"}}"}}
[debug] [2025-02-03T13:00:29.636Z] [runtime-status] [25492] Functions runtime initialized. {"cwd":"C:\\Users\\sata\\OneDrive\\Desktop\\phase-1\\phase-5\\Amazon-clone-2024\\amazon-clone\\functions","node_version":"20.16.0"} {"metadata":{"emulator":{"name":"functions"},"function":{"name":"us-central1-api"},"extension":{},"message":"[runtime-status] [25492] Functions runtime initialized. {\"cwd\":\"C:\\\\Users\\\\sata\\\\OneDrive\\\\Desktop\\\\phase-1\\\\phase-5\\\\Amazon-clone-2024\\\\amazon-clone\\\\functions\",\"node_version\":\"20.16.0\"}"}}
[debug] [2025-02-03T13:00:29.637Z] [runtime-status] [25492] Listening to port: \\?\pipe\fire_emu_871483f8a4e5d138 {"metadata":{"emulator":{"name":"functions"},"function":{"name":"us-central1-api"},"extension":{},"message":"[runtime-status] [25492] Listening to port: \\\\?\\pipe\\fire_emu_871483f8a4e5d138"}}
[debug] [2025-02-03T13:00:29.641Z] [runtime-status] [24288] Functions runtime initialized. {"cwd":"C:\\Users\\sata\\OneDrive\\Desktop\\phase-1\\phase-5\\Amazon-clone-2024\\amazon-clone\\functions","node_version":"20.16.0"} {"metadata":{"emulator":{"name":"functions"},"function":{"name":"us-central1-api"},"extension":{},"message":"[runtime-status] [24288] Functions runtime initialized. {\"cwd\":\"C:\\\\Users\\\\sata\\\\OneDrive\\\\Desktop\\\\phase-1\\\\phase-5\\\\Amazon-clone-2024\\\\amazon-clone\\\\functions\",\"node_version\":\"20.16.0\"}"}}
[debug] [2025-02-03T13:00:29.643Z] [runtime-status] [24288] Listening to port: \\?\pipe\fire_emu_5a945ee6e452b660 {"metadata":{"emulator":{"name":"functions"},"function":{"name":"us-central1-api"},"extension":{},"message":"[runtime-status] [24288] Listening to port: \\\\?\\pipe\\fire_emu_5a945ee6e452b660"}}
[debug] [2025-02-03T13:00:29.698Z] [worker-us-central1-api-b84fc486-f755-4413-8680-a40b2d3838d0]: IDLE {"metadata":{"emulator":{"name":"functions"},"function":{"name":"us-central1-api"},"extension":{},"message":"[worker-us-central1-api-b84fc486-f755-4413-8680-a40b2d3838d0]: IDLE"}}
[debug] [2025-02-03T13:00:29.699Z] [worker-pool] submitRequest(triggerId=us-central1-api) {"metadata":{"emulator":{"name":"functions"},"message":"[worker-pool] submitRequest(triggerId=us-central1-api)"}}
[info] i  functions: Beginning execution of "us-central1-api" {"metadata":{"emulator":{"name":"functions"},"function":{"name":"us-central1-api"},"extension":{},"message":"Beginning execution of \"us-central1-api\""}}
[debug] [2025-02-03T13:00:29.700Z] [worker-us-central1-api-b84fc486-f755-4413-8680-a40b2d3838d0]: BUSY {"metadata":{"emulator":{"name":"functions"},"function":{"name":"us-central1-api"},"extension":{},"message":"[worker-us-central1-api-b84fc486-f755-4413-8680-a40b2d3838d0]: BUSY"}}
[info] >  payment request received for this amount == 4400 {"user":"payment request received for this amount == 4400","metadata":{"emulator":{"name":"functions"},"function":{"name":"us-central1-api"},"extension":{},"message":"\u001b[90m> \u001b[39m payment request received for this amount == 4400"}}
[debug] [2025-02-03T13:00:29.763Z] [worker-us-central1-api-f2df7793-dd30-4128-aa50-a5fdcf6772d2]: IDLE {"metadata":{"emulator":{"name":"functions"},"function":{"name":"us-central1-api"},"extension":{},"message":"[worker-us-central1-api-f2df7793-dd30-4128-aa50-a5fdcf6772d2]: IDLE"}}
[debug] [2025-02-03T13:00:29.764Z] [worker-pool] submitRequest(triggerId=us-central1-api) {"metadata":{"emulator":{"name":"functions"},"message":"[worker-pool] submitRequest(triggerId=us-central1-api)"}}
[info] i  functions: Beginning execution of "us-central1-api" {"metadata":{"emulator":{"name":"functions"},"function":{"name":"us-central1-api"},"extension":{},"message":"Beginning execution of \"us-central1-api\""}}
[debug] [2025-02-03T13:00:29.767Z] [worker-us-central1-api-f2df7793-dd30-4128-aa50-a5fdcf6772d2]: BUSY {"metadata":{"emulator":{"name":"functions"},"function":{"name":"us-central1-api"},"extension":{},"message":"[worker-us-central1-api-f2df7793-dd30-4128-aa50-a5fdcf6772d2]: BUSY"}}
[info] >  payment request received for this amount == 4400 {"user":"payment request received for this amount == 4400","metadata":{"emulator":{"name":"functions"},"function":{"name":"us-central1-api"},"extension":{},"message":"\u001b[90m> \u001b[39m payment request received for this amount == 4400"}}
[debug] [2025-02-03T13:00:30.914Z] Finishing up request with event=pause {"metadata":{"emulator":{"name":"functions"},"function":{"name":"us-central1-api"},"extension":{},"message":"Finishing up request with event=pause"}}
[info] i  functions: Finished "us-central1-api" in 1214.6915ms {"metadata":{"emulator":{"name":"functions"},"function":{"name":"us-central1-api"},"extension":{},"message":"Finished \"us-central1-api\" in 1214.6915ms"}}
[debug] [2025-02-03T13:00:30.916Z] [worker-us-central1-api-b84fc486-f755-4413-8680-a40b2d3838d0]: IDLE {"metadata":{"emulator":{"name":"functions"},"function":{"name":"us-central1-api"},"extension":{},"message":"[worker-us-central1-api-b84fc486-f755-4413-8680-a40b2d3838d0]: IDLE"}}
[debug] [2025-02-03T13:00:30.917Z] Finishing up request with event=finish {"metadata":{"emulator":{"name":"functions"},"function":{"name":"us-central1-api"},"extension":{},"message":"Finishing up request with event=finish"}}
[debug] [2025-02-03T13:00:30.918Z] Finishing up request with event=close {"metadata":{"emulator":{"name":"functions"},"function":{"name":"us-central1-api"},"extension":{},"message":"Finishing up request with event=close"}}
[debug] [2025-02-03T13:00:30.918Z] [work-queue] {"queuedWork":[],"queueLength":0,"runningWork":["/novemb-f2496/us-central1/api/payments/create-2025-02-03T13:00:25.147Z"],"workRunningCount":1}
[debug] [2025-02-03T13:00:30.921Z] Finishing up request with event=pause {"metadata":{"emulator":{"name":"functions"},"function":{"name":"us-central1-api"},"extension":{},"message":"Finishing up request with event=pause"}}
[info] i  functions: Finished "us-central1-api" in 1153.9304ms {"metadata":{"emulator":{"name":"functions"},"function":{"name":"us-central1-api"},"extension":{},"message":"Finished \"us-central1-api\" in 1153.9304ms"}}
[debug] [2025-02-03T13:00:30.924Z] [worker-us-central1-api-f2df7793-dd30-4128-aa50-a5fdcf6772d2]: IDLE {"metadata":{"emulator":{"name":"functions"},"function":{"name":"us-central1-api"},"extension":{},"message":"[worker-us-central1-api-f2df7793-dd30-4128-aa50-a5fdcf6772d2]: IDLE"}}
[debug] [2025-02-03T13:00:30.924Z] Finishing up request with event=finish {"metadata":{"emulator":{"name":"functions"},"function":{"name":"us-central1-api"},"extension":{},"message":"Finishing up request with event=finish"}}
[debug] [2025-02-03T13:00:30.925Z] Finishing up request with event=close {"metadata":{"emulator":{"name":"functions"},"function":{"name":"us-central1-api"},"extension":{},"message":"Finishing up request with event=close"}}
[debug] [2025-02-03T13:00:30.926Z] [work-queue] {"queuedWork":[],"queueLength":0,"runningWork":[],"workRunningCount":0}
[debug] [2025-02-03T13:02:12.193Z] [work-queue] {"queuedWork":["/novemb-f2496/us-central1/api/payments/create-2025-02-03T13:02:12.193Z"],"queueLength":1,"runningWork":[],"workRunningCount":0}
[debug] [2025-02-03T13:02:12.195Z] [work-queue] {"queuedWork":[],"queueLength":0,"runningWork":["/novemb-f2496/us-central1/api/payments/create-2025-02-03T13:02:12.193Z"],"workRunningCount":1}
[debug] [2025-02-03T13:02:12.195Z] Accepted request POST /novemb-f2496/us-central1/api/payments/create?total=3300 --> us-central1-api
[debug] [2025-02-03T13:02:12.197Z] [functions] Runtime ready! Sending request! {"metadata":{"emulator":{"name":"functions"},"message":"[functions] Runtime ready! Sending request!"}}
[debug] [2025-02-03T13:02:12.198Z] [functions] Got req.url=/novemb-f2496/us-central1/api/payments/create?total=3300, mapping to path=/payments/create?total=3300 {"metadata":{"emulator":{"name":"functions"},"message":"[functions] Got req.url=/novemb-f2496/us-central1/api/payments/create?total=3300, mapping to path=/payments/create?total=3300"}}
[debug] [2025-02-03T13:02:12.198Z] [worker-pool] submitRequest(triggerId=us-central1-api) {"metadata":{"emulator":{"name":"functions"},"message":"[worker-pool] submitRequest(triggerId=us-central1-api)"}}
[info] i  functions: Beginning execution of "us-central1-api" {"metadata":{"emulator":{"name":"functions"},"function":{"name":"us-central1-api"},"extension":{},"message":"Beginning execution of \"us-central1-api\""}}
[debug] [2025-02-03T13:02:12.202Z] [worker-us-central1-api-f2df7793-dd30-4128-aa50-a5fdcf6772d2]: BUSY {"metadata":{"emulator":{"name":"functions"},"function":{"name":"us-central1-api"},"extension":{},"message":"[worker-us-central1-api-f2df7793-dd30-4128-aa50-a5fdcf6772d2]: BUSY"}}
[debug] [2025-02-03T13:02:12.213Z] [work-queue] {"queuedWork":["/novemb-f2496/us-central1/api/payments/create-2025-02-03T13:02:12.213Z"],"queueLength":1,"runningWork":["/novemb-f2496/us-central1/api/payments/create-2025-02-03T13:02:12.193Z"],"workRunningCount":1}
[debug] [2025-02-03T13:02:12.215Z] [work-queue] {"queuedWork":[],"queueLength":0,"runningWork":["/novemb-f2496/us-central1/api/payments/create-2025-02-03T13:02:12.193Z","/novemb-f2496/us-central1/api/payments/create-2025-02-03T13:02:12.213Z"],"workRunningCount":2}
[debug] [2025-02-03T13:02:12.215Z] Accepted request POST /novemb-f2496/us-central1/api/payments/create?total=3300 --> us-central1-api
[debug] [2025-02-03T13:02:12.217Z] [functions] Runtime ready! Sending request! {"metadata":{"emulator":{"name":"functions"},"message":"[functions] Runtime ready! Sending request!"}}
[debug] [2025-02-03T13:02:12.218Z] [functions] Got req.url=/novemb-f2496/us-central1/api/payments/create?total=3300, mapping to path=/payments/create?total=3300 {"metadata":{"emulator":{"name":"functions"},"message":"[functions] Got req.url=/novemb-f2496/us-central1/api/payments/create?total=3300, mapping to path=/payments/create?total=3300"}}
[debug] [2025-02-03T13:02:12.219Z] [worker-pool] submitRequest(triggerId=us-central1-api) {"metadata":{"emulator":{"name":"functions"},"message":"[worker-pool] submitRequest(triggerId=us-central1-api)"}}
[info] i  functions: Beginning execution of "us-central1-api" {"metadata":{"emulator":{"name":"functions"},"function":{"name":"us-central1-api"},"extension":{},"message":"Beginning execution of \"us-central1-api\""}}
[debug] [2025-02-03T13:02:12.222Z] [worker-us-central1-api-b84fc486-f755-4413-8680-a40b2d3838d0]: BUSY {"metadata":{"emulator":{"name":"functions"},"function":{"name":"us-central1-api"},"extension":{},"message":"[worker-us-central1-api-b84fc486-f755-4413-8680-a40b2d3838d0]: BUSY"}}
[info] >  payment request received for this amount == 3300 {"user":"payment request received for this amount == 3300","metadata":{"emulator":{"name":"functions"},"function":{"name":"us-central1-api"},"extension":{},"message":"\u001b[90m> \u001b[39m payment request received for this amount == 3300"}}
[info] >  payment request received for this amount == 3300 {"user":"payment request received for this amount == 3300","metadata":{"emulator":{"name":"functions"},"function":{"name":"us-central1-api"},"extension":{},"message":"\u001b[90m> \u001b[39m payment request received for this amount == 3300"}}
[debug] [2025-02-03T13:02:13.008Z] Finishing up request with event=pause {"metadata":{"emulator":{"name":"functions"},"function":{"name":"us-central1-api"},"extension":{},"message":"Finishing up request with event=pause"}}
[info] i  functions: Finished "us-central1-api" in 805.9697ms {"metadata":{"emulator":{"name":"functions"},"function":{"name":"us-central1-api"},"extension":{},"message":"Finished \"us-central1-api\" in 805.9697ms"}}
[debug] [2025-02-03T13:02:13.010Z] [worker-us-central1-api-f2df7793-dd30-4128-aa50-a5fdcf6772d2]: IDLE {"metadata":{"emulator":{"name":"functions"},"function":{"name":"us-central1-api"},"extension":{},"message":"[worker-us-central1-api-f2df7793-dd30-4128-aa50-a5fdcf6772d2]: IDLE"}}
[debug] [2025-02-03T13:02:13.011Z] Finishing up request with event=finish {"metadata":{"emulator":{"name":"functions"},"function":{"name":"us-central1-api"},"extension":{},"message":"Finishing up request with event=finish"}}
[debug] [2025-02-03T13:02:13.012Z] Finishing up request with event=close {"metadata":{"emulator":{"name":"functions"},"function":{"name":"us-central1-api"},"extension":{},"message":"Finishing up request with event=close"}}
[debug] [2025-02-03T13:02:13.012Z] [work-queue] {"queuedWork":[],"queueLength":0,"runningWork":["/novemb-f2496/us-central1/api/payments/create-2025-02-03T13:02:12.213Z"],"workRunningCount":1}
[debug] [2025-02-03T13:02:13.049Z] Finishing up request with event=pause {"metadata":{"emulator":{"name":"functions"},"function":{"name":"us-central1-api"},"extension":{},"message":"Finishing up request with event=pause"}}
[info] i  functions: Finished "us-central1-api" in 828.2894ms {"metadata":{"emulator":{"name":"functions"},"function":{"name":"us-central1-api"},"extension":{},"message":"Finished \"us-central1-api\" in 828.2894ms"}}
[debug] [2025-02-03T13:02:13.053Z] [worker-us-central1-api-b84fc486-f755-4413-8680-a40b2d3838d0]: IDLE {"metadata":{"emulator":{"name":"functions"},"function":{"name":"us-central1-api"},"extension":{},"message":"[worker-us-central1-api-b84fc486-f755-4413-8680-a40b2d3838d0]: IDLE"}}
[debug] [2025-02-03T13:02:13.054Z] Finishing up request with event=finish {"metadata":{"emulator":{"name":"functions"},"function":{"name":"us-central1-api"},"extension":{},"message":"Finishing up request with event=finish"}}
[debug] [2025-02-03T13:02:13.055Z] Finishing up request with event=close {"metadata":{"emulator":{"name":"functions"},"function":{"name":"us-central1-api"},"extension":{},"message":"Finishing up request with event=close"}}
[debug] [2025-02-03T13:02:13.056Z] [work-queue] {"queuedWork":[],"queueLength":0,"runningWork":[],"workRunningCount":0}
[debug] [2025-02-03T13:02:30.624Z] [work-queue] {"queuedWork":["/novemb-f2496/us-central1/api/payments/create-2025-02-03T13:02:30.624Z"],"queueLength":1,"runningWork":[],"workRunningCount":0}
[debug] [2025-02-03T13:02:30.624Z] [work-queue] {"queuedWork":[],"queueLength":0,"runningWork":["/novemb-f2496/us-central1/api/payments/create-2025-02-03T13:02:30.624Z"],"workRunningCount":1}
[debug] [2025-02-03T13:02:30.625Z] Accepted request POST /novemb-f2496/us-central1/api/payments/create?total=0 --> us-central1-api
[debug] [2025-02-03T13:02:30.626Z] [functions] Runtime ready! Sending request! {"metadata":{"emulator":{"name":"functions"},"message":"[functions] Runtime ready! Sending request!"}}
[debug] [2025-02-03T13:02:30.626Z] [functions] Got req.url=/novemb-f2496/us-central1/api/payments/create?total=0, mapping to path=/payments/create?total=0 {"metadata":{"emulator":{"name":"functions"},"message":"[functions] Got req.url=/novemb-f2496/us-central1/api/payments/create?total=0, mapping to path=/payments/create?total=0"}}
[debug] [2025-02-03T13:02:30.627Z] [worker-pool] submitRequest(triggerId=us-central1-api) {"metadata":{"emulator":{"name":"functions"},"message":"[worker-pool] submitRequest(triggerId=us-central1-api)"}}
[info] i  functions: Beginning execution of "us-central1-api" {"metadata":{"emulator":{"name":"functions"},"function":{"name":"us-central1-api"},"extension":{},"message":"Beginning execution of \"us-central1-api\""}}
[debug] [2025-02-03T13:02:30.630Z] [worker-us-central1-api-f2df7793-dd30-4128-aa50-a5fdcf6772d2]: BUSY {"metadata":{"emulator":{"name":"functions"},"function":{"name":"us-central1-api"},"extension":{},"message":"[worker-us-central1-api-f2df7793-dd30-4128-aa50-a5fdcf6772d2]: BUSY"}}
[debug] [2025-02-03T13:02:30.637Z] [work-queue] {"queuedWork":["/novemb-f2496/us-central1/api/payments/create-2025-02-03T13:02:30.637Z"],"queueLength":1,"runningWork":["/novemb-f2496/us-central1/api/payments/create-2025-02-03T13:02:30.624Z"],"workRunningCount":1}
[debug] [2025-02-03T13:02:30.637Z] [work-queue] {"queuedWork":[],"queueLength":0,"runningWork":["/novemb-f2496/us-central1/api/payments/create-2025-02-03T13:02:30.624Z","/novemb-f2496/us-central1/api/payments/create-2025-02-03T13:02:30.637Z"],"workRunningCount":2}
[debug] [2025-02-03T13:02:30.638Z] Accepted request POST /novemb-f2496/us-central1/api/payments/create?total=0 --> us-central1-api
[debug] [2025-02-03T13:02:30.640Z] [functions] Runtime ready! Sending request! {"metadata":{"emulator":{"name":"functions"},"message":"[functions] Runtime ready! Sending request!"}}
[debug] [2025-02-03T13:02:30.656Z] [functions] Got req.url=/novemb-f2496/us-central1/api/payments/create?total=0, mapping to path=/payments/create?total=0 {"metadata":{"emulator":{"name":"functions"},"message":"[functions] Got req.url=/novemb-f2496/us-central1/api/payments/create?total=0, mapping to path=/payments/create?total=0"}}
[debug] [2025-02-03T13:02:30.657Z] [worker-pool] submitRequest(triggerId=us-central1-api) {"metadata":{"emulator":{"name":"functions"},"message":"[worker-pool] submitRequest(triggerId=us-central1-api)"}}
[info] i  functions: Beginning execution of "us-central1-api" {"metadata":{"emulator":{"name":"functions"},"function":{"name":"us-central1-api"},"extension":{},"message":"Beginning execution of \"us-central1-api\""}}
[debug] [2025-02-03T13:02:30.665Z] [worker-us-central1-api-b84fc486-f755-4413-8680-a40b2d3838d0]: BUSY {"metadata":{"emulator":{"name":"functions"},"function":{"name":"us-central1-api"},"extension":{},"message":"[worker-us-central1-api-b84fc486-f755-4413-8680-a40b2d3838d0]: BUSY"}}
[info] >  payment request received for this amount == 0 {"user":"payment request received for this amount == 0","metadata":{"emulator":{"name":"functions"},"function":{"name":"us-central1-api"},"extension":{},"message":"\u001b[90m> \u001b[39m payment request received for this amount == 0"}}
[info] >  payment request received for this amount == 0 {"user":"payment request received for this amount == 0","metadata":{"emulator":{"name":"functions"},"function":{"name":"us-central1-api"},"extension":{},"message":"\u001b[90m> \u001b[39m payment request received for this amount == 0"}}
[info] >  Error creating payment intent: StripeInvalidRequestError: The amount must be greater than or equal to the minimum charge amount allowed for your account and the currency set (https://docs.stripe.com/currencies#minimum-and-maximum-charge-amounts).  If you want to save a Payment Method for future use without an immediate payment, use a Setup Intent instead: https://docs.stripe.com/payments/setup-intents {"user":"Error creating payment intent: StripeInvalidRequestError: The amount must be greater than or equal to the minimum charge amount allowed for your account and the currency set (https://docs.stripe.com/currencies#minimum-and-maximum-charge-amounts).  If you want to save a Payment Method for future use without an immediate payment, use a Setup Intent instead: https://docs.stripe.com/payments/setup-intents","metadata":{"emulator":{"name":"functions"},"function":{"name":"us-central1-api"},"extension":{},"message":"\u001b[90m> \u001b[39m Error creating payment intent: StripeInvalidRequestError: The amount must be greater than or equal to the minimum charge amount allowed for your account and the currency set (https://docs.stripe.com/currencies#minimum-and-maximum-charge-amounts).  If you want to save a Payment Method for future use without an immediate payment, use a Setup Intent instead: https://docs.stripe.com/payments/setup-intents"}}
[info] >      at generateV1Error (C:\Users\sata\OneDrive\Desktop\phase-1\phase-5\Amazon-clone-2024\amazon-clone\functions\node_modules\stripe\cjs\Error.js:11:20) {"user":"    at generateV1Error (C:\\Users\\sata\\OneDrive\\Desktop\\phase-1\\phase-5\\Amazon-clone-2024\\amazon-clone\\functions\\node_modules\\stripe\\cjs\\Error.js:11:20)","metadata":{"emulator":{"name":"functions"},"function":{"name":"us-central1-api"},"extension":{},"message":"\u001b[90m> \u001b[39m     at generateV1Error (C:\\Users\\sata\\OneDrive\\Desktop\\phase-1\\phase-5\\Amazon-clone-2024\\amazon-clone\\functions\\node_modules\\stripe\\cjs\\Error.js:11:20)"}}
[info] >      at res.toJSON.then.Error_js_1.StripeAPIError.message (C:\Users\sata\OneDrive\Desktop\phase-1\phase-5\Amazon-clone-2024\amazon-clone\functions\node_modules\stripe\cjs\RequestSender.js:108:62) {"user":"    at res.toJSON.then.Error_js_1.StripeAPIError.message (C:\\Users\\sata\\OneDrive\\Desktop\\phase-1\\phase-5\\Amazon-clone-2024\\amazon-clone\\functions\\node_modules\\stripe\\cjs\\RequestSender.js:108:62)","metadata":{"emulator":{"name":"functions"},"function":{"name":"us-central1-api"},"extension":{},"message":"\u001b[90m> \u001b[39m     at res.toJSON.then.Error_js_1.StripeAPIError.message (C:\\Users\\sata\\OneDrive\\Desktop\\phase-1\\phase-5\\Amazon-clone-2024\\amazon-clone\\functions\\node_modules\\stripe\\cjs\\RequestSender.js:108:62)"}}
[info] >      at process.processTicksAndRejections (node:internal/process/task_queues:95:5) { {"user":"    at process.processTicksAndRejections (node:internal/process/task_queues:95:5) {","metadata":{"emulator":{"name":"functions"},"function":{"name":"us-central1-api"},"extension":{},"message":"\u001b[90m> \u001b[39m     at process.processTicksAndRejections (node:internal/process/task_queues:95:5) {"}}
[info] >    type: 'StripeInvalidRequestError', {"user":"  type: 'StripeInvalidRequestError',","metadata":{"emulator":{"name":"functions"},"function":{"name":"us-central1-api"},"extension":{},"message":"\u001b[90m> \u001b[39m   type: 'StripeInvalidRequestError',"}}
[info] >    raw: { {"user":"  raw: {","metadata":{"emulator":{"name":"functions"},"function":{"name":"us-central1-api"},"extension":{},"message":"\u001b[90m> \u001b[39m   raw: {"}}
[info] >      code: 'parameter_invalid_integer', {"user":"    code: 'parameter_invalid_integer',","metadata":{"emulator":{"name":"functions"},"function":{"name":"us-central1-api"},"extension":{},"message":"\u001b[90m> \u001b[39m     code: 'parameter_invalid_integer',"}}
[info] >      doc_url: 'https://stripe.com/docs/error-codes/parameter-invalid-integer', {"user":"    doc_url: 'https://stripe.com/docs/error-codes/parameter-invalid-integer',","metadata":{"emulator":{"name":"functions"},"function":{"name":"us-central1-api"},"extension":{},"message":"\u001b[90m> \u001b[39m     doc_url: 'https://stripe.com/docs/error-codes/parameter-invalid-integer',"}}
[info] >      message: 'The amount must be greater than or equal to the minimum charge amount allowed for your account and the currency set (https://docs.stripe.com/currencies#minimum-and-maximum-charge-amounts).  If you want to save a Payment Method for future use without an immediate payment, use a Setup Intent instead: https://docs.stripe.com/payments/setup-intents', {"user":"    message: 'The amount must be greater than or equal to the minimum charge amount allowed for your account and the currency set (https://docs.stripe.com/currencies#minimum-and-maximum-charge-amounts).  If you want to save a Payment Method for future use without an immediate payment, use a Setup Intent instead: https://docs.stripe.com/payments/setup-intents',","metadata":{"emulator":{"name":"functions"},"function":{"name":"us-central1-api"},"extension":{},"message":"\u001b[90m> \u001b[39m     message: 'The amount must be greater than or equal to the minimum charge amount allowed for your account and the currency set (https://docs.stripe.com/currencies#minimum-and-maximum-charge-amounts).  If you want to save a Payment Method for future use without an immediate payment, use a Setup Intent instead: https://docs.stripe.com/payments/setup-intents',"}}
[info] >      param: 'amount', {"user":"    param: 'amount',","metadata":{"emulator":{"name":"functions"},"function":{"name":"us-central1-api"},"extension":{},"message":"\u001b[90m> \u001b[39m     param: 'amount',"}}
[info] >      request_log_url: 'https://dashboard.stripe.com/test/logs/req_o3AR41py0YWsiR?t=1738587751', {"user":"    request_log_url: 'https://dashboard.stripe.com/test/logs/req_o3AR41py0YWsiR?t=1738587751',","metadata":{"emulator":{"name":"functions"},"function":{"name":"us-central1-api"},"extension":{},"message":"\u001b[90m> \u001b[39m     request_log_url: 'https://dashboard.stripe.com/test/logs/req_o3AR41py0YWsiR?t=1738587751',"}}
[info] >      type: 'invalid_request_error', {"user":"    type: 'invalid_request_error',","metadata":{"emulator":{"name":"functions"},"function":{"name":"us-central1-api"},"extension":{},"message":"\u001b[90m> \u001b[39m     type: 'invalid_request_error',"}}
[info] >      headers: { {"user":"    headers: {","metadata":{"emulator":{"name":"functions"},"function":{"name":"us-central1-api"},"extension":{},"message":"\u001b[90m> \u001b[39m     headers: {"}}
[info] >        server: 'nginx', {"user":"      server: 'nginx',","metadata":{"emulator":{"name":"functions"},"function":{"name":"us-central1-api"},"extension":{},"message":"\u001b[90m> \u001b[39m       server: 'nginx',"}}
[info] >        date: 'Mon, 03 Feb 2025 13:02:31 GMT', {"user":"      date: 'Mon, 03 Feb 2025 13:02:31 GMT',","metadata":{"emulator":{"name":"functions"},"function":{"name":"us-central1-api"},"extension":{},"message":"\u001b[90m> \u001b[39m       date: 'Mon, 03 Feb 2025 13:02:31 GMT',"}}
[info] >        'content-type': 'application/json', {"user":"      'content-type': 'application/json',","metadata":{"emulator":{"name":"functions"},"function":{"name":"us-central1-api"},"extension":{},"message":"\u001b[90m> \u001b[39m       'content-type': 'application/json',"}}
[info] >        'content-length': '663', {"user":"      'content-length': '663',","metadata":{"emulator":{"name":"functions"},"function":{"name":"us-central1-api"},"extension":{},"message":"\u001b[90m> \u001b[39m       'content-length': '663',"}}
[info] >        connection: 'keep-alive', {"user":"      connection: 'keep-alive',","metadata":{"emulator":{"name":"functions"},"function":{"name":"us-central1-api"},"extension":{},"message":"\u001b[90m> \u001b[39m       connection: 'keep-alive',"}}
[info] >        'access-control-allow-credentials': 'true', {"user":"      'access-control-allow-credentials': 'true',","metadata":{"emulator":{"name":"functions"},"function":{"name":"us-central1-api"},"extension":{},"message":"\u001b[90m> \u001b[39m       'access-control-allow-credentials': 'true',"}}
[info] >        'access-control-allow-methods': 'GET, HEAD, PUT, PATCH, POST, DELETE', {"user":"      'access-control-allow-methods': 'GET, HEAD, PUT, PATCH, POST, DELETE',","metadata":{"emulator":{"name":"functions"},"function":{"name":"us-central1-api"},"extension":{},"message":"\u001b[90m> \u001b[39m       'access-control-allow-methods': 'GET, HEAD, PUT, PATCH, POST, DELETE',"}}
[info] >        'access-control-allow-origin': '*', {"user":"      'access-control-allow-origin': '*',","metadata":{"emulator":{"name":"functions"},"function":{"name":"us-central1-api"},"extension":{},"message":"\u001b[90m> \u001b[39m       'access-control-allow-origin': '*',"}}
[info] >        'access-control-expose-headers': 'Request-Id, Stripe-Manage-Version, Stripe-Should-Retry, X-Stripe-External-Auth-Required, X-Stripe-Privileged-Session-Required', {"user":"      'access-control-expose-headers': 'Request-Id, Stripe-Manage-Version, Stripe-Should-Retry, X-Stripe-External-Auth-Required, X-Stripe-Privileged-Session-Required',","metadata":{"emulator":{"name":"functions"},"function":{"name":"us-central1-api"},"extension":{},"message":"\u001b[90m> \u001b[39m       'access-control-expose-headers': 'Request-Id, Stripe-Manage-Version, Stripe-Should-Retry, X-Stripe-External-Auth-Required, X-Stripe-Privileged-Session-Required',"}}
[info] >        'access-control-max-age': '300', {"user":"      'access-control-max-age': '300',","metadata":{"emulator":{"name":"functions"},"function":{"name":"us-central1-api"},"extension":{},"message":"\u001b[90m> \u001b[39m       'access-control-max-age': '300',"}}
[info] >        'cache-control': 'no-cache, no-store', {"user":"      'cache-control': 'no-cache, no-store',","metadata":{"emulator":{"name":"functions"},"function":{"name":"us-central1-api"},"extension":{},"message":"\u001b[90m> \u001b[39m       'cache-control': 'no-cache, no-store',"}}
[info] >        'content-security-policy': "base-uri 'none'; default-src 'none'; form-action 'none'; frame-ancestors 'none'; img-src 'self'; script-src 'self' 'report-sample'; style-src 'self'; upgrade-insecure-requests; report-uri https://q.stripe.com/csp-violation?q=R89iawu_JDDYwm8KOYfhtC4ReTWTp3Q_kN0MrgV-utl40mHtnZME0IoULhL7j9NlMKVHVEGhuFkYpBdM", {"user":"      'content-security-policy': \"base-uri 'none'; default-src 'none'; form-action 'none'; frame-ancestors 'none'; img-src 'self'; script-src 'self' 'report-sample'; style-src 'self'; upgrade-insecure-requests; report-uri https://q.stripe.com/csp-violation?q=R89iawu_JDDYwm8KOYfhtC4ReTWTp3Q_kN0MrgV-utl40mHtnZME0IoULhL7j9NlMKVHVEGhuFkYpBdM\",","metadata":{"emulator":{"name":"functions"},"function":{"name":"us-central1-api"},"extension":{},"message":"\u001b[90m> \u001b[39m       'content-security-policy': \"base-uri 'none'; default-src 'none'; form-action 'none'; frame-ancestors 'none'; img-src 'self'; script-src 'self' 'report-sample'; style-src 'self'; upgrade-insecure-requests; report-uri https://q.stripe.com/csp-violation?q=R89iawu_JDDYwm8KOYfhtC4ReTWTp3Q_kN0MrgV-utl40mHtnZME0IoULhL7j9NlMKVHVEGhuFkYpBdM\","}}
[info] >        'cross-origin-opener-policy-report-only': 'same-origin; report-to="coop"', {"user":"      'cross-origin-opener-policy-report-only': 'same-origin; report-to=\"coop\"',","metadata":{"emulator":{"name":"functions"},"function":{"name":"us-central1-api"},"extension":{},"message":"\u001b[90m> \u001b[39m       'cross-origin-opener-policy-report-only': 'same-origin; report-to=\"coop\"',"}}
[info] >        'idempotency-key': 'stripe-node-retry-e7d6b458-910f-4514-849d-d2af27fe9336', {"user":"      'idempotency-key': 'stripe-node-retry-e7d6b458-910f-4514-849d-d2af27fe9336',","metadata":{"emulator":{"name":"functions"},"function":{"name":"us-central1-api"},"extension":{},"message":"\u001b[90m> \u001b[39m       'idempotency-key': 'stripe-node-retry-e7d6b458-910f-4514-849d-d2af27fe9336',"}}
[info] >        'original-request': 'req_o3AR41py0YWsiR', {"user":"      'original-request': 'req_o3AR41py0YWsiR',","metadata":{"emulator":{"name":"functions"},"function":{"name":"us-central1-api"},"extension":{},"message":"\u001b[90m> \u001b[39m       'original-request': 'req_o3AR41py0YWsiR',"}}
[info] >        'report-to': '{"group":"coop","max_age":8640,"endpoints":[{"url":"https://q.stripe.com/coop-report"}],"include_subdomains":true}', {"user":"      'report-to': '{\"group\":\"coop\",\"max_age\":8640,\"endpoints\":[{\"url\":\"https://q.stripe.com/coop-report\"}],\"include_subdomains\":true}',","metadata":{"emulator":{"name":"functions"},"function":{"name":"us-central1-api"},"extension":{},"message":"\u001b[90m> \u001b[39m       'report-to': '{\"group\":\"coop\",\"max_age\":8640,\"endpoints\":[{\"url\":\"https://q.stripe.com/coop-report\"}],\"include_subdomains\":true}',"}}
[info] >        'reporting-endpoints': 'coop="https://q.stripe.com/coop-report"', {"user":"      'reporting-endpoints': 'coop=\"https://q.stripe.com/coop-report\"',","metadata":{"emulator":{"name":"functions"},"function":{"name":"us-central1-api"},"extension":{},"message":"\u001b[90m> \u001b[39m       'reporting-endpoints': 'coop=\"https://q.stripe.com/coop-report\"',"}}
[info] >        'request-id': 'req_o3AR41py0YWsiR', {"user":"      'request-id': 'req_o3AR41py0YWsiR',","metadata":{"emulator":{"name":"functions"},"function":{"name":"us-central1-api"},"extension":{},"message":"\u001b[90m> \u001b[39m       'request-id': 'req_o3AR41py0YWsiR',"}}
[info] >        'stripe-version': '2025-01-27.acacia', {"user":"      'stripe-version': '2025-01-27.acacia',","metadata":{"emulator":{"name":"functions"},"function":{"name":"us-central1-api"},"extension":{},"message":"\u001b[90m> \u001b[39m       'stripe-version': '2025-01-27.acacia',"}}
[info] >        vary: 'Origin', {"user":"      vary: 'Origin',","metadata":{"emulator":{"name":"functions"},"function":{"name":"us-central1-api"},"extension":{},"message":"\u001b[90m> \u001b[39m       vary: 'Origin',"}}
[info] >        'x-stripe-priority-routing-enabled': 'true', {"user":"      'x-stripe-priority-routing-enabled': 'true',","metadata":{"emulator":{"name":"functions"},"function":{"name":"us-central1-api"},"extension":{},"message":"\u001b[90m> \u001b[39m       'x-stripe-priority-routing-enabled': 'true',"}}
[info] >        'x-stripe-routing-context-priority-tier': 'api-testmode', {"user":"      'x-stripe-routing-context-priority-tier': 'api-testmode',","metadata":{"emulator":{"name":"functions"},"function":{"name":"us-central1-api"},"extension":{},"message":"\u001b[90m> \u001b[39m       'x-stripe-routing-context-priority-tier': 'api-testmode',"}}
[info] >        'x-wc': 'AB', {"user":"      'x-wc': 'AB',","metadata":{"emulator":{"name":"functions"},"function":{"name":"us-central1-api"},"extension":{},"message":"\u001b[90m> \u001b[39m       'x-wc': 'AB',"}}
[info] >        'strict-transport-security': 'max-age=63072000; includeSubDomains; preload' {"user":"      'strict-transport-security': 'max-age=63072000; includeSubDomains; preload'","metadata":{"emulator":{"name":"functions"},"function":{"name":"us-central1-api"},"extension":{},"message":"\u001b[90m> \u001b[39m       'strict-transport-security': 'max-age=63072000; includeSubDomains; preload'"}}
[info] >      }, {"user":"    },","metadata":{"emulator":{"name":"functions"},"function":{"name":"us-central1-api"},"extension":{},"message":"\u001b[90m> \u001b[39m     },"}}
[info] >      statusCode: 400, {"user":"    statusCode: 400,","metadata":{"emulator":{"name":"functions"},"function":{"name":"us-central1-api"},"extension":{},"message":"\u001b[90m> \u001b[39m     statusCode: 400,"}}
[info] >      requestId: 'req_o3AR41py0YWsiR' {"user":"    requestId: 'req_o3AR41py0YWsiR'","metadata":{"emulator":{"name":"functions"},"function":{"name":"us-central1-api"},"extension":{},"message":"\u001b[90m> \u001b[39m     requestId: 'req_o3AR41py0YWsiR'"}}
[info] >    }, {"user":"  },","metadata":{"emulator":{"name":"functions"},"function":{"name":"us-central1-api"},"extension":{},"message":"\u001b[90m> \u001b[39m   },"}}
[info] >    rawType: 'invalid_request_error', {"user":"  rawType: 'invalid_request_error',","metadata":{"emulator":{"name":"functions"},"function":{"name":"us-central1-api"},"extension":{},"message":"\u001b[90m> \u001b[39m   rawType: 'invalid_request_error',"}}
[info] >    code: 'parameter_invalid_integer', {"user":"  code: 'parameter_invalid_integer',","metadata":{"emulator":{"name":"functions"},"function":{"name":"us-central1-api"},"extension":{},"message":"\u001b[90m> \u001b[39m   code: 'parameter_invalid_integer',"}}
[info] >    doc_url: 'https://stripe.com/docs/error-codes/parameter-invalid-integer', {"user":"  doc_url: 'https://stripe.com/docs/error-codes/parameter-invalid-integer',","metadata":{"emulator":{"name":"functions"},"function":{"name":"us-central1-api"},"extension":{},"message":"\u001b[90m> \u001b[39m   doc_url: 'https://stripe.com/docs/error-codes/parameter-invalid-integer',"}}
[info] >    param: 'amount', {"user":"  param: 'amount',","metadata":{"emulator":{"name":"functions"},"function":{"name":"us-central1-api"},"extension":{},"message":"\u001b[90m> \u001b[39m   param: 'amount',"}}
[info] >    detail: undefined, {"user":"  detail: undefined,","metadata":{"emulator":{"name":"functions"},"function":{"name":"us-central1-api"},"extension":{},"message":"\u001b[90m> \u001b[39m   detail: undefined,"}}
[info] >    headers: { {"user":"  headers: {","metadata":{"emulator":{"name":"functions"},"function":{"name":"us-central1-api"},"extension":{},"message":"\u001b[90m> \u001b[39m   headers: {"}}
[info] >      server: 'nginx', {"user":"    server: 'nginx',","metadata":{"emulator":{"name":"functions"},"function":{"name":"us-central1-api"},"extension":{},"message":"\u001b[90m> \u001b[39m     server: 'nginx',"}}
[info] >      date: 'Mon, 03 Feb 2025 13:02:31 GMT', {"user":"    date: 'Mon, 03 Feb 2025 13:02:31 GMT',","metadata":{"emulator":{"name":"functions"},"function":{"name":"us-central1-api"},"extension":{},"message":"\u001b[90m> \u001b[39m     date: 'Mon, 03 Feb 2025 13:02:31 GMT',"}}
[info] >      'content-type': 'application/json', {"user":"    'content-type': 'application/json',","metadata":{"emulator":{"name":"functions"},"function":{"name":"us-central1-api"},"extension":{},"message":"\u001b[90m> \u001b[39m     'content-type': 'application/json',"}}
[info] >      'content-length': '663', {"user":"    'content-length': '663',","metadata":{"emulator":{"name":"functions"},"function":{"name":"us-central1-api"},"extension":{},"message":"\u001b[90m> \u001b[39m     'content-length': '663',"}}
[info] >      connection: 'keep-alive', {"user":"    connection: 'keep-alive',","metadata":{"emulator":{"name":"functions"},"function":{"name":"us-central1-api"},"extension":{},"message":"\u001b[90m> \u001b[39m     connection: 'keep-alive',"}}
[info] >      'access-control-allow-credentials': 'true', {"user":"    'access-control-allow-credentials': 'true',","metadata":{"emulator":{"name":"functions"},"function":{"name":"us-central1-api"},"extension":{},"message":"\u001b[90m> \u001b[39m     'access-control-allow-credentials': 'true',"}}
[info] >      'access-control-allow-methods': 'GET, HEAD, PUT, PATCH, POST, DELETE', {"user":"    'access-control-allow-methods': 'GET, HEAD, PUT, PATCH, POST, DELETE',","metadata":{"emulator":{"name":"functions"},"function":{"name":"us-central1-api"},"extension":{},"message":"\u001b[90m> \u001b[39m     'access-control-allow-methods': 'GET, HEAD, PUT, PATCH, POST, DELETE',"}}
[info] >      'access-control-allow-origin': '*', {"user":"    'access-control-allow-origin': '*',","metadata":{"emulator":{"name":"functions"},"function":{"name":"us-central1-api"},"extension":{},"message":"\u001b[90m> \u001b[39m     'access-control-allow-origin': '*',"}}
[info] >      'access-control-expose-headers': 'Request-Id, Stripe-Manage-Version, Stripe-Should-Retry, X-Stripe-External-Auth-Required, X-Stripe-Privileged-Session-Required', {"user":"    'access-control-expose-headers': 'Request-Id, Stripe-Manage-Version, Stripe-Should-Retry, X-Stripe-External-Auth-Required, X-Stripe-Privileged-Session-Required',","metadata":{"emulator":{"name":"functions"},"function":{"name":"us-central1-api"},"extension":{},"message":"\u001b[90m> \u001b[39m     'access-control-expose-headers': 'Request-Id, Stripe-Manage-Version, Stripe-Should-Retry, X-Stripe-External-Auth-Required, X-Stripe-Privileged-Session-Required',"}}
[info] >      'access-control-max-age': '300', {"user":"    'access-control-max-age': '300',","metadata":{"emulator":{"name":"functions"},"function":{"name":"us-central1-api"},"extension":{},"message":"\u001b[90m> \u001b[39m     'access-control-max-age': '300',"}}
[info] >      'cache-control': 'no-cache, no-store', {"user":"    'cache-control': 'no-cache, no-store',","metadata":{"emulator":{"name":"functions"},"function":{"name":"us-central1-api"},"extension":{},"message":"\u001b[90m> \u001b[39m     'cache-control': 'no-cache, no-store',"}}
[info] >      'content-security-policy': "base-uri 'none'; default-src 'none'; form-action 'none'; frame-ancestors 'none'; img-src 'self'; script-src 'self' 'report-sample'; style-src 'self'; upgrade-insecure-requests; report-uri https://q.stripe.com/csp-violation?q=R89iawu_JDDYwm8KOYfhtC4ReTWTp3Q_kN0MrgV-utl40mHtnZME0IoULhL7j9NlMKVHVEGhuFkYpBdM", {"user":"    'content-security-policy': \"base-uri 'none'; default-src 'none'; form-action 'none'; frame-ancestors 'none'; img-src 'self'; script-src 'self' 'report-sample'; style-src 'self'; upgrade-insecure-requests; report-uri https://q.stripe.com/csp-violation?q=R89iawu_JDDYwm8KOYfhtC4ReTWTp3Q_kN0MrgV-utl40mHtnZME0IoULhL7j9NlMKVHVEGhuFkYpBdM\",","metadata":{"emulator":{"name":"functions"},"function":{"name":"us-central1-api"},"extension":{},"message":"\u001b[90m> \u001b[39m     'content-security-policy': \"base-uri 'none'; default-src 'none'; form-action 'none'; frame-ancestors 'none'; img-src 'self'; script-src 'self' 'report-sample'; style-src 'self'; upgrade-insecure-requests; report-uri https://q.stripe.com/csp-violation?q=R89iawu_JDDYwm8KOYfhtC4ReTWTp3Q_kN0MrgV-utl40mHtnZME0IoULhL7j9NlMKVHVEGhuFkYpBdM\","}}
[info] >      'cross-origin-opener-policy-report-only': 'same-origin; report-to="coop"', {"user":"    'cross-origin-opener-policy-report-only': 'same-origin; report-to=\"coop\"',","metadata":{"emulator":{"name":"functions"},"function":{"name":"us-central1-api"},"extension":{},"message":"\u001b[90m> \u001b[39m     'cross-origin-opener-policy-report-only': 'same-origin; report-to=\"coop\"',"}}
[info] >      'idempotency-key': 'stripe-node-retry-e7d6b458-910f-4514-849d-d2af27fe9336', {"user":"    'idempotency-key': 'stripe-node-retry-e7d6b458-910f-4514-849d-d2af27fe9336',","metadata":{"emulator":{"name":"functions"},"function":{"name":"us-central1-api"},"extension":{},"message":"\u001b[90m> \u001b[39m     'idempotency-key': 'stripe-node-retry-e7d6b458-910f-4514-849d-d2af27fe9336',"}}
[info] >      'original-request': 'req_o3AR41py0YWsiR', {"user":"    'original-request': 'req_o3AR41py0YWsiR',","metadata":{"emulator":{"name":"functions"},"function":{"name":"us-central1-api"},"extension":{},"message":"\u001b[90m> \u001b[39m     'original-request': 'req_o3AR41py0YWsiR',"}}
[info] >      'report-to': '{"group":"coop","max_age":8640,"endpoints":[{"url":"https://q.stripe.com/coop-report"}],"include_subdomains":true}', {"user":"    'report-to': '{\"group\":\"coop\",\"max_age\":8640,\"endpoints\":[{\"url\":\"https://q.stripe.com/coop-report\"}],\"include_subdomains\":true}',","metadata":{"emulator":{"name":"functions"},"function":{"name":"us-central1-api"},"extension":{},"message":"\u001b[90m> \u001b[39m     'report-to': '{\"group\":\"coop\",\"max_age\":8640,\"endpoints\":[{\"url\":\"https://q.stripe.com/coop-report\"}],\"include_subdomains\":true}',"}}
[info] >      'reporting-endpoints': 'coop="https://q.stripe.com/coop-report"', {"user":"    'reporting-endpoints': 'coop=\"https://q.stripe.com/coop-report\"',","metadata":{"emulator":{"name":"functions"},"function":{"name":"us-central1-api"},"extension":{},"message":"\u001b[90m> \u001b[39m     'reporting-endpoints': 'coop=\"https://q.stripe.com/coop-report\"',"}}
[info] >      'request-id': 'req_o3AR41py0YWsiR', {"user":"    'request-id': 'req_o3AR41py0YWsiR',","metadata":{"emulator":{"name":"functions"},"function":{"name":"us-central1-api"},"extension":{},"message":"\u001b[90m> \u001b[39m     'request-id': 'req_o3AR41py0YWsiR',"}}
[info] >      'stripe-version': '2025-01-27.acacia', {"user":"    'stripe-version': '2025-01-27.acacia',","metadata":{"emulator":{"name":"functions"},"function":{"name":"us-central1-api"},"extension":{},"message":"\u001b[90m> \u001b[39m     'stripe-version': '2025-01-27.acacia',"}}
[info] >      vary: 'Origin', {"user":"    vary: 'Origin',","metadata":{"emulator":{"name":"functions"},"function":{"name":"us-central1-api"},"extension":{},"message":"\u001b[90m> \u001b[39m     vary: 'Origin',"}}
[info] >      'x-stripe-priority-routing-enabled': 'true', {"user":"    'x-stripe-priority-routing-enabled': 'true',","metadata":{"emulator":{"name":"functions"},"function":{"name":"us-central1-api"},"extension":{},"message":"\u001b[90m> \u001b[39m     'x-stripe-priority-routing-enabled': 'true',"}}
[info] >      'x-stripe-routing-context-priority-tier': 'api-testmode', {"user":"    'x-stripe-routing-context-priority-tier': 'api-testmode',","metadata":{"emulator":{"name":"functions"},"function":{"name":"us-central1-api"},"extension":{},"message":"\u001b[90m> \u001b[39m     'x-stripe-routing-context-priority-tier': 'api-testmode',"}}
[info] >      'x-wc': 'AB', {"user":"    'x-wc': 'AB',","metadata":{"emulator":{"name":"functions"},"function":{"name":"us-central1-api"},"extension":{},"message":"\u001b[90m> \u001b[39m     'x-wc': 'AB',"}}
[info] >      'strict-transport-security': 'max-age=63072000; includeSubDomains; preload' {"user":"    'strict-transport-security': 'max-age=63072000; includeSubDomains; preload'","metadata":{"emulator":{"name":"functions"},"function":{"name":"us-central1-api"},"extension":{},"message":"\u001b[90m> \u001b[39m     'strict-transport-security': 'max-age=63072000; includeSubDomains; preload'"}}
[info] >    }, {"user":"  },","metadata":{"emulator":{"name":"functions"},"function":{"name":"us-central1-api"},"extension":{},"message":"\u001b[90m> \u001b[39m   },"}}
[info] >    requestId: 'req_o3AR41py0YWsiR', {"user":"  requestId: 'req_o3AR41py0YWsiR',","metadata":{"emulator":{"name":"functions"},"function":{"name":"us-central1-api"},"extension":{},"message":"\u001b[90m> \u001b[39m   requestId: 'req_o3AR41py0YWsiR',"}}
[info] >    statusCode: 400, {"user":"  statusCode: 400,","metadata":{"emulator":{"name":"functions"},"function":{"name":"us-central1-api"},"extension":{},"message":"\u001b[90m> \u001b[39m   statusCode: 400,"}}
[info] >    userMessage: undefined, {"user":"  userMessage: undefined,","metadata":{"emulator":{"name":"functions"},"function":{"name":"us-central1-api"},"extension":{},"message":"\u001b[90m> \u001b[39m   userMessage: undefined,"}}
[info] >    charge: undefined, {"user":"  charge: undefined,","metadata":{"emulator":{"name":"functions"},"function":{"name":"us-central1-api"},"extension":{},"message":"\u001b[90m> \u001b[39m   charge: undefined,"}}
[info] >    decline_code: undefined, {"user":"  decline_code: undefined,","metadata":{"emulator":{"name":"functions"},"function":{"name":"us-central1-api"},"extension":{},"message":"\u001b[90m> \u001b[39m   decline_code: undefined,"}}
[info] >    payment_intent: undefined, {"user":"  payment_intent: undefined,","metadata":{"emulator":{"name":"functions"},"function":{"name":"us-central1-api"},"extension":{},"message":"\u001b[90m> \u001b[39m   payment_intent: undefined,"}}
[info] >    payment_method: undefined, {"user":"  payment_method: undefined,","metadata":{"emulator":{"name":"functions"},"function":{"name":"us-central1-api"},"extension":{},"message":"\u001b[90m> \u001b[39m   payment_method: undefined,"}}
[info] >    payment_method_type: undefined, {"user":"  payment_method_type: undefined,","metadata":{"emulator":{"name":"functions"},"function":{"name":"us-central1-api"},"extension":{},"message":"\u001b[90m> \u001b[39m   payment_method_type: undefined,"}}
[info] >    setup_intent: undefined, {"user":"  setup_intent: undefined,","metadata":{"emulator":{"name":"functions"},"function":{"name":"us-central1-api"},"extension":{},"message":"\u001b[90m> \u001b[39m   setup_intent: undefined,"}}
[info] >    source: undefined {"user":"  source: undefined","metadata":{"emulator":{"name":"functions"},"function":{"name":"us-central1-api"},"extension":{},"message":"\u001b[90m> \u001b[39m   source: undefined"}}
[info] >  } {"user":"}","metadata":{"emulator":{"name":"functions"},"function":{"name":"us-central1-api"},"extension":{},"message":"\u001b[90m> \u001b[39m }"}}
[debug] [2025-02-03T13:02:31.143Z] Finishing up request with event=pause {"metadata":{"emulator":{"name":"functions"},"function":{"name":"us-central1-api"},"extension":{},"message":"Finishing up request with event=pause"}}
[info] i  functions: Finished "us-central1-api" in 514.2291ms {"metadata":{"emulator":{"name":"functions"},"function":{"name":"us-central1-api"},"extension":{},"message":"Finished \"us-central1-api\" in 514.2291ms"}}
[debug] [2025-02-03T13:02:31.146Z] [worker-us-central1-api-f2df7793-dd30-4128-aa50-a5fdcf6772d2]: IDLE {"metadata":{"emulator":{"name":"functions"},"function":{"name":"us-central1-api"},"extension":{},"message":"[worker-us-central1-api-f2df7793-dd30-4128-aa50-a5fdcf6772d2]: IDLE"}}
[debug] [2025-02-03T13:02:31.146Z] Finishing up request with event=finish {"metadata":{"emulator":{"name":"functions"},"function":{"name":"us-central1-api"},"extension":{},"message":"Finishing up request with event=finish"}}
[debug] [2025-02-03T13:02:31.147Z] Finishing up request with event=close {"metadata":{"emulator":{"name":"functions"},"function":{"name":"us-central1-api"},"extension":{},"message":"Finishing up request with event=close"}}
[debug] [2025-02-03T13:02:31.147Z] [work-queue] {"queuedWork":[],"queueLength":0,"runningWork":["/novemb-f2496/us-central1/api/payments/create-2025-02-03T13:02:30.637Z"],"workRunningCount":1}
[info] >  Error creating payment intent: StripeInvalidRequestError: The amount must be greater than or equal to the minimum charge amount allowed for your account and the currency set (https://docs.stripe.com/currencies#minimum-and-maximum-charge-amounts).  If you want to save a Payment Method for future use without an immediate payment, use a Setup Intent instead: https://docs.stripe.com/payments/setup-intents {"user":"Error creating payment intent: StripeInvalidRequestError: The amount must be greater than or equal to the minimum charge amount allowed for your account and the currency set (https://docs.stripe.com/currencies#minimum-and-maximum-charge-amounts).  If you want to save a Payment Method for future use without an immediate payment, use a Setup Intent instead: https://docs.stripe.com/payments/setup-intents","metadata":{"emulator":{"name":"functions"},"function":{"name":"us-central1-api"},"extension":{},"message":"\u001b[90m> \u001b[39m Error creating payment intent: StripeInvalidRequestError: The amount must be greater than or equal to the minimum charge amount allowed for your account and the currency set (https://docs.stripe.com/currencies#minimum-and-maximum-charge-amounts).  If you want to save a Payment Method for future use without an immediate payment, use a Setup Intent instead: https://docs.stripe.com/payments/setup-intents"}}
[info] >      at generateV1Error (C:\Users\sata\OneDrive\Desktop\phase-1\phase-5\Amazon-clone-2024\amazon-clone\functions\node_modules\stripe\cjs\Error.js:11:20) {"user":"    at generateV1Error (C:\\Users\\sata\\OneDrive\\Desktop\\phase-1\\phase-5\\Amazon-clone-2024\\amazon-clone\\functions\\node_modules\\stripe\\cjs\\Error.js:11:20)","metadata":{"emulator":{"name":"functions"},"function":{"name":"us-central1-api"},"extension":{},"message":"\u001b[90m> \u001b[39m     at generateV1Error (C:\\Users\\sata\\OneDrive\\Desktop\\phase-1\\phase-5\\Amazon-clone-2024\\amazon-clone\\functions\\node_modules\\stripe\\cjs\\Error.js:11:20)"}}
[info] >      at res.toJSON.then.Error_js_1.StripeAPIError.message (C:\Users\sata\OneDrive\Desktop\phase-1\phase-5\Amazon-clone-2024\amazon-clone\functions\node_modules\stripe\cjs\RequestSender.js:108:62) {"user":"    at res.toJSON.then.Error_js_1.StripeAPIError.message (C:\\Users\\sata\\OneDrive\\Desktop\\phase-1\\phase-5\\Amazon-clone-2024\\amazon-clone\\functions\\node_modules\\stripe\\cjs\\RequestSender.js:108:62)","metadata":{"emulator":{"name":"functions"},"function":{"name":"us-central1-api"},"extension":{},"message":"\u001b[90m> \u001b[39m     at res.toJSON.then.Error_js_1.StripeAPIError.message (C:\\Users\\sata\\OneDrive\\Desktop\\phase-1\\phase-5\\Amazon-clone-2024\\amazon-clone\\functions\\node_modules\\stripe\\cjs\\RequestSender.js:108:62)"}}
[info] >      at process.processTicksAndRejections (node:internal/process/task_queues:95:5) { {"user":"    at process.processTicksAndRejections (node:internal/process/task_queues:95:5) {","metadata":{"emulator":{"name":"functions"},"function":{"name":"us-central1-api"},"extension":{},"message":"\u001b[90m> \u001b[39m     at process.processTicksAndRejections (node:internal/process/task_queues:95:5) {"}}
[info] >    type: 'StripeInvalidRequestError', {"user":"  type: 'StripeInvalidRequestError',","metadata":{"emulator":{"name":"functions"},"function":{"name":"us-central1-api"},"extension":{},"message":"\u001b[90m> \u001b[39m   type: 'StripeInvalidRequestError',"}}
[info] >    raw: { {"user":"  raw: {","metadata":{"emulator":{"name":"functions"},"function":{"name":"us-central1-api"},"extension":{},"message":"\u001b[90m> \u001b[39m   raw: {"}}
[info] >      code: 'parameter_invalid_integer', {"user":"    code: 'parameter_invalid_integer',","metadata":{"emulator":{"name":"functions"},"function":{"name":"us-central1-api"},"extension":{},"message":"\u001b[90m> \u001b[39m     code: 'parameter_invalid_integer',"}}
[info] >      doc_url: 'https://stripe.com/docs/error-codes/parameter-invalid-integer', {"user":"    doc_url: 'https://stripe.com/docs/error-codes/parameter-invalid-integer',","metadata":{"emulator":{"name":"functions"},"function":{"name":"us-central1-api"},"extension":{},"message":"\u001b[90m> \u001b[39m     doc_url: 'https://stripe.com/docs/error-codes/parameter-invalid-integer',"}}
[info] >      message: 'The amount must be greater than or equal to the minimum charge amount allowed for your account and the currency set (https://docs.stripe.com/currencies#minimum-and-maximum-charge-amounts).  If you want to save a Payment Method for future use without an immediate payment, use a Setup Intent instead: https://docs.stripe.com/payments/setup-intents', {"user":"    message: 'The amount must be greater than or equal to the minimum charge amount allowed for your account and the currency set (https://docs.stripe.com/currencies#minimum-and-maximum-charge-amounts).  If you want to save a Payment Method for future use without an immediate payment, use a Setup Intent instead: https://docs.stripe.com/payments/setup-intents',","metadata":{"emulator":{"name":"functions"},"function":{"name":"us-central1-api"},"extension":{},"message":"\u001b[90m> \u001b[39m     message: 'The amount must be greater than or equal to the minimum charge amount allowed for your account and the currency set (https://docs.stripe.com/currencies#minimum-and-maximum-charge-amounts).  If you want to save a Payment Method for future use without an immediate payment, use a Setup Intent instead: https://docs.stripe.com/payments/setup-intents',"}}
[info] >      param: 'amount', {"user":"    param: 'amount',","metadata":{"emulator":{"name":"functions"},"function":{"name":"us-central1-api"},"extension":{},"message":"\u001b[90m> \u001b[39m     param: 'amount',"}}
[info] >      request_log_url: 'https://dashboard.stripe.com/test/logs/req_vbkXwkB9gLQJnx?t=1738587751', {"user":"    request_log_url: 'https://dashboard.stripe.com/test/logs/req_vbkXwkB9gLQJnx?t=1738587751',","metadata":{"emulator":{"name":"functions"},"function":{"name":"us-central1-api"},"extension":{},"message":"\u001b[90m> \u001b[39m     request_log_url: 'https://dashboard.stripe.com/test/logs/req_vbkXwkB9gLQJnx?t=1738587751',"}}
[info] >      type: 'invalid_request_error', {"user":"    type: 'invalid_request_error',","metadata":{"emulator":{"name":"functions"},"function":{"name":"us-central1-api"},"extension":{},"message":"\u001b[90m> \u001b[39m     type: 'invalid_request_error',"}}
[info] >      headers: { {"user":"    headers: {","metadata":{"emulator":{"name":"functions"},"function":{"name":"us-central1-api"},"extension":{},"message":"\u001b[90m> \u001b[39m     headers: {"}}
[info] >        server: 'nginx', {"user":"      server: 'nginx',","metadata":{"emulator":{"name":"functions"},"function":{"name":"us-central1-api"},"extension":{},"message":"\u001b[90m> \u001b[39m       server: 'nginx',"}}
[info] >        date: 'Mon, 03 Feb 2025 13:02:31 GMT', {"user":"      date: 'Mon, 03 Feb 2025 13:02:31 GMT',","metadata":{"emulator":{"name":"functions"},"function":{"name":"us-central1-api"},"extension":{},"message":"\u001b[90m> \u001b[39m       date: 'Mon, 03 Feb 2025 13:02:31 GMT',"}}
[info] >        'content-type': 'application/json', {"user":"      'content-type': 'application/json',","metadata":{"emulator":{"name":"functions"},"function":{"name":"us-central1-api"},"extension":{},"message":"\u001b[90m> \u001b[39m       'content-type': 'application/json',"}}
[info] >        'content-length': '663', {"user":"      'content-length': '663',","metadata":{"emulator":{"name":"functions"},"function":{"name":"us-central1-api"},"extension":{},"message":"\u001b[90m> \u001b[39m       'content-length': '663',"}}
[info] >        connection: 'keep-alive', {"user":"      connection: 'keep-alive',","metadata":{"emulator":{"name":"functions"},"function":{"name":"us-central1-api"},"extension":{},"message":"\u001b[90m> \u001b[39m       connection: 'keep-alive',"}}
[info] >        'access-control-allow-credentials': 'true', {"user":"      'access-control-allow-credentials': 'true',","metadata":{"emulator":{"name":"functions"},"function":{"name":"us-central1-api"},"extension":{},"message":"\u001b[90m> \u001b[39m       'access-control-allow-credentials': 'true',"}}
[info] >        'access-control-allow-methods': 'GET, HEAD, PUT, PATCH, POST, DELETE', {"user":"      'access-control-allow-methods': 'GET, HEAD, PUT, PATCH, POST, DELETE',","metadata":{"emulator":{"name":"functions"},"function":{"name":"us-central1-api"},"extension":{},"message":"\u001b[90m> \u001b[39m       'access-control-allow-methods': 'GET, HEAD, PUT, PATCH, POST, DELETE',"}}
[info] >        'access-control-allow-origin': '*', {"user":"      'access-control-allow-origin': '*',","metadata":{"emulator":{"name":"functions"},"function":{"name":"us-central1-api"},"extension":{},"message":"\u001b[90m> \u001b[39m       'access-control-allow-origin': '*',"}}
[info] >        'access-control-expose-headers': 'Request-Id, Stripe-Manage-Version, Stripe-Should-Retry, X-Stripe-External-Auth-Required, X-Stripe-Privileged-Session-Required', {"user":"      'access-control-expose-headers': 'Request-Id, Stripe-Manage-Version, Stripe-Should-Retry, X-Stripe-External-Auth-Required, X-Stripe-Privileged-Session-Required',","metadata":{"emulator":{"name":"functions"},"function":{"name":"us-central1-api"},"extension":{},"message":"\u001b[90m> \u001b[39m       'access-control-expose-headers': 'Request-Id, Stripe-Manage-Version, Stripe-Should-Retry, X-Stripe-External-Auth-Required, X-Stripe-Privileged-Session-Required',"}}
[info] >        'access-control-max-age': '300', {"user":"      'access-control-max-age': '300',","metadata":{"emulator":{"name":"functions"},"function":{"name":"us-central1-api"},"extension":{},"message":"\u001b[90m> \u001b[39m       'access-control-max-age': '300',"}}
[info] >        'cache-control': 'no-cache, no-store', {"user":"      'cache-control': 'no-cache, no-store',","metadata":{"emulator":{"name":"functions"},"function":{"name":"us-central1-api"},"extension":{},"message":"\u001b[90m> \u001b[39m       'cache-control': 'no-cache, no-store',"}}
[info] >        'content-security-policy': "base-uri 'none'; default-src 'none'; form-action 'none'; frame-ancestors 'none'; img-src 'self'; script-src 'self' 'report-sample'; style-src 'self'; upgrade-insecure-requests; report-uri https://q.stripe.com/csp-violation?q=R89iawu_JDDYwm8KOYfhtC4ReTWTp3Q_kN0MrgV-utl40mHtnZME0IoULhL7j9NlMKVHVEGhuFkYpBdM", {"user":"      'content-security-policy': \"base-uri 'none'; default-src 'none'; form-action 'none'; frame-ancestors 'none'; img-src 'self'; script-src 'self' 'report-sample'; style-src 'self'; upgrade-insecure-requests; report-uri https://q.stripe.com/csp-violation?q=R89iawu_JDDYwm8KOYfhtC4ReTWTp3Q_kN0MrgV-utl40mHtnZME0IoULhL7j9NlMKVHVEGhuFkYpBdM\",","metadata":{"emulator":{"name":"functions"},"function":{"name":"us-central1-api"},"extension":{},"message":"\u001b[90m> \u001b[39m       'content-security-policy': \"base-uri 'none'; default-src 'none'; form-action 'none'; frame-ancestors 'none'; img-src 'self'; script-src 'self' 'report-sample'; style-src 'self'; upgrade-insecure-requests; report-uri https://q.stripe.com/csp-violation?q=R89iawu_JDDYwm8KOYfhtC4ReTWTp3Q_kN0MrgV-utl40mHtnZME0IoULhL7j9NlMKVHVEGhuFkYpBdM\","}}
[info] >        'cross-origin-opener-policy-report-only': 'same-origin; report-to="coop"', {"user":"      'cross-origin-opener-policy-report-only': 'same-origin; report-to=\"coop\"',","metadata":{"emulator":{"name":"functions"},"function":{"name":"us-central1-api"},"extension":{},"message":"\u001b[90m> \u001b[39m       'cross-origin-opener-policy-report-only': 'same-origin; report-to=\"coop\"',"}}
[info] >        'idempotency-key': 'stripe-node-retry-39411807-9c19-4a39-8267-4db81636b9e7', {"user":"      'idempotency-key': 'stripe-node-retry-39411807-9c19-4a39-8267-4db81636b9e7',","metadata":{"emulator":{"name":"functions"},"function":{"name":"us-central1-api"},"extension":{},"message":"\u001b[90m> \u001b[39m       'idempotency-key': 'stripe-node-retry-39411807-9c19-4a39-8267-4db81636b9e7',"}}
[info] >        'original-request': 'req_vbkXwkB9gLQJnx', {"user":"      'original-request': 'req_vbkXwkB9gLQJnx',","metadata":{"emulator":{"name":"functions"},"function":{"name":"us-central1-api"},"extension":{},"message":"\u001b[90m> \u001b[39m       'original-request': 'req_vbkXwkB9gLQJnx',"}}
[info] >        'report-to': '{"group":"coop","max_age":8640,"endpoints":[{"url":"https://q.stripe.com/coop-report"}],"include_subdomains":true}', {"user":"      'report-to': '{\"group\":\"coop\",\"max_age\":8640,\"endpoints\":[{\"url\":\"https://q.stripe.com/coop-report\"}],\"include_subdomains\":true}',","metadata":{"emulator":{"name":"functions"},"function":{"name":"us-central1-api"},"extension":{},"message":"\u001b[90m> \u001b[39m       'report-to': '{\"group\":\"coop\",\"max_age\":8640,\"endpoints\":[{\"url\":\"https://q.stripe.com/coop-report\"}],\"include_subdomains\":true}',"}}
[info] >        'reporting-endpoints': 'coop="https://q.stripe.com/coop-report"', {"user":"      'reporting-endpoints': 'coop=\"https://q.stripe.com/coop-report\"',","metadata":{"emulator":{"name":"functions"},"function":{"name":"us-central1-api"},"extension":{},"message":"\u001b[90m> \u001b[39m       'reporting-endpoints': 'coop=\"https://q.stripe.com/coop-report\"',"}}
[info] >        'request-id': 'req_vbkXwkB9gLQJnx', {"user":"      'request-id': 'req_vbkXwkB9gLQJnx',","metadata":{"emulator":{"name":"functions"},"function":{"name":"us-central1-api"},"extension":{},"message":"\u001b[90m> \u001b[39m       'request-id': 'req_vbkXwkB9gLQJnx',"}}
[info] >        'stripe-version': '2025-01-27.acacia', {"user":"      'stripe-version': '2025-01-27.acacia',","metadata":{"emulator":{"name":"functions"},"function":{"name":"us-central1-api"},"extension":{},"message":"\u001b[90m> \u001b[39m       'stripe-version': '2025-01-27.acacia',"}}
[info] >        vary: 'Origin', {"user":"      vary: 'Origin',","metadata":{"emulator":{"name":"functions"},"function":{"name":"us-central1-api"},"extension":{},"message":"\u001b[90m> \u001b[39m       vary: 'Origin',"}}
[info] >        'x-stripe-priority-routing-enabled': 'true', {"user":"      'x-stripe-priority-routing-enabled': 'true',","metadata":{"emulator":{"name":"functions"},"function":{"name":"us-central1-api"},"extension":{},"message":"\u001b[90m> \u001b[39m       'x-stripe-priority-routing-enabled': 'true',"}}
[info] >        'x-stripe-routing-context-priority-tier': 'api-testmode', {"user":"      'x-stripe-routing-context-priority-tier': 'api-testmode',","metadata":{"emulator":{"name":"functions"},"function":{"name":"us-central1-api"},"extension":{},"message":"\u001b[90m> \u001b[39m       'x-stripe-routing-context-priority-tier': 'api-testmode',"}}
[info] >        'x-wc': 'AB', {"user":"      'x-wc': 'AB',","metadata":{"emulator":{"name":"functions"},"function":{"name":"us-central1-api"},"extension":{},"message":"\u001b[90m> \u001b[39m       'x-wc': 'AB',"}}
[info] >        'strict-transport-security': 'max-age=63072000; includeSubDomains; preload' {"user":"      'strict-transport-security': 'max-age=63072000; includeSubDomains; preload'","metadata":{"emulator":{"name":"functions"},"function":{"name":"us-central1-api"},"extension":{},"message":"\u001b[90m> \u001b[39m       'strict-transport-security': 'max-age=63072000; includeSubDomains; preload'"}}
[info] >      }, {"user":"    },","metadata":{"emulator":{"name":"functions"},"function":{"name":"us-central1-api"},"extension":{},"message":"\u001b[90m> \u001b[39m     },"}}
[info] >      statusCode: 400, {"user":"    statusCode: 400,","metadata":{"emulator":{"name":"functions"},"function":{"name":"us-central1-api"},"extension":{},"message":"\u001b[90m> \u001b[39m     statusCode: 400,"}}
[info] >      requestId: 'req_vbkXwkB9gLQJnx' {"user":"    requestId: 'req_vbkXwkB9gLQJnx'","metadata":{"emulator":{"name":"functions"},"function":{"name":"us-central1-api"},"extension":{},"message":"\u001b[90m> \u001b[39m     requestId: 'req_vbkXwkB9gLQJnx'"}}
[info] >    }, {"user":"  },","metadata":{"emulator":{"name":"functions"},"function":{"name":"us-central1-api"},"extension":{},"message":"\u001b[90m> \u001b[39m   },"}}
[info] >    rawType: 'invalid_request_error', {"user":"  rawType: 'invalid_request_error',","metadata":{"emulator":{"name":"functions"},"function":{"name":"us-central1-api"},"extension":{},"message":"\u001b[90m> \u001b[39m   rawType: 'invalid_request_error',"}}
[info] >    code: 'parameter_invalid_integer', {"user":"  code: 'parameter_invalid_integer',","metadata":{"emulator":{"name":"functions"},"function":{"name":"us-central1-api"},"extension":{},"message":"\u001b[90m> \u001b[39m   code: 'parameter_invalid_integer',"}}
[info] >    doc_url: 'https://stripe.com/docs/error-codes/parameter-invalid-integer', {"user":"  doc_url: 'https://stripe.com/docs/error-codes/parameter-invalid-integer',","metadata":{"emulator":{"name":"functions"},"function":{"name":"us-central1-api"},"extension":{},"message":"\u001b[90m> \u001b[39m   doc_url: 'https://stripe.com/docs/error-codes/parameter-invalid-integer',"}}
[info] >    param: 'amount', {"user":"  param: 'amount',","metadata":{"emulator":{"name":"functions"},"function":{"name":"us-central1-api"},"extension":{},"message":"\u001b[90m> \u001b[39m   param: 'amount',"}}
[info] >    detail: undefined, {"user":"  detail: undefined,","metadata":{"emulator":{"name":"functions"},"function":{"name":"us-central1-api"},"extension":{},"message":"\u001b[90m> \u001b[39m   detail: undefined,"}}
[info] >    headers: { {"user":"  headers: {","metadata":{"emulator":{"name":"functions"},"function":{"name":"us-central1-api"},"extension":{},"message":"\u001b[90m> \u001b[39m   headers: {"}}
[info] >      server: 'nginx', {"user":"    server: 'nginx',","metadata":{"emulator":{"name":"functions"},"function":{"name":"us-central1-api"},"extension":{},"message":"\u001b[90m> \u001b[39m     server: 'nginx',"}}
[info] >      date: 'Mon, 03 Feb 2025 13:02:31 GMT', {"user":"    date: 'Mon, 03 Feb 2025 13:02:31 GMT',","metadata":{"emulator":{"name":"functions"},"function":{"name":"us-central1-api"},"extension":{},"message":"\u001b[90m> \u001b[39m     date: 'Mon, 03 Feb 2025 13:02:31 GMT',"}}
[info] >      'content-type': 'application/json', {"user":"    'content-type': 'application/json',","metadata":{"emulator":{"name":"functions"},"function":{"name":"us-central1-api"},"extension":{},"message":"\u001b[90m> \u001b[39m     'content-type': 'application/json',"}}
[info] >      'content-length': '663', {"user":"    'content-length': '663',","metadata":{"emulator":{"name":"functions"},"function":{"name":"us-central1-api"},"extension":{},"message":"\u001b[90m> \u001b[39m     'content-length': '663',"}}
[info] >      connection: 'keep-alive', {"user":"    connection: 'keep-alive',","metadata":{"emulator":{"name":"functions"},"function":{"name":"us-central1-api"},"extension":{},"message":"\u001b[90m> \u001b[39m     connection: 'keep-alive',"}}
[info] >      'access-control-allow-credentials': 'true', {"user":"    'access-control-allow-credentials': 'true',","metadata":{"emulator":{"name":"functions"},"function":{"name":"us-central1-api"},"extension":{},"message":"\u001b[90m> \u001b[39m     'access-control-allow-credentials': 'true',"}}
[info] >      'access-control-allow-methods': 'GET, HEAD, PUT, PATCH, POST, DELETE', {"user":"    'access-control-allow-methods': 'GET, HEAD, PUT, PATCH, POST, DELETE',","metadata":{"emulator":{"name":"functions"},"function":{"name":"us-central1-api"},"extension":{},"message":"\u001b[90m> \u001b[39m     'access-control-allow-methods': 'GET, HEAD, PUT, PATCH, POST, DELETE',"}}
[info] >      'access-control-allow-origin': '*', {"user":"    'access-control-allow-origin': '*',","metadata":{"emulator":{"name":"functions"},"function":{"name":"us-central1-api"},"extension":{},"message":"\u001b[90m> \u001b[39m     'access-control-allow-origin': '*',"}}
[info] >      'access-control-expose-headers': 'Request-Id, Stripe-Manage-Version, Stripe-Should-Retry, X-Stripe-External-Auth-Required, X-Stripe-Privileged-Session-Required', {"user":"    'access-control-expose-headers': 'Request-Id, Stripe-Manage-Version, Stripe-Should-Retry, X-Stripe-External-Auth-Required, X-Stripe-Privileged-Session-Required',","metadata":{"emulator":{"name":"functions"},"function":{"name":"us-central1-api"},"extension":{},"message":"\u001b[90m> \u001b[39m     'access-control-expose-headers': 'Request-Id, Stripe-Manage-Version, Stripe-Should-Retry, X-Stripe-External-Auth-Required, X-Stripe-Privileged-Session-Required',"}}
[info] >      'access-control-max-age': '300', {"user":"    'access-control-max-age': '300',","metadata":{"emulator":{"name":"functions"},"function":{"name":"us-central1-api"},"extension":{},"message":"\u001b[90m> \u001b[39m     'access-control-max-age': '300',"}}
[info] >      'cache-control': 'no-cache, no-store', {"user":"    'cache-control': 'no-cache, no-store',","metadata":{"emulator":{"name":"functions"},"function":{"name":"us-central1-api"},"extension":{},"message":"\u001b[90m> \u001b[39m     'cache-control': 'no-cache, no-store',"}}
[info] >      'content-security-policy': "base-uri 'none'; default-src 'none'; form-action 'none'; frame-ancestors 'none'; img-src 'self'; script-src 'self' 'report-sample'; style-src 'self'; upgrade-insecure-requests; report-uri https://q.stripe.com/csp-violation?q=R89iawu_JDDYwm8KOYfhtC4ReTWTp3Q_kN0MrgV-utl40mHtnZME0IoULhL7j9NlMKVHVEGhuFkYpBdM", {"user":"    'content-security-policy': \"base-uri 'none'; default-src 'none'; form-action 'none'; frame-ancestors 'none'; img-src 'self'; script-src 'self' 'report-sample'; style-src 'self'; upgrade-insecure-requests; report-uri https://q.stripe.com/csp-violation?q=R89iawu_JDDYwm8KOYfhtC4ReTWTp3Q_kN0MrgV-utl40mHtnZME0IoULhL7j9NlMKVHVEGhuFkYpBdM\",","metadata":{"emulator":{"name":"functions"},"function":{"name":"us-central1-api"},"extension":{},"message":"\u001b[90m> \u001b[39m     'content-security-policy': \"base-uri 'none'; default-src 'none'; form-action 'none'; frame-ancestors 'none'; img-src 'self'; script-src 'self' 'report-sample'; style-src 'self'; upgrade-insecure-requests; report-uri https://q.stripe.com/csp-violation?q=R89iawu_JDDYwm8KOYfhtC4ReTWTp3Q_kN0MrgV-utl40mHtnZME0IoULhL7j9NlMKVHVEGhuFkYpBdM\","}}
[info] >      'cross-origin-opener-policy-report-only': 'same-origin; report-to="coop"', {"user":"    'cross-origin-opener-policy-report-only': 'same-origin; report-to=\"coop\"',","metadata":{"emulator":{"name":"functions"},"function":{"name":"us-central1-api"},"extension":{},"message":"\u001b[90m> \u001b[39m     'cross-origin-opener-policy-report-only': 'same-origin; report-to=\"coop\"',"}}
[info] >      'idempotency-key': 'stripe-node-retry-39411807-9c19-4a39-8267-4db81636b9e7', {"user":"    'idempotency-key': 'stripe-node-retry-39411807-9c19-4a39-8267-4db81636b9e7',","metadata":{"emulator":{"name":"functions"},"function":{"name":"us-central1-api"},"extension":{},"message":"\u001b[90m> \u001b[39m     'idempotency-key': 'stripe-node-retry-39411807-9c19-4a39-8267-4db81636b9e7',"}}
[info] >      'original-request': 'req_vbkXwkB9gLQJnx', {"user":"    'original-request': 'req_vbkXwkB9gLQJnx',","metadata":{"emulator":{"name":"functions"},"function":{"name":"us-central1-api"},"extension":{},"message":"\u001b[90m> \u001b[39m     'original-request': 'req_vbkXwkB9gLQJnx',"}}
[info] >      'report-to': '{"group":"coop","max_age":8640,"endpoints":[{"url":"https://q.stripe.com/coop-report"}],"include_subdomains":true}', {"user":"    'report-to': '{\"group\":\"coop\",\"max_age\":8640,\"endpoints\":[{\"url\":\"https://q.stripe.com/coop-report\"}],\"include_subdomains\":true}',","metadata":{"emulator":{"name":"functions"},"function":{"name":"us-central1-api"},"extension":{},"message":"\u001b[90m> \u001b[39m     'report-to': '{\"group\":\"coop\",\"max_age\":8640,\"endpoints\":[{\"url\":\"https://q.stripe.com/coop-report\"}],\"include_subdomains\":true}',"}}
[info] >      'reporting-endpoints': 'coop="https://q.stripe.com/coop-report"', {"user":"    'reporting-endpoints': 'coop=\"https://q.stripe.com/coop-report\"',","metadata":{"emulator":{"name":"functions"},"function":{"name":"us-central1-api"},"extension":{},"message":"\u001b[90m> \u001b[39m     'reporting-endpoints': 'coop=\"https://q.stripe.com/coop-report\"',"}}
[info] >      'request-id': 'req_vbkXwkB9gLQJnx', {"user":"    'request-id': 'req_vbkXwkB9gLQJnx',","metadata":{"emulator":{"name":"functions"},"function":{"name":"us-central1-api"},"extension":{},"message":"\u001b[90m> \u001b[39m     'request-id': 'req_vbkXwkB9gLQJnx',"}}
[info] >      'stripe-version': '2025-01-27.acacia', {"user":"    'stripe-version': '2025-01-27.acacia',","metadata":{"emulator":{"name":"functions"},"function":{"name":"us-central1-api"},"extension":{},"message":"\u001b[90m> \u001b[39m     'stripe-version': '2025-01-27.acacia',"}}
[info] >      vary: 'Origin', {"user":"    vary: 'Origin',","metadata":{"emulator":{"name":"functions"},"function":{"name":"us-central1-api"},"extension":{},"message":"\u001b[90m> \u001b[39m     vary: 'Origin',"}}
[info] >      'x-stripe-priority-routing-enabled': 'true', {"user":"    'x-stripe-priority-routing-enabled': 'true',","metadata":{"emulator":{"name":"functions"},"function":{"name":"us-central1-api"},"extension":{},"message":"\u001b[90m> \u001b[39m     'x-stripe-priority-routing-enabled': 'true',"}}
[info] >      'x-stripe-routing-context-priority-tier': 'api-testmode', {"user":"    'x-stripe-routing-context-priority-tier': 'api-testmode',","metadata":{"emulator":{"name":"functions"},"function":{"name":"us-central1-api"},"extension":{},"message":"\u001b[90m> \u001b[39m     'x-stripe-routing-context-priority-tier': 'api-testmode',"}}
[info] >      'x-wc': 'AB', {"user":"    'x-wc': 'AB',","metadata":{"emulator":{"name":"functions"},"function":{"name":"us-central1-api"},"extension":{},"message":"\u001b[90m> \u001b[39m     'x-wc': 'AB',"}}
[info] >      'strict-transport-security': 'max-age=63072000; includeSubDomains; preload' {"user":"    'strict-transport-security': 'max-age=63072000; includeSubDomains; preload'","metadata":{"emulator":{"name":"functions"},"function":{"name":"us-central1-api"},"extension":{},"message":"\u001b[90m> \u001b[39m     'strict-transport-security': 'max-age=63072000; includeSubDomains; preload'"}}
[info] >    }, {"user":"  },","metadata":{"emulator":{"name":"functions"},"function":{"name":"us-central1-api"},"extension":{},"message":"\u001b[90m> \u001b[39m   },"}}
[info] >    requestId: 'req_vbkXwkB9gLQJnx', {"user":"  requestId: 'req_vbkXwkB9gLQJnx',","metadata":{"emulator":{"name":"functions"},"function":{"name":"us-central1-api"},"extension":{},"message":"\u001b[90m> \u001b[39m   requestId: 'req_vbkXwkB9gLQJnx',"}}
[info] >    statusCode: 400, {"user":"  statusCode: 400,","metadata":{"emulator":{"name":"functions"},"function":{"name":"us-central1-api"},"extension":{},"message":"\u001b[90m> \u001b[39m   statusCode: 400,"}}
[info] >    userMessage: undefined, {"user":"  userMessage: undefined,","metadata":{"emulator":{"name":"functions"},"function":{"name":"us-central1-api"},"extension":{},"message":"\u001b[90m> \u001b[39m   userMessage: undefined,"}}
[info] >    charge: undefined, {"user":"  charge: undefined,","metadata":{"emulator":{"name":"functions"},"function":{"name":"us-central1-api"},"extension":{},"message":"\u001b[90m> \u001b[39m   charge: undefined,"}}
[info] >    decline_code: undefined, {"user":"  decline_code: undefined,","metadata":{"emulator":{"name":"functions"},"function":{"name":"us-central1-api"},"extension":{},"message":"\u001b[90m> \u001b[39m   decline_code: undefined,"}}
[info] >    payment_intent: undefined, {"user":"  payment_intent: undefined,","metadata":{"emulator":{"name":"functions"},"function":{"name":"us-central1-api"},"extension":{},"message":"\u001b[90m> \u001b[39m   payment_intent: undefined,"}}
[info] >    payment_method: undefined, {"user":"  payment_method: undefined,","metadata":{"emulator":{"name":"functions"},"function":{"name":"us-central1-api"},"extension":{},"message":"\u001b[90m> \u001b[39m   payment_method: undefined,"}}
[info] >    payment_method_type: undefined, {"user":"  payment_method_type: undefined,","metadata":{"emulator":{"name":"functions"},"function":{"name":"us-central1-api"},"extension":{},"message":"\u001b[90m> \u001b[39m   payment_method_type: undefined,"}}
[info] >    setup_intent: undefined, {"user":"  setup_intent: undefined,","metadata":{"emulator":{"name":"functions"},"function":{"name":"us-central1-api"},"extension":{},"message":"\u001b[90m> \u001b[39m   setup_intent: undefined,"}}
[info] >    source: undefined {"user":"  source: undefined","metadata":{"emulator":{"name":"functions"},"function":{"name":"us-central1-api"},"extension":{},"message":"\u001b[90m> \u001b[39m   source: undefined"}}
[info] >  } {"user":"}","metadata":{"emulator":{"name":"functions"},"function":{"name":"us-central1-api"},"extension":{},"message":"\u001b[90m> \u001b[39m }"}}
[debug] [2025-02-03T13:02:31.317Z] Finishing up request with event=pause {"metadata":{"emulator":{"name":"functions"},"function":{"name":"us-central1-api"},"extension":{},"message":"Finishing up request with event=pause"}}
[info] i  functions: Finished "us-central1-api" in 653.13ms {"metadata":{"emulator":{"name":"functions"},"function":{"name":"us-central1-api"},"extension":{},"message":"Finished \"us-central1-api\" in 653.13ms"}}
[debug] [2025-02-03T13:02:31.318Z] [worker-us-central1-api-b84fc486-f755-4413-8680-a40b2d3838d0]: IDLE {"metadata":{"emulator":{"name":"functions"},"function":{"name":"us-central1-api"},"extension":{},"message":"[worker-us-central1-api-b84fc486-f755-4413-8680-a40b2d3838d0]: IDLE"}}
[debug] [2025-02-03T13:02:31.318Z] Finishing up request with event=finish {"metadata":{"emulator":{"name":"functions"},"function":{"name":"us-central1-api"},"extension":{},"message":"Finishing up request with event=finish"}}
[debug] [2025-02-03T13:02:31.319Z] Finishing up request with event=close {"metadata":{"emulator":{"name":"functions"},"function":{"name":"us-central1-api"},"extension":{},"message":"Finishing up request with event=close"}}
[debug] [2025-02-03T13:02:31.319Z] [work-queue] {"queuedWork":[],"queueLength":0,"runningWork":[],"workRunningCount":0}
[debug] [2025-02-03T13:02:48.772Z] [work-queue] {"queuedWork":["/novemb-f2496/us-central1/api/payments/create-2025-02-03T13:02:48.772Z"],"queueLength":1,"runningWork":[],"workRunningCount":0}
[debug] [2025-02-03T13:02:48.772Z] [work-queue] {"queuedWork":[],"queueLength":0,"runningWork":["/novemb-f2496/us-central1/api/payments/create-2025-02-03T13:02:48.772Z"],"workRunningCount":1}
[debug] [2025-02-03T13:02:48.772Z] Accepted request POST /novemb-f2496/us-central1/api/payments/create?total=0 --> us-central1-api
[debug] [2025-02-03T13:02:48.773Z] [functions] Runtime ready! Sending request! {"metadata":{"emulator":{"name":"functions"},"message":"[functions] Runtime ready! Sending request!"}}
[debug] [2025-02-03T13:02:48.773Z] [functions] Got req.url=/novemb-f2496/us-central1/api/payments/create?total=0, mapping to path=/payments/create?total=0 {"metadata":{"emulator":{"name":"functions"},"message":"[functions] Got req.url=/novemb-f2496/us-central1/api/payments/create?total=0, mapping to path=/payments/create?total=0"}}
[debug] [2025-02-03T13:02:48.773Z] [worker-pool] submitRequest(triggerId=us-central1-api) {"metadata":{"emulator":{"name":"functions"},"message":"[worker-pool] submitRequest(triggerId=us-central1-api)"}}
[info] i  functions: Beginning execution of "us-central1-api" {"metadata":{"emulator":{"name":"functions"},"function":{"name":"us-central1-api"},"extension":{},"message":"Beginning execution of \"us-central1-api\""}}
[debug] [2025-02-03T13:02:48.774Z] [worker-us-central1-api-f2df7793-dd30-4128-aa50-a5fdcf6772d2]: BUSY {"metadata":{"emulator":{"name":"functions"},"function":{"name":"us-central1-api"},"extension":{},"message":"[worker-us-central1-api-f2df7793-dd30-4128-aa50-a5fdcf6772d2]: BUSY"}}
[info] >  payment request received for this amount == 0 {"user":"payment request received for this amount == 0","metadata":{"emulator":{"name":"functions"},"function":{"name":"us-central1-api"},"extension":{},"message":"\u001b[90m> \u001b[39m payment request received for this amount == 0"}}
[info] >  Error creating payment intent: StripeInvalidRequestError: The amount must be greater than or equal to the minimum charge amount allowed for your account and the currency set (https://docs.stripe.com/currencies#minimum-and-maximum-charge-amounts).  If you want to save a Payment Method for future use without an immediate payment, use a Setup Intent instead: https://docs.stripe.com/payments/setup-intents {"user":"Error creating payment intent: StripeInvalidRequestError: The amount must be greater than or equal to the minimum charge amount allowed for your account and the currency set (https://docs.stripe.com/currencies#minimum-and-maximum-charge-amounts).  If you want to save a Payment Method for future use without an immediate payment, use a Setup Intent instead: https://docs.stripe.com/payments/setup-intents","metadata":{"emulator":{"name":"functions"},"function":{"name":"us-central1-api"},"extension":{},"message":"\u001b[90m> \u001b[39m Error creating payment intent: StripeInvalidRequestError: The amount must be greater than or equal to the minimum charge amount allowed for your account and the currency set (https://docs.stripe.com/currencies#minimum-and-maximum-charge-amounts).  If you want to save a Payment Method for future use without an immediate payment, use a Setup Intent instead: https://docs.stripe.com/payments/setup-intents"}}
[info] >      at generateV1Error (C:\Users\sata\OneDrive\Desktop\phase-1\phase-5\Amazon-clone-2024\amazon-clone\functions\node_modules\stripe\cjs\Error.js:11:20) {"user":"    at generateV1Error (C:\\Users\\sata\\OneDrive\\Desktop\\phase-1\\phase-5\\Amazon-clone-2024\\amazon-clone\\functions\\node_modules\\stripe\\cjs\\Error.js:11:20)","metadata":{"emulator":{"name":"functions"},"function":{"name":"us-central1-api"},"extension":{},"message":"\u001b[90m> \u001b[39m     at generateV1Error (C:\\Users\\sata\\OneDrive\\Desktop\\phase-1\\phase-5\\Amazon-clone-2024\\amazon-clone\\functions\\node_modules\\stripe\\cjs\\Error.js:11:20)"}}
[info] >      at res.toJSON.then.Error_js_1.StripeAPIError.message (C:\Users\sata\OneDrive\Desktop\phase-1\phase-5\Amazon-clone-2024\amazon-clone\functions\node_modules\stripe\cjs\RequestSender.js:108:62) {"user":"    at res.toJSON.then.Error_js_1.StripeAPIError.message (C:\\Users\\sata\\OneDrive\\Desktop\\phase-1\\phase-5\\Amazon-clone-2024\\amazon-clone\\functions\\node_modules\\stripe\\cjs\\RequestSender.js:108:62)","metadata":{"emulator":{"name":"functions"},"function":{"name":"us-central1-api"},"extension":{},"message":"\u001b[90m> \u001b[39m     at res.toJSON.then.Error_js_1.StripeAPIError.message (C:\\Users\\sata\\OneDrive\\Desktop\\phase-1\\phase-5\\Amazon-clone-2024\\amazon-clone\\functions\\node_modules\\stripe\\cjs\\RequestSender.js:108:62)"}}
[info] >      at process.processTicksAndRejections (node:internal/process/task_queues:95:5) { {"user":"    at process.processTicksAndRejections (node:internal/process/task_queues:95:5) {","metadata":{"emulator":{"name":"functions"},"function":{"name":"us-central1-api"},"extension":{},"message":"\u001b[90m> \u001b[39m     at process.processTicksAndRejections (node:internal/process/task_queues:95:5) {"}}
[info] >    type: 'StripeInvalidRequestError', {"user":"  type: 'StripeInvalidRequestError',","metadata":{"emulator":{"name":"functions"},"function":{"name":"us-central1-api"},"extension":{},"message":"\u001b[90m> \u001b[39m   type: 'StripeInvalidRequestError',"}}
[info] >    raw: { {"user":"  raw: {","metadata":{"emulator":{"name":"functions"},"function":{"name":"us-central1-api"},"extension":{},"message":"\u001b[90m> \u001b[39m   raw: {"}}
[info] >      code: 'parameter_invalid_integer', {"user":"    code: 'parameter_invalid_integer',","metadata":{"emulator":{"name":"functions"},"function":{"name":"us-central1-api"},"extension":{},"message":"\u001b[90m> \u001b[39m     code: 'parameter_invalid_integer',"}}
[info] >      doc_url: 'https://stripe.com/docs/error-codes/parameter-invalid-integer', {"user":"    doc_url: 'https://stripe.com/docs/error-codes/parameter-invalid-integer',","metadata":{"emulator":{"name":"functions"},"function":{"name":"us-central1-api"},"extension":{},"message":"\u001b[90m> \u001b[39m     doc_url: 'https://stripe.com/docs/error-codes/parameter-invalid-integer',"}}
[info] >      message: 'The amount must be greater than or equal to the minimum charge amount allowed for your account and the currency set (https://docs.stripe.com/currencies#minimum-and-maximum-charge-amounts).  If you want to save a Payment Method for future use without an immediate payment, use a Setup Intent instead: https://docs.stripe.com/payments/setup-intents', {"user":"    message: 'The amount must be greater than or equal to the minimum charge amount allowed for your account and the currency set (https://docs.stripe.com/currencies#minimum-and-maximum-charge-amounts).  If you want to save a Payment Method for future use without an immediate payment, use a Setup Intent instead: https://docs.stripe.com/payments/setup-intents',","metadata":{"emulator":{"name":"functions"},"function":{"name":"us-central1-api"},"extension":{},"message":"\u001b[90m> \u001b[39m     message: 'The amount must be greater than or equal to the minimum charge amount allowed for your account and the currency set (https://docs.stripe.com/currencies#minimum-and-maximum-charge-amounts).  If you want to save a Payment Method for future use without an immediate payment, use a Setup Intent instead: https://docs.stripe.com/payments/setup-intents',"}}
[info] >      param: 'amount', {"user":"    param: 'amount',","metadata":{"emulator":{"name":"functions"},"function":{"name":"us-central1-api"},"extension":{},"message":"\u001b[90m> \u001b[39m     param: 'amount',"}}
[info] >      request_log_url: 'https://dashboard.stripe.com/test/logs/req_ojPvhdEaZNsEIU?t=1738587769', {"user":"    request_log_url: 'https://dashboard.stripe.com/test/logs/req_ojPvhdEaZNsEIU?t=1738587769',","metadata":{"emulator":{"name":"functions"},"function":{"name":"us-central1-api"},"extension":{},"message":"\u001b[90m> \u001b[39m     request_log_url: 'https://dashboard.stripe.com/test/logs/req_ojPvhdEaZNsEIU?t=1738587769',"}}
[info] >      type: 'invalid_request_error', {"user":"    type: 'invalid_request_error',","metadata":{"emulator":{"name":"functions"},"function":{"name":"us-central1-api"},"extension":{},"message":"\u001b[90m> \u001b[39m     type: 'invalid_request_error',"}}
[info] >      headers: { {"user":"    headers: {","metadata":{"emulator":{"name":"functions"},"function":{"name":"us-central1-api"},"extension":{},"message":"\u001b[90m> \u001b[39m     headers: {"}}
[info] >        server: 'nginx', {"user":"      server: 'nginx',","metadata":{"emulator":{"name":"functions"},"function":{"name":"us-central1-api"},"extension":{},"message":"\u001b[90m> \u001b[39m       server: 'nginx',"}}
[info] >        date: 'Mon, 03 Feb 2025 13:02:49 GMT', {"user":"      date: 'Mon, 03 Feb 2025 13:02:49 GMT',","metadata":{"emulator":{"name":"functions"},"function":{"name":"us-central1-api"},"extension":{},"message":"\u001b[90m> \u001b[39m       date: 'Mon, 03 Feb 2025 13:02:49 GMT',"}}
[info] >        'content-type': 'application/json', {"user":"      'content-type': 'application/json',","metadata":{"emulator":{"name":"functions"},"function":{"name":"us-central1-api"},"extension":{},"message":"\u001b[90m> \u001b[39m       'content-type': 'application/json',"}}
[info] >        'content-length': '663', {"user":"      'content-length': '663',","metadata":{"emulator":{"name":"functions"},"function":{"name":"us-central1-api"},"extension":{},"message":"\u001b[90m> \u001b[39m       'content-length': '663',"}}
[info] >        connection: 'keep-alive', {"user":"      connection: 'keep-alive',","metadata":{"emulator":{"name":"functions"},"function":{"name":"us-central1-api"},"extension":{},"message":"\u001b[90m> \u001b[39m       connection: 'keep-alive',"}}
[info] >        'access-control-allow-credentials': 'true', {"user":"      'access-control-allow-credentials': 'true',","metadata":{"emulator":{"name":"functions"},"function":{"name":"us-central1-api"},"extension":{},"message":"\u001b[90m> \u001b[39m       'access-control-allow-credentials': 'true',"}}
[info] >        'access-control-allow-methods': 'GET, HEAD, PUT, PATCH, POST, DELETE', {"user":"      'access-control-allow-methods': 'GET, HEAD, PUT, PATCH, POST, DELETE',","metadata":{"emulator":{"name":"functions"},"function":{"name":"us-central1-api"},"extension":{},"message":"\u001b[90m> \u001b[39m       'access-control-allow-methods': 'GET, HEAD, PUT, PATCH, POST, DELETE',"}}
[info] >        'access-control-allow-origin': '*', {"user":"      'access-control-allow-origin': '*',","metadata":{"emulator":{"name":"functions"},"function":{"name":"us-central1-api"},"extension":{},"message":"\u001b[90m> \u001b[39m       'access-control-allow-origin': '*',"}}
[info] >        'access-control-expose-headers': 'Request-Id, Stripe-Manage-Version, Stripe-Should-Retry, X-Stripe-External-Auth-Required, X-Stripe-Privileged-Session-Required', {"user":"      'access-control-expose-headers': 'Request-Id, Stripe-Manage-Version, Stripe-Should-Retry, X-Stripe-External-Auth-Required, X-Stripe-Privileged-Session-Required',","metadata":{"emulator":{"name":"functions"},"function":{"name":"us-central1-api"},"extension":{},"message":"\u001b[90m> \u001b[39m       'access-control-expose-headers': 'Request-Id, Stripe-Manage-Version, Stripe-Should-Retry, X-Stripe-External-Auth-Required, X-Stripe-Privileged-Session-Required',"}}
[info] >        'access-control-max-age': '300', {"user":"      'access-control-max-age': '300',","metadata":{"emulator":{"name":"functions"},"function":{"name":"us-central1-api"},"extension":{},"message":"\u001b[90m> \u001b[39m       'access-control-max-age': '300',"}}
[info] >        'cache-control': 'no-cache, no-store', {"user":"      'cache-control': 'no-cache, no-store',","metadata":{"emulator":{"name":"functions"},"function":{"name":"us-central1-api"},"extension":{},"message":"\u001b[90m> \u001b[39m       'cache-control': 'no-cache, no-store',"}}
[info] >        'content-security-policy': "base-uri 'none'; default-src 'none'; form-action 'none'; frame-ancestors 'none'; img-src 'self'; script-src 'self' 'report-sample'; style-src 'self'; upgrade-insecure-requests; report-uri https://q.stripe.com/csp-violation?q=R89iawu_JDDYwm8KOYfhtC4ReTWTp3Q_kN0MrgV-utl40mHtnZME0IoULhL7j9NlMKVHVEGhuFkYpBdM", {"user":"      'content-security-policy': \"base-uri 'none'; default-src 'none'; form-action 'none'; frame-ancestors 'none'; img-src 'self'; script-src 'self' 'report-sample'; style-src 'self'; upgrade-insecure-requests; report-uri https://q.stripe.com/csp-violation?q=R89iawu_JDDYwm8KOYfhtC4ReTWTp3Q_kN0MrgV-utl40mHtnZME0IoULhL7j9NlMKVHVEGhuFkYpBdM\",","metadata":{"emulator":{"name":"functions"},"function":{"name":"us-central1-api"},"extension":{},"message":"\u001b[90m> \u001b[39m       'content-security-policy': \"base-uri 'none'; default-src 'none'; form-action 'none'; frame-ancestors 'none'; img-src 'self'; script-src 'self' 'report-sample'; style-src 'self'; upgrade-insecure-requests; report-uri https://q.stripe.com/csp-violation?q=R89iawu_JDDYwm8KOYfhtC4ReTWTp3Q_kN0MrgV-utl40mHtnZME0IoULhL7j9NlMKVHVEGhuFkYpBdM\","}}
[info] >        'cross-origin-opener-policy-report-only': 'same-origin; report-to="coop"', {"user":"      'cross-origin-opener-policy-report-only': 'same-origin; report-to=\"coop\"',","metadata":{"emulator":{"name":"functions"},"function":{"name":"us-central1-api"},"extension":{},"message":"\u001b[90m> \u001b[39m       'cross-origin-opener-policy-report-only': 'same-origin; report-to=\"coop\"',"}}
[info] >        'idempotency-key': 'stripe-node-retry-14fb10d4-1e2b-4c0b-88bd-2b5d96687008', {"user":"      'idempotency-key': 'stripe-node-retry-14fb10d4-1e2b-4c0b-88bd-2b5d96687008',","metadata":{"emulator":{"name":"functions"},"function":{"name":"us-central1-api"},"extension":{},"message":"\u001b[90m> \u001b[39m       'idempotency-key': 'stripe-node-retry-14fb10d4-1e2b-4c0b-88bd-2b5d96687008',"}}
[info] >        'original-request': 'req_ojPvhdEaZNsEIU', {"user":"      'original-request': 'req_ojPvhdEaZNsEIU',","metadata":{"emulator":{"name":"functions"},"function":{"name":"us-central1-api"},"extension":{},"message":"\u001b[90m> \u001b[39m       'original-request': 'req_ojPvhdEaZNsEIU',"}}
[info] >        'report-to': '{"group":"coop","max_age":8640,"endpoints":[{"url":"https://q.stripe.com/coop-report"}],"include_subdomains":true}', {"user":"      'report-to': '{\"group\":\"coop\",\"max_age\":8640,\"endpoints\":[{\"url\":\"https://q.stripe.com/coop-report\"}],\"include_subdomains\":true}',","metadata":{"emulator":{"name":"functions"},"function":{"name":"us-central1-api"},"extension":{},"message":"\u001b[90m> \u001b[39m       'report-to': '{\"group\":\"coop\",\"max_age\":8640,\"endpoints\":[{\"url\":\"https://q.stripe.com/coop-report\"}],\"include_subdomains\":true}',"}}
[info] >        'reporting-endpoints': 'coop="https://q.stripe.com/coop-report"', {"user":"      'reporting-endpoints': 'coop=\"https://q.stripe.com/coop-report\"',","metadata":{"emulator":{"name":"functions"},"function":{"name":"us-central1-api"},"extension":{},"message":"\u001b[90m> \u001b[39m       'reporting-endpoints': 'coop=\"https://q.stripe.com/coop-report\"',"}}
[info] >        'request-id': 'req_ojPvhdEaZNsEIU', {"user":"      'request-id': 'req_ojPvhdEaZNsEIU',","metadata":{"emulator":{"name":"functions"},"function":{"name":"us-central1-api"},"extension":{},"message":"\u001b[90m> \u001b[39m       'request-id': 'req_ojPvhdEaZNsEIU',"}}
[info] >        'stripe-version': '2025-01-27.acacia', {"user":"      'stripe-version': '2025-01-27.acacia',","metadata":{"emulator":{"name":"functions"},"function":{"name":"us-central1-api"},"extension":{},"message":"\u001b[90m> \u001b[39m       'stripe-version': '2025-01-27.acacia',"}}
[info] >        vary: 'Origin', {"user":"      vary: 'Origin',","metadata":{"emulator":{"name":"functions"},"function":{"name":"us-central1-api"},"extension":{},"message":"\u001b[90m> \u001b[39m       vary: 'Origin',"}}
[info] >        'x-stripe-priority-routing-enabled': 'true', {"user":"      'x-stripe-priority-routing-enabled': 'true',","metadata":{"emulator":{"name":"functions"},"function":{"name":"us-central1-api"},"extension":{},"message":"\u001b[90m> \u001b[39m       'x-stripe-priority-routing-enabled': 'true',"}}
[info] >        'x-stripe-routing-context-priority-tier': 'api-testmode', {"user":"      'x-stripe-routing-context-priority-tier': 'api-testmode',","metadata":{"emulator":{"name":"functions"},"function":{"name":"us-central1-api"},"extension":{},"message":"\u001b[90m> \u001b[39m       'x-stripe-routing-context-priority-tier': 'api-testmode',"}}
[info] >        'x-wc': 'AB', {"user":"      'x-wc': 'AB',","metadata":{"emulator":{"name":"functions"},"function":{"name":"us-central1-api"},"extension":{},"message":"\u001b[90m> \u001b[39m       'x-wc': 'AB',"}}
[info] >        'strict-transport-security': 'max-age=63072000; includeSubDomains; preload' {"user":"      'strict-transport-security': 'max-age=63072000; includeSubDomains; preload'","metadata":{"emulator":{"name":"functions"},"function":{"name":"us-central1-api"},"extension":{},"message":"\u001b[90m> \u001b[39m       'strict-transport-security': 'max-age=63072000; includeSubDomains; preload'"}}
[info] >      }, {"user":"    },","metadata":{"emulator":{"name":"functions"},"function":{"name":"us-central1-api"},"extension":{},"message":"\u001b[90m> \u001b[39m     },"}}
[info] >      statusCode: 400, {"user":"    statusCode: 400,","metadata":{"emulator":{"name":"functions"},"function":{"name":"us-central1-api"},"extension":{},"message":"\u001b[90m> \u001b[39m     statusCode: 400,"}}
[info] >      requestId: 'req_ojPvhdEaZNsEIU' {"user":"    requestId: 'req_ojPvhdEaZNsEIU'","metadata":{"emulator":{"name":"functions"},"function":{"name":"us-central1-api"},"extension":{},"message":"\u001b[90m> \u001b[39m     requestId: 'req_ojPvhdEaZNsEIU'"}}
[info] >    }, {"user":"  },","metadata":{"emulator":{"name":"functions"},"function":{"name":"us-central1-api"},"extension":{},"message":"\u001b[90m> \u001b[39m   },"}}
[info] >    rawType: 'invalid_request_error', {"user":"  rawType: 'invalid_request_error',","metadata":{"emulator":{"name":"functions"},"function":{"name":"us-central1-api"},"extension":{},"message":"\u001b[90m> \u001b[39m   rawType: 'invalid_request_error',"}}
[info] >    code: 'parameter_invalid_integer', {"user":"  code: 'parameter_invalid_integer',","metadata":{"emulator":{"name":"functions"},"function":{"name":"us-central1-api"},"extension":{},"message":"\u001b[90m> \u001b[39m   code: 'parameter_invalid_integer',"}}
[info] >    doc_url: 'https://stripe.com/docs/error-codes/parameter-invalid-integer', {"user":"  doc_url: 'https://stripe.com/docs/error-codes/parameter-invalid-integer',","metadata":{"emulator":{"name":"functions"},"function":{"name":"us-central1-api"},"extension":{},"message":"\u001b[90m> \u001b[39m   doc_url: 'https://stripe.com/docs/error-codes/parameter-invalid-integer',"}}
[info] >    param: 'amount', {"user":"  param: 'amount',","metadata":{"emulator":{"name":"functions"},"function":{"name":"us-central1-api"},"extension":{},"message":"\u001b[90m> \u001b[39m   param: 'amount',"}}
[info] >    detail: undefined, {"user":"  detail: undefined,","metadata":{"emulator":{"name":"functions"},"function":{"name":"us-central1-api"},"extension":{},"message":"\u001b[90m> \u001b[39m   detail: undefined,"}}
[info] >    headers: { {"user":"  headers: {","metadata":{"emulator":{"name":"functions"},"function":{"name":"us-central1-api"},"extension":{},"message":"\u001b[90m> \u001b[39m   headers: {"}}
[info] >      server: 'nginx', {"user":"    server: 'nginx',","metadata":{"emulator":{"name":"functions"},"function":{"name":"us-central1-api"},"extension":{},"message":"\u001b[90m> \u001b[39m     server: 'nginx',"}}
[info] >      date: 'Mon, 03 Feb 2025 13:02:49 GMT', {"user":"    date: 'Mon, 03 Feb 2025 13:02:49 GMT',","metadata":{"emulator":{"name":"functions"},"function":{"name":"us-central1-api"},"extension":{},"message":"\u001b[90m> \u001b[39m     date: 'Mon, 03 Feb 2025 13:02:49 GMT',"}}
[info] >      'content-type': 'application/json', {"user":"    'content-type': 'application/json',","metadata":{"emulator":{"name":"functions"},"function":{"name":"us-central1-api"},"extension":{},"message":"\u001b[90m> \u001b[39m     'content-type': 'application/json',"}}
[info] >      'content-length': '663', {"user":"    'content-length': '663',","metadata":{"emulator":{"name":"functions"},"function":{"name":"us-central1-api"},"extension":{},"message":"\u001b[90m> \u001b[39m     'content-length': '663',"}}
[info] >      connection: 'keep-alive', {"user":"    connection: 'keep-alive',","metadata":{"emulator":{"name":"functions"},"function":{"name":"us-central1-api"},"extension":{},"message":"\u001b[90m> \u001b[39m     connection: 'keep-alive',"}}
[info] >      'access-control-allow-credentials': 'true', {"user":"    'access-control-allow-credentials': 'true',","metadata":{"emulator":{"name":"functions"},"function":{"name":"us-central1-api"},"extension":{},"message":"\u001b[90m> \u001b[39m     'access-control-allow-credentials': 'true',"}}
[info] >      'access-control-allow-methods': 'GET, HEAD, PUT, PATCH, POST, DELETE', {"user":"    'access-control-allow-methods': 'GET, HEAD, PUT, PATCH, POST, DELETE',","metadata":{"emulator":{"name":"functions"},"function":{"name":"us-central1-api"},"extension":{},"message":"\u001b[90m> \u001b[39m     'access-control-allow-methods': 'GET, HEAD, PUT, PATCH, POST, DELETE',"}}
[info] >      'access-control-allow-origin': '*', {"user":"    'access-control-allow-origin': '*',","metadata":{"emulator":{"name":"functions"},"function":{"name":"us-central1-api"},"extension":{},"message":"\u001b[90m> \u001b[39m     'access-control-allow-origin': '*',"}}
[info] >      'access-control-expose-headers': 'Request-Id, Stripe-Manage-Version, Stripe-Should-Retry, X-Stripe-External-Auth-Required, X-Stripe-Privileged-Session-Required', {"user":"    'access-control-expose-headers': 'Request-Id, Stripe-Manage-Version, Stripe-Should-Retry, X-Stripe-External-Auth-Required, X-Stripe-Privileged-Session-Required',","metadata":{"emulator":{"name":"functions"},"function":{"name":"us-central1-api"},"extension":{},"message":"\u001b[90m> \u001b[39m     'access-control-expose-headers': 'Request-Id, Stripe-Manage-Version, Stripe-Should-Retry, X-Stripe-External-Auth-Required, X-Stripe-Privileged-Session-Required',"}}
[info] >      'access-control-max-age': '300', {"user":"    'access-control-max-age': '300',","metadata":{"emulator":{"name":"functions"},"function":{"name":"us-central1-api"},"extension":{},"message":"\u001b[90m> \u001b[39m     'access-control-max-age': '300',"}}
[info] >      'cache-control': 'no-cache, no-store', {"user":"    'cache-control': 'no-cache, no-store',","metadata":{"emulator":{"name":"functions"},"function":{"name":"us-central1-api"},"extension":{},"message":"\u001b[90m> \u001b[39m     'cache-control': 'no-cache, no-store',"}}
[info] >      'content-security-policy': "base-uri 'none'; default-src 'none'; form-action 'none'; frame-ancestors 'none'; img-src 'self'; script-src 'self' 'report-sample'; style-src 'self'; upgrade-insecure-requests; report-uri https://q.stripe.com/csp-violation?q=R89iawu_JDDYwm8KOYfhtC4ReTWTp3Q_kN0MrgV-utl40mHtnZME0IoULhL7j9NlMKVHVEGhuFkYpBdM", {"user":"    'content-security-policy': \"base-uri 'none'; default-src 'none'; form-action 'none'; frame-ancestors 'none'; img-src 'self'; script-src 'self' 'report-sample'; style-src 'self'; upgrade-insecure-requests; report-uri https://q.stripe.com/csp-violation?q=R89iawu_JDDYwm8KOYfhtC4ReTWTp3Q_kN0MrgV-utl40mHtnZME0IoULhL7j9NlMKVHVEGhuFkYpBdM\",","metadata":{"emulator":{"name":"functions"},"function":{"name":"us-central1-api"},"extension":{},"message":"\u001b[90m> \u001b[39m     'content-security-policy': \"base-uri 'none'; default-src 'none'; form-action 'none'; frame-ancestors 'none'; img-src 'self'; script-src 'self' 'report-sample'; style-src 'self'; upgrade-insecure-requests; report-uri https://q.stripe.com/csp-violation?q=R89iawu_JDDYwm8KOYfhtC4ReTWTp3Q_kN0MrgV-utl40mHtnZME0IoULhL7j9NlMKVHVEGhuFkYpBdM\","}}
[info] >      'cross-origin-opener-policy-report-only': 'same-origin; report-to="coop"', {"user":"    'cross-origin-opener-policy-report-only': 'same-origin; report-to=\"coop\"',","metadata":{"emulator":{"name":"functions"},"function":{"name":"us-central1-api"},"extension":{},"message":"\u001b[90m> \u001b[39m     'cross-origin-opener-policy-report-only': 'same-origin; report-to=\"coop\"',"}}
[info] >      'idempotency-key': 'stripe-node-retry-14fb10d4-1e2b-4c0b-88bd-2b5d96687008', {"user":"    'idempotency-key': 'stripe-node-retry-14fb10d4-1e2b-4c0b-88bd-2b5d96687008',","metadata":{"emulator":{"name":"functions"},"function":{"name":"us-central1-api"},"extension":{},"message":"\u001b[90m> \u001b[39m     'idempotency-key': 'stripe-node-retry-14fb10d4-1e2b-4c0b-88bd-2b5d96687008',"}}
[info] >      'original-request': 'req_ojPvhdEaZNsEIU', {"user":"    'original-request': 'req_ojPvhdEaZNsEIU',","metadata":{"emulator":{"name":"functions"},"function":{"name":"us-central1-api"},"extension":{},"message":"\u001b[90m> \u001b[39m     'original-request': 'req_ojPvhdEaZNsEIU',"}}
[info] >      'report-to': '{"group":"coop","max_age":8640,"endpoints":[{"url":"https://q.stripe.com/coop-report"}],"include_subdomains":true}', {"user":"    'report-to': '{\"group\":\"coop\",\"max_age\":8640,\"endpoints\":[{\"url\":\"https://q.stripe.com/coop-report\"}],\"include_subdomains\":true}',","metadata":{"emulator":{"name":"functions"},"function":{"name":"us-central1-api"},"extension":{},"message":"\u001b[90m> \u001b[39m     'report-to': '{\"group\":\"coop\",\"max_age\":8640,\"endpoints\":[{\"url\":\"https://q.stripe.com/coop-report\"}],\"include_subdomains\":true}',"}}
[info] >      'reporting-endpoints': 'coop="https://q.stripe.com/coop-report"', {"user":"    'reporting-endpoints': 'coop=\"https://q.stripe.com/coop-report\"',","metadata":{"emulator":{"name":"functions"},"function":{"name":"us-central1-api"},"extension":{},"message":"\u001b[90m> \u001b[39m     'reporting-endpoints': 'coop=\"https://q.stripe.com/coop-report\"',"}}
[info] >      'request-id': 'req_ojPvhdEaZNsEIU', {"user":"    'request-id': 'req_ojPvhdEaZNsEIU',","metadata":{"emulator":{"name":"functions"},"function":{"name":"us-central1-api"},"extension":{},"message":"\u001b[90m> \u001b[39m     'request-id': 'req_ojPvhdEaZNsEIU',"}}
[info] >      'stripe-version': '2025-01-27.acacia', {"user":"    'stripe-version': '2025-01-27.acacia',","metadata":{"emulator":{"name":"functions"},"function":{"name":"us-central1-api"},"extension":{},"message":"\u001b[90m> \u001b[39m     'stripe-version': '2025-01-27.acacia',"}}
[info] >      vary: 'Origin', {"user":"    vary: 'Origin',","metadata":{"emulator":{"name":"functions"},"function":{"name":"us-central1-api"},"extension":{},"message":"\u001b[90m> \u001b[39m     vary: 'Origin',"}}
[info] >      'x-stripe-priority-routing-enabled': 'true', {"user":"    'x-stripe-priority-routing-enabled': 'true',","metadata":{"emulator":{"name":"functions"},"function":{"name":"us-central1-api"},"extension":{},"message":"\u001b[90m> \u001b[39m     'x-stripe-priority-routing-enabled': 'true',"}}
[info] >      'x-stripe-routing-context-priority-tier': 'api-testmode', {"user":"    'x-stripe-routing-context-priority-tier': 'api-testmode',","metadata":{"emulator":{"name":"functions"},"function":{"name":"us-central1-api"},"extension":{},"message":"\u001b[90m> \u001b[39m     'x-stripe-routing-context-priority-tier': 'api-testmode',"}}
[info] >      'x-wc': 'AB', {"user":"    'x-wc': 'AB',","metadata":{"emulator":{"name":"functions"},"function":{"name":"us-central1-api"},"extension":{},"message":"\u001b[90m> \u001b[39m     'x-wc': 'AB',"}}
[info] >      'strict-transport-security': 'max-age=63072000; includeSubDomains; preload' {"user":"    'strict-transport-security': 'max-age=63072000; includeSubDomains; preload'","metadata":{"emulator":{"name":"functions"},"function":{"name":"us-central1-api"},"extension":{},"message":"\u001b[90m> \u001b[39m     'strict-transport-security': 'max-age=63072000; includeSubDomains; preload'"}}
[info] >    }, {"user":"  },","metadata":{"emulator":{"name":"functions"},"function":{"name":"us-central1-api"},"extension":{},"message":"\u001b[90m> \u001b[39m   },"}}
[info] >    requestId: 'req_ojPvhdEaZNsEIU', {"user":"  requestId: 'req_ojPvhdEaZNsEIU',","metadata":{"emulator":{"name":"functions"},"function":{"name":"us-central1-api"},"extension":{},"message":"\u001b[90m> \u001b[39m   requestId: 'req_ojPvhdEaZNsEIU',"}}
[info] >    statusCode: 400, {"user":"  statusCode: 400,","metadata":{"emulator":{"name":"functions"},"function":{"name":"us-central1-api"},"extension":{},"message":"\u001b[90m> \u001b[39m   statusCode: 400,"}}
[info] >    userMessage: undefined, {"user":"  userMessage: undefined,","metadata":{"emulator":{"name":"functions"},"function":{"name":"us-central1-api"},"extension":{},"message":"\u001b[90m> \u001b[39m   userMessage: undefined,"}}
[info] >    charge: undefined, {"user":"  charge: undefined,","metadata":{"emulator":{"name":"functions"},"function":{"name":"us-central1-api"},"extension":{},"message":"\u001b[90m> \u001b[39m   charge: undefined,"}}
[info] >    decline_code: undefined, {"user":"  decline_code: undefined,","metadata":{"emulator":{"name":"functions"},"function":{"name":"us-central1-api"},"extension":{},"message":"\u001b[90m> \u001b[39m   decline_code: undefined,"}}
[info] >    payment_intent: undefined, {"user":"  payment_intent: undefined,","metadata":{"emulator":{"name":"functions"},"function":{"name":"us-central1-api"},"extension":{},"message":"\u001b[90m> \u001b[39m   payment_intent: undefined,"}}
[info] >    payment_method: undefined, {"user":"  payment_method: undefined,","metadata":{"emulator":{"name":"functions"},"function":{"name":"us-central1-api"},"extension":{},"message":"\u001b[90m> \u001b[39m   payment_method: undefined,"}}
[info] >    payment_method_type: undefined, {"user":"  payment_method_type: undefined,","metadata":{"emulator":{"name":"functions"},"function":{"name":"us-central1-api"},"extension":{},"message":"\u001b[90m> \u001b[39m   payment_method_type: undefined,"}}
[info] >    setup_intent: undefined, {"user":"  setup_intent: undefined,","metadata":{"emulator":{"name":"functions"},"function":{"name":"us-central1-api"},"extension":{},"message":"\u001b[90m> \u001b[39m   setup_intent: undefined,"}}
[info] >    source: undefined {"user":"  source: undefined","metadata":{"emulator":{"name":"functions"},"function":{"name":"us-central1-api"},"extension":{},"message":"\u001b[90m> \u001b[39m   source: undefined"}}
[info] >  } {"user":"}","metadata":{"emulator":{"name":"functions"},"function":{"name":"us-central1-api"},"extension":{},"message":"\u001b[90m> \u001b[39m }"}}
[debug] [2025-02-03T13:02:49.288Z] Finishing up request with event=pause {"metadata":{"emulator":{"name":"functions"},"function":{"name":"us-central1-api"},"extension":{},"message":"Finishing up request with event=pause"}}
[info] i  functions: Finished "us-central1-api" in 514.6406ms {"metadata":{"emulator":{"name":"functions"},"function":{"name":"us-central1-api"},"extension":{},"message":"Finished \"us-central1-api\" in 514.6406ms"}}
[debug] [2025-02-03T13:02:49.290Z] [worker-us-central1-api-f2df7793-dd30-4128-aa50-a5fdcf6772d2]: IDLE {"metadata":{"emulator":{"name":"functions"},"function":{"name":"us-central1-api"},"extension":{},"message":"[worker-us-central1-api-f2df7793-dd30-4128-aa50-a5fdcf6772d2]: IDLE"}}
[debug] [2025-02-03T13:02:49.290Z] Finishing up request with event=finish {"metadata":{"emulator":{"name":"functions"},"function":{"name":"us-central1-api"},"extension":{},"message":"Finishing up request with event=finish"}}
[debug] [2025-02-03T13:02:49.290Z] Finishing up request with event=close {"metadata":{"emulator":{"name":"functions"},"function":{"name":"us-central1-api"},"extension":{},"message":"Finishing up request with event=close"}}
[debug] [2025-02-03T13:02:49.291Z] [work-queue] {"queuedWork":[],"queueLength":0,"runningWork":[],"workRunningCount":0}
[debug] [2025-02-03T13:03:01.620Z] [work-queue] {"queuedWork":["/novemb-f2496/us-central1/api/payments/create-2025-02-03T13:03:01.620Z"],"queueLength":1,"runningWork":[],"workRunningCount":0}
[debug] [2025-02-03T13:03:01.621Z] [work-queue] {"queuedWork":[],"queueLength":0,"runningWork":["/novemb-f2496/us-central1/api/payments/create-2025-02-03T13:03:01.620Z"],"workRunningCount":1}
[debug] [2025-02-03T13:03:01.621Z] Accepted request POST /novemb-f2496/us-central1/api/payments/create?total=0 --> us-central1-api
[debug] [2025-02-03T13:03:01.622Z] [functions] Runtime ready! Sending request! {"metadata":{"emulator":{"name":"functions"},"message":"[functions] Runtime ready! Sending request!"}}
[debug] [2025-02-03T13:03:01.622Z] [functions] Got req.url=/novemb-f2496/us-central1/api/payments/create?total=0, mapping to path=/payments/create?total=0 {"metadata":{"emulator":{"name":"functions"},"message":"[functions] Got req.url=/novemb-f2496/us-central1/api/payments/create?total=0, mapping to path=/payments/create?total=0"}}
[debug] [2025-02-03T13:03:01.623Z] [worker-pool] submitRequest(triggerId=us-central1-api) {"metadata":{"emulator":{"name":"functions"},"message":"[worker-pool] submitRequest(triggerId=us-central1-api)"}}
[info] i  functions: Beginning execution of "us-central1-api" {"metadata":{"emulator":{"name":"functions"},"function":{"name":"us-central1-api"},"extension":{},"message":"Beginning execution of \"us-central1-api\""}}
[debug] [2025-02-03T13:03:01.625Z] [worker-us-central1-api-f2df7793-dd30-4128-aa50-a5fdcf6772d2]: BUSY {"metadata":{"emulator":{"name":"functions"},"function":{"name":"us-central1-api"},"extension":{},"message":"[worker-us-central1-api-f2df7793-dd30-4128-aa50-a5fdcf6772d2]: BUSY"}}
[debug] [2025-02-03T13:03:01.630Z] [work-queue] {"queuedWork":["/novemb-f2496/us-central1/api/payments/create-2025-02-03T13:03:01.630Z"],"queueLength":1,"runningWork":["/novemb-f2496/us-central1/api/payments/create-2025-02-03T13:03:01.620Z"],"workRunningCount":1}
[debug] [2025-02-03T13:03:01.631Z] [work-queue] {"queuedWork":[],"queueLength":0,"runningWork":["/novemb-f2496/us-central1/api/payments/create-2025-02-03T13:03:01.620Z","/novemb-f2496/us-central1/api/payments/create-2025-02-03T13:03:01.630Z"],"workRunningCount":2}
[debug] [2025-02-03T13:03:01.631Z] Accepted request POST /novemb-f2496/us-central1/api/payments/create?total=0 --> us-central1-api
[debug] [2025-02-03T13:03:01.632Z] [functions] Runtime ready! Sending request! {"metadata":{"emulator":{"name":"functions"},"message":"[functions] Runtime ready! Sending request!"}}
[debug] [2025-02-03T13:03:01.633Z] [functions] Got req.url=/novemb-f2496/us-central1/api/payments/create?total=0, mapping to path=/payments/create?total=0 {"metadata":{"emulator":{"name":"functions"},"message":"[functions] Got req.url=/novemb-f2496/us-central1/api/payments/create?total=0, mapping to path=/payments/create?total=0"}}
[debug] [2025-02-03T13:03:01.633Z] [worker-pool] submitRequest(triggerId=us-central1-api) {"metadata":{"emulator":{"name":"functions"},"message":"[worker-pool] submitRequest(triggerId=us-central1-api)"}}
[info] i  functions: Beginning execution of "us-central1-api" {"metadata":{"emulator":{"name":"functions"},"function":{"name":"us-central1-api"},"extension":{},"message":"Beginning execution of \"us-central1-api\""}}
[debug] [2025-02-03T13:03:01.635Z] [worker-us-central1-api-b84fc486-f755-4413-8680-a40b2d3838d0]: BUSY {"metadata":{"emulator":{"name":"functions"},"function":{"name":"us-central1-api"},"extension":{},"message":"[worker-us-central1-api-b84fc486-f755-4413-8680-a40b2d3838d0]: BUSY"}}
[info] >  payment request received for this amount == 0 {"user":"payment request received for this amount == 0","metadata":{"emulator":{"name":"functions"},"function":{"name":"us-central1-api"},"extension":{},"message":"\u001b[90m> \u001b[39m payment request received for this amount == 0"}}
[info] >  payment request received for this amount == 0 {"user":"payment request received for this amount == 0","metadata":{"emulator":{"name":"functions"},"function":{"name":"us-central1-api"},"extension":{},"message":"\u001b[90m> \u001b[39m payment request received for this amount == 0"}}
[info] >  Error creating payment intent: StripeInvalidRequestError: The amount must be greater than or equal to the minimum charge amount allowed for your account and the currency set (https://docs.stripe.com/currencies#minimum-and-maximum-charge-amounts).  If you want to save a Payment Method for future use without an immediate payment, use a Setup Intent instead: https://docs.stripe.com/payments/setup-intents {"user":"Error creating payment intent: StripeInvalidRequestError: The amount must be greater than or equal to the minimum charge amount allowed for your account and the currency set (https://docs.stripe.com/currencies#minimum-and-maximum-charge-amounts).  If you want to save a Payment Method for future use without an immediate payment, use a Setup Intent instead: https://docs.stripe.com/payments/setup-intents","metadata":{"emulator":{"name":"functions"},"function":{"name":"us-central1-api"},"extension":{},"message":"\u001b[90m> \u001b[39m Error creating payment intent: StripeInvalidRequestError: The amount must be greater than or equal to the minimum charge amount allowed for your account and the currency set (https://docs.stripe.com/currencies#minimum-and-maximum-charge-amounts).  If you want to save a Payment Method for future use without an immediate payment, use a Setup Intent instead: https://docs.stripe.com/payments/setup-intents"}}
[info] >      at generateV1Error (C:\Users\sata\OneDrive\Desktop\phase-1\phase-5\Amazon-clone-2024\amazon-clone\functions\node_modules\stripe\cjs\Error.js:11:20) {"user":"    at generateV1Error (C:\\Users\\sata\\OneDrive\\Desktop\\phase-1\\phase-5\\Amazon-clone-2024\\amazon-clone\\functions\\node_modules\\stripe\\cjs\\Error.js:11:20)","metadata":{"emulator":{"name":"functions"},"function":{"name":"us-central1-api"},"extension":{},"message":"\u001b[90m> \u001b[39m     at generateV1Error (C:\\Users\\sata\\OneDrive\\Desktop\\phase-1\\phase-5\\Amazon-clone-2024\\amazon-clone\\functions\\node_modules\\stripe\\cjs\\Error.js:11:20)"}}
[info] >      at res.toJSON.then.Error_js_1.StripeAPIError.message (C:\Users\sata\OneDrive\Desktop\phase-1\phase-5\Amazon-clone-2024\amazon-clone\functions\node_modules\stripe\cjs\RequestSender.js:108:62) {"user":"    at res.toJSON.then.Error_js_1.StripeAPIError.message (C:\\Users\\sata\\OneDrive\\Desktop\\phase-1\\phase-5\\Amazon-clone-2024\\amazon-clone\\functions\\node_modules\\stripe\\cjs\\RequestSender.js:108:62)","metadata":{"emulator":{"name":"functions"},"function":{"name":"us-central1-api"},"extension":{},"message":"\u001b[90m> \u001b[39m     at res.toJSON.then.Error_js_1.StripeAPIError.message (C:\\Users\\sata\\OneDrive\\Desktop\\phase-1\\phase-5\\Amazon-clone-2024\\amazon-clone\\functions\\node_modules\\stripe\\cjs\\RequestSender.js:108:62)"}}
[info] >      at process.processTicksAndRejections (node:internal/process/task_queues:95:5) { {"user":"    at process.processTicksAndRejections (node:internal/process/task_queues:95:5) {","metadata":{"emulator":{"name":"functions"},"function":{"name":"us-central1-api"},"extension":{},"message":"\u001b[90m> \u001b[39m     at process.processTicksAndRejections (node:internal/process/task_queues:95:5) {"}}
[info] >    type: 'StripeInvalidRequestError', {"user":"  type: 'StripeInvalidRequestError',","metadata":{"emulator":{"name":"functions"},"function":{"name":"us-central1-api"},"extension":{},"message":"\u001b[90m> \u001b[39m   type: 'StripeInvalidRequestError',"}}
[info] >    raw: { {"user":"  raw: {","metadata":{"emulator":{"name":"functions"},"function":{"name":"us-central1-api"},"extension":{},"message":"\u001b[90m> \u001b[39m   raw: {"}}
[info] >      code: 'parameter_invalid_integer', {"user":"    code: 'parameter_invalid_integer',","metadata":{"emulator":{"name":"functions"},"function":{"name":"us-central1-api"},"extension":{},"message":"\u001b[90m> \u001b[39m     code: 'parameter_invalid_integer',"}}
[info] >      doc_url: 'https://stripe.com/docs/error-codes/parameter-invalid-integer', {"user":"    doc_url: 'https://stripe.com/docs/error-codes/parameter-invalid-integer',","metadata":{"emulator":{"name":"functions"},"function":{"name":"us-central1-api"},"extension":{},"message":"\u001b[90m> \u001b[39m     doc_url: 'https://stripe.com/docs/error-codes/parameter-invalid-integer',"}}
[info] >      message: 'The amount must be greater than or equal to the minimum charge amount allowed for your account and the currency set (https://docs.stripe.com/currencies#minimum-and-maximum-charge-amounts).  If you want to save a Payment Method for future use without an immediate payment, use a Setup Intent instead: https://docs.stripe.com/payments/setup-intents', {"user":"    message: 'The amount must be greater than or equal to the minimum charge amount allowed for your account and the currency set (https://docs.stripe.com/currencies#minimum-and-maximum-charge-amounts).  If you want to save a Payment Method for future use without an immediate payment, use a Setup Intent instead: https://docs.stripe.com/payments/setup-intents',","metadata":{"emulator":{"name":"functions"},"function":{"name":"us-central1-api"},"extension":{},"message":"\u001b[90m> \u001b[39m     message: 'The amount must be greater than or equal to the minimum charge amount allowed for your account and the currency set (https://docs.stripe.com/currencies#minimum-and-maximum-charge-amounts).  If you want to save a Payment Method for future use without an immediate payment, use a Setup Intent instead: https://docs.stripe.com/payments/setup-intents',"}}
[info] >      param: 'amount', {"user":"    param: 'amount',","metadata":{"emulator":{"name":"functions"},"function":{"name":"us-central1-api"},"extension":{},"message":"\u001b[90m> \u001b[39m     param: 'amount',"}}
[info] >      request_log_url: 'https://dashboard.stripe.com/test/logs/req_IJM1Lbc0O7Y3kZ?t=1738587782', {"user":"    request_log_url: 'https://dashboard.stripe.com/test/logs/req_IJM1Lbc0O7Y3kZ?t=1738587782',","metadata":{"emulator":{"name":"functions"},"function":{"name":"us-central1-api"},"extension":{},"message":"\u001b[90m> \u001b[39m     request_log_url: 'https://dashboard.stripe.com/test/logs/req_IJM1Lbc0O7Y3kZ?t=1738587782',"}}
[info] >      type: 'invalid_request_error', {"user":"    type: 'invalid_request_error',","metadata":{"emulator":{"name":"functions"},"function":{"name":"us-central1-api"},"extension":{},"message":"\u001b[90m> \u001b[39m     type: 'invalid_request_error',"}}
[info] >      headers: { {"user":"    headers: {","metadata":{"emulator":{"name":"functions"},"function":{"name":"us-central1-api"},"extension":{},"message":"\u001b[90m> \u001b[39m     headers: {"}}
[info] >        server: 'nginx', {"user":"      server: 'nginx',","metadata":{"emulator":{"name":"functions"},"function":{"name":"us-central1-api"},"extension":{},"message":"\u001b[90m> \u001b[39m       server: 'nginx',"}}
[info] >        date: 'Mon, 03 Feb 2025 13:03:02 GMT', {"user":"      date: 'Mon, 03 Feb 2025 13:03:02 GMT',","metadata":{"emulator":{"name":"functions"},"function":{"name":"us-central1-api"},"extension":{},"message":"\u001b[90m> \u001b[39m       date: 'Mon, 03 Feb 2025 13:03:02 GMT',"}}
[info] >        'content-type': 'application/json', {"user":"      'content-type': 'application/json',","metadata":{"emulator":{"name":"functions"},"function":{"name":"us-central1-api"},"extension":{},"message":"\u001b[90m> \u001b[39m       'content-type': 'application/json',"}}
[info] >        'content-length': '663', {"user":"      'content-length': '663',","metadata":{"emulator":{"name":"functions"},"function":{"name":"us-central1-api"},"extension":{},"message":"\u001b[90m> \u001b[39m       'content-length': '663',"}}
[info] >        connection: 'keep-alive', {"user":"      connection: 'keep-alive',","metadata":{"emulator":{"name":"functions"},"function":{"name":"us-central1-api"},"extension":{},"message":"\u001b[90m> \u001b[39m       connection: 'keep-alive',"}}
[info] >        'access-control-allow-credentials': 'true', {"user":"      'access-control-allow-credentials': 'true',","metadata":{"emulator":{"name":"functions"},"function":{"name":"us-central1-api"},"extension":{},"message":"\u001b[90m> \u001b[39m       'access-control-allow-credentials': 'true',"}}
[info] >        'access-control-allow-methods': 'GET, HEAD, PUT, PATCH, POST, DELETE', {"user":"      'access-control-allow-methods': 'GET, HEAD, PUT, PATCH, POST, DELETE',","metadata":{"emulator":{"name":"functions"},"function":{"name":"us-central1-api"},"extension":{},"message":"\u001b[90m> \u001b[39m       'access-control-allow-methods': 'GET, HEAD, PUT, PATCH, POST, DELETE',"}}
[info] >        'access-control-allow-origin': '*', {"user":"      'access-control-allow-origin': '*',","metadata":{"emulator":{"name":"functions"},"function":{"name":"us-central1-api"},"extension":{},"message":"\u001b[90m> \u001b[39m       'access-control-allow-origin': '*',"}}
[info] >        'access-control-expose-headers': 'Request-Id, Stripe-Manage-Version, Stripe-Should-Retry, X-Stripe-External-Auth-Required, X-Stripe-Privileged-Session-Required', {"user":"      'access-control-expose-headers': 'Request-Id, Stripe-Manage-Version, Stripe-Should-Retry, X-Stripe-External-Auth-Required, X-Stripe-Privileged-Session-Required',","metadata":{"emulator":{"name":"functions"},"function":{"name":"us-central1-api"},"extension":{},"message":"\u001b[90m> \u001b[39m       'access-control-expose-headers': 'Request-Id, Stripe-Manage-Version, Stripe-Should-Retry, X-Stripe-External-Auth-Required, X-Stripe-Privileged-Session-Required',"}}
[info] >        'access-control-max-age': '300', {"user":"      'access-control-max-age': '300',","metadata":{"emulator":{"name":"functions"},"function":{"name":"us-central1-api"},"extension":{},"message":"\u001b[90m> \u001b[39m       'access-control-max-age': '300',"}}
[info] >        'cache-control': 'no-cache, no-store', {"user":"      'cache-control': 'no-cache, no-store',","metadata":{"emulator":{"name":"functions"},"function":{"name":"us-central1-api"},"extension":{},"message":"\u001b[90m> \u001b[39m       'cache-control': 'no-cache, no-store',"}}
[info] >        'content-security-policy': "base-uri 'none'; default-src 'none'; form-action 'none'; frame-ancestors 'none'; img-src 'self'; script-src 'self' 'report-sample'; style-src 'self'; upgrade-insecure-requests; report-uri https://q.stripe.com/csp-violation?q=R89iawu_JDDYwm8KOYfhtC4ReTWTp3Q_kN0MrgV-utl40mHtnZME0IoULhL7j9NlMKVHVEGhuFkYpBdM", {"user":"      'content-security-policy': \"base-uri 'none'; default-src 'none'; form-action 'none'; frame-ancestors 'none'; img-src 'self'; script-src 'self' 'report-sample'; style-src 'self'; upgrade-insecure-requests; report-uri https://q.stripe.com/csp-violation?q=R89iawu_JDDYwm8KOYfhtC4ReTWTp3Q_kN0MrgV-utl40mHtnZME0IoULhL7j9NlMKVHVEGhuFkYpBdM\",","metadata":{"emulator":{"name":"functions"},"function":{"name":"us-central1-api"},"extension":{},"message":"\u001b[90m> \u001b[39m       'content-security-policy': \"base-uri 'none'; default-src 'none'; form-action 'none'; frame-ancestors 'none'; img-src 'self'; script-src 'self' 'report-sample'; style-src 'self'; upgrade-insecure-requests; report-uri https://q.stripe.com/csp-violation?q=R89iawu_JDDYwm8KOYfhtC4ReTWTp3Q_kN0MrgV-utl40mHtnZME0IoULhL7j9NlMKVHVEGhuFkYpBdM\","}}
[info] >        'cross-origin-opener-policy-report-only': 'same-origin; report-to="coop"', {"user":"      'cross-origin-opener-policy-report-only': 'same-origin; report-to=\"coop\"',","metadata":{"emulator":{"name":"functions"},"function":{"name":"us-central1-api"},"extension":{},"message":"\u001b[90m> \u001b[39m       'cross-origin-opener-policy-report-only': 'same-origin; report-to=\"coop\"',"}}
[info] >        'idempotency-key': 'stripe-node-retry-7ae5115b-87b5-4cbb-9859-e57b2ac39d65', {"user":"      'idempotency-key': 'stripe-node-retry-7ae5115b-87b5-4cbb-9859-e57b2ac39d65',","metadata":{"emulator":{"name":"functions"},"function":{"name":"us-central1-api"},"extension":{},"message":"\u001b[90m> \u001b[39m       'idempotency-key': 'stripe-node-retry-7ae5115b-87b5-4cbb-9859-e57b2ac39d65',"}}
[info] >        'original-request': 'req_IJM1Lbc0O7Y3kZ', {"user":"      'original-request': 'req_IJM1Lbc0O7Y3kZ',","metadata":{"emulator":{"name":"functions"},"function":{"name":"us-central1-api"},"extension":{},"message":"\u001b[90m> \u001b[39m       'original-request': 'req_IJM1Lbc0O7Y3kZ',"}}
[info] >        'report-to': '{"group":"coop","max_age":8640,"endpoints":[{"url":"https://q.stripe.com/coop-report"}],"include_subdomains":true}', {"user":"      'report-to': '{\"group\":\"coop\",\"max_age\":8640,\"endpoints\":[{\"url\":\"https://q.stripe.com/coop-report\"}],\"include_subdomains\":true}',","metadata":{"emulator":{"name":"functions"},"function":{"name":"us-central1-api"},"extension":{},"message":"\u001b[90m> \u001b[39m       'report-to': '{\"group\":\"coop\",\"max_age\":8640,\"endpoints\":[{\"url\":\"https://q.stripe.com/coop-report\"}],\"include_subdomains\":true}',"}}
[info] >        'reporting-endpoints': 'coop="https://q.stripe.com/coop-report"', {"user":"      'reporting-endpoints': 'coop=\"https://q.stripe.com/coop-report\"',","metadata":{"emulator":{"name":"functions"},"function":{"name":"us-central1-api"},"extension":{},"message":"\u001b[90m> \u001b[39m       'reporting-endpoints': 'coop=\"https://q.stripe.com/coop-report\"',"}}
[info] >        'request-id': 'req_IJM1Lbc0O7Y3kZ', {"user":"      'request-id': 'req_IJM1Lbc0O7Y3kZ',","metadata":{"emulator":{"name":"functions"},"function":{"name":"us-central1-api"},"extension":{},"message":"\u001b[90m> \u001b[39m       'request-id': 'req_IJM1Lbc0O7Y3kZ',"}}
[info] >        'stripe-version': '2025-01-27.acacia', {"user":"      'stripe-version': '2025-01-27.acacia',","metadata":{"emulator":{"name":"functions"},"function":{"name":"us-central1-api"},"extension":{},"message":"\u001b[90m> \u001b[39m       'stripe-version': '2025-01-27.acacia',"}}
[info] >        vary: 'Origin', {"user":"      vary: 'Origin',","metadata":{"emulator":{"name":"functions"},"function":{"name":"us-central1-api"},"extension":{},"message":"\u001b[90m> \u001b[39m       vary: 'Origin',"}}
[info] >        'x-stripe-priority-routing-enabled': 'true', {"user":"      'x-stripe-priority-routing-enabled': 'true',","metadata":{"emulator":{"name":"functions"},"function":{"name":"us-central1-api"},"extension":{},"message":"\u001b[90m> \u001b[39m       'x-stripe-priority-routing-enabled': 'true',"}}
[info] >        'x-stripe-routing-context-priority-tier': 'api-testmode', {"user":"      'x-stripe-routing-context-priority-tier': 'api-testmode',","metadata":{"emulator":{"name":"functions"},"function":{"name":"us-central1-api"},"extension":{},"message":"\u001b[90m> \u001b[39m       'x-stripe-routing-context-priority-tier': 'api-testmode',"}}
[info] >        'x-wc': 'AB', {"user":"      'x-wc': 'AB',","metadata":{"emulator":{"name":"functions"},"function":{"name":"us-central1-api"},"extension":{},"message":"\u001b[90m> \u001b[39m       'x-wc': 'AB',"}}
[info] >        'strict-transport-security': 'max-age=63072000; includeSubDomains; preload' {"user":"      'strict-transport-security': 'max-age=63072000; includeSubDomains; preload'","metadata":{"emulator":{"name":"functions"},"function":{"name":"us-central1-api"},"extension":{},"message":"\u001b[90m> \u001b[39m       'strict-transport-security': 'max-age=63072000; includeSubDomains; preload'"}}
[info] >      }, {"user":"    },","metadata":{"emulator":{"name":"functions"},"function":{"name":"us-central1-api"},"extension":{},"message":"\u001b[90m> \u001b[39m     },"}}
[info] >      statusCode: 400, {"user":"    statusCode: 400,","metadata":{"emulator":{"name":"functions"},"function":{"name":"us-central1-api"},"extension":{},"message":"\u001b[90m> \u001b[39m     statusCode: 400,"}}
[info] >      requestId: 'req_IJM1Lbc0O7Y3kZ' {"user":"    requestId: 'req_IJM1Lbc0O7Y3kZ'","metadata":{"emulator":{"name":"functions"},"function":{"name":"us-central1-api"},"extension":{},"message":"\u001b[90m> \u001b[39m     requestId: 'req_IJM1Lbc0O7Y3kZ'"}}
[info] >    }, {"user":"  },","metadata":{"emulator":{"name":"functions"},"function":{"name":"us-central1-api"},"extension":{},"message":"\u001b[90m> \u001b[39m   },"}}
[info] >    rawType: 'invalid_request_error', {"user":"  rawType: 'invalid_request_error',","metadata":{"emulator":{"name":"functions"},"function":{"name":"us-central1-api"},"extension":{},"message":"\u001b[90m> \u001b[39m   rawType: 'invalid_request_error',"}}
[info] >    code: 'parameter_invalid_integer', {"user":"  code: 'parameter_invalid_integer',","metadata":{"emulator":{"name":"functions"},"function":{"name":"us-central1-api"},"extension":{},"message":"\u001b[90m> \u001b[39m   code: 'parameter_invalid_integer',"}}
[info] >    doc_url: 'https://stripe.com/docs/error-codes/parameter-invalid-integer', {"user":"  doc_url: 'https://stripe.com/docs/error-codes/parameter-invalid-integer',","metadata":{"emulator":{"name":"functions"},"function":{"name":"us-central1-api"},"extension":{},"message":"\u001b[90m> \u001b[39m   doc_url: 'https://stripe.com/docs/error-codes/parameter-invalid-integer',"}}
[info] >    param: 'amount', {"user":"  param: 'amount',","metadata":{"emulator":{"name":"functions"},"function":{"name":"us-central1-api"},"extension":{},"message":"\u001b[90m> \u001b[39m   param: 'amount',"}}
[info] >    detail: undefined, {"user":"  detail: undefined,","metadata":{"emulator":{"name":"functions"},"function":{"name":"us-central1-api"},"extension":{},"message":"\u001b[90m> \u001b[39m   detail: undefined,"}}
[info] >    headers: { {"user":"  headers: {","metadata":{"emulator":{"name":"functions"},"function":{"name":"us-central1-api"},"extension":{},"message":"\u001b[90m> \u001b[39m   headers: {"}}
[info] >      server: 'nginx', {"user":"    server: 'nginx',","metadata":{"emulator":{"name":"functions"},"function":{"name":"us-central1-api"},"extension":{},"message":"\u001b[90m> \u001b[39m     server: 'nginx',"}}
[info] >      date: 'Mon, 03 Feb 2025 13:03:02 GMT', {"user":"    date: 'Mon, 03 Feb 2025 13:03:02 GMT',","metadata":{"emulator":{"name":"functions"},"function":{"name":"us-central1-api"},"extension":{},"message":"\u001b[90m> \u001b[39m     date: 'Mon, 03 Feb 2025 13:03:02 GMT',"}}
[info] >      'content-type': 'application/json', {"user":"    'content-type': 'application/json',","metadata":{"emulator":{"name":"functions"},"function":{"name":"us-central1-api"},"extension":{},"message":"\u001b[90m> \u001b[39m     'content-type': 'application/json',"}}
[info] >      'content-length': '663', {"user":"    'content-length': '663',","metadata":{"emulator":{"name":"functions"},"function":{"name":"us-central1-api"},"extension":{},"message":"\u001b[90m> \u001b[39m     'content-length': '663',"}}
[info] >      connection: 'keep-alive', {"user":"    connection: 'keep-alive',","metadata":{"emulator":{"name":"functions"},"function":{"name":"us-central1-api"},"extension":{},"message":"\u001b[90m> \u001b[39m     connection: 'keep-alive',"}}
[info] >      'access-control-allow-credentials': 'true', {"user":"    'access-control-allow-credentials': 'true',","metadata":{"emulator":{"name":"functions"},"function":{"name":"us-central1-api"},"extension":{},"message":"\u001b[90m> \u001b[39m     'access-control-allow-credentials': 'true',"}}
[info] >      'access-control-allow-methods': 'GET, HEAD, PUT, PATCH, POST, DELETE', {"user":"    'access-control-allow-methods': 'GET, HEAD, PUT, PATCH, POST, DELETE',","metadata":{"emulator":{"name":"functions"},"function":{"name":"us-central1-api"},"extension":{},"message":"\u001b[90m> \u001b[39m     'access-control-allow-methods': 'GET, HEAD, PUT, PATCH, POST, DELETE',"}}
[info] >      'access-control-allow-origin': '*', {"user":"    'access-control-allow-origin': '*',","metadata":{"emulator":{"name":"functions"},"function":{"name":"us-central1-api"},"extension":{},"message":"\u001b[90m> \u001b[39m     'access-control-allow-origin': '*',"}}
[info] >      'access-control-expose-headers': 'Request-Id, Stripe-Manage-Version, Stripe-Should-Retry, X-Stripe-External-Auth-Required, X-Stripe-Privileged-Session-Required', {"user":"    'access-control-expose-headers': 'Request-Id, Stripe-Manage-Version, Stripe-Should-Retry, X-Stripe-External-Auth-Required, X-Stripe-Privileged-Session-Required',","metadata":{"emulator":{"name":"functions"},"function":{"name":"us-central1-api"},"extension":{},"message":"\u001b[90m> \u001b[39m     'access-control-expose-headers': 'Request-Id, Stripe-Manage-Version, Stripe-Should-Retry, X-Stripe-External-Auth-Required, X-Stripe-Privileged-Session-Required',"}}
[info] >      'access-control-max-age': '300', {"user":"    'access-control-max-age': '300',","metadata":{"emulator":{"name":"functions"},"function":{"name":"us-central1-api"},"extension":{},"message":"\u001b[90m> \u001b[39m     'access-control-max-age': '300',"}}
[info] >      'cache-control': 'no-cache, no-store', {"user":"    'cache-control': 'no-cache, no-store',","metadata":{"emulator":{"name":"functions"},"function":{"name":"us-central1-api"},"extension":{},"message":"\u001b[90m> \u001b[39m     'cache-control': 'no-cache, no-store',"}}
[info] >      'content-security-policy': "base-uri 'none'; default-src 'none'; form-action 'none'; frame-ancestors 'none'; img-src 'self'; script-src 'self' 'report-sample'; style-src 'self'; upgrade-insecure-requests; report-uri https://q.stripe.com/csp-violation?q=R89iawu_JDDYwm8KOYfhtC4ReTWTp3Q_kN0MrgV-utl40mHtnZME0IoULhL7j9NlMKVHVEGhuFkYpBdM", {"user":"    'content-security-policy': \"base-uri 'none'; default-src 'none'; form-action 'none'; frame-ancestors 'none'; img-src 'self'; script-src 'self' 'report-sample'; style-src 'self'; upgrade-insecure-requests; report-uri https://q.stripe.com/csp-violation?q=R89iawu_JDDYwm8KOYfhtC4ReTWTp3Q_kN0MrgV-utl40mHtnZME0IoULhL7j9NlMKVHVEGhuFkYpBdM\",","metadata":{"emulator":{"name":"functions"},"function":{"name":"us-central1-api"},"extension":{},"message":"\u001b[90m> \u001b[39m     'content-security-policy': \"base-uri 'none'; default-src 'none'; form-action 'none'; frame-ancestors 'none'; img-src 'self'; script-src 'self' 'report-sample'; style-src 'self'; upgrade-insecure-requests; report-uri https://q.stripe.com/csp-violation?q=R89iawu_JDDYwm8KOYfhtC4ReTWTp3Q_kN0MrgV-utl40mHtnZME0IoULhL7j9NlMKVHVEGhuFkYpBdM\","}}
[info] >      'cross-origin-opener-policy-report-only': 'same-origin; report-to="coop"', {"user":"    'cross-origin-opener-policy-report-only': 'same-origin; report-to=\"coop\"',","metadata":{"emulator":{"name":"functions"},"function":{"name":"us-central1-api"},"extension":{},"message":"\u001b[90m> \u001b[39m     'cross-origin-opener-policy-report-only': 'same-origin; report-to=\"coop\"',"}}
[info] >      'idempotency-key': 'stripe-node-retry-7ae5115b-87b5-4cbb-9859-e57b2ac39d65', {"user":"    'idempotency-key': 'stripe-node-retry-7ae5115b-87b5-4cbb-9859-e57b2ac39d65',","metadata":{"emulator":{"name":"functions"},"function":{"name":"us-central1-api"},"extension":{},"message":"\u001b[90m> \u001b[39m     'idempotency-key': 'stripe-node-retry-7ae5115b-87b5-4cbb-9859-e57b2ac39d65',"}}
[info] >      'original-request': 'req_IJM1Lbc0O7Y3kZ', {"user":"    'original-request': 'req_IJM1Lbc0O7Y3kZ',","metadata":{"emulator":{"name":"functions"},"function":{"name":"us-central1-api"},"extension":{},"message":"\u001b[90m> \u001b[39m     'original-request': 'req_IJM1Lbc0O7Y3kZ',"}}
[info] >      'report-to': '{"group":"coop","max_age":8640,"endpoints":[{"url":"https://q.stripe.com/coop-report"}],"include_subdomains":true}', {"user":"    'report-to': '{\"group\":\"coop\",\"max_age\":8640,\"endpoints\":[{\"url\":\"https://q.stripe.com/coop-report\"}],\"include_subdomains\":true}',","metadata":{"emulator":{"name":"functions"},"function":{"name":"us-central1-api"},"extension":{},"message":"\u001b[90m> \u001b[39m     'report-to': '{\"group\":\"coop\",\"max_age\":8640,\"endpoints\":[{\"url\":\"https://q.stripe.com/coop-report\"}],\"include_subdomains\":true}',"}}
[info] >      'reporting-endpoints': 'coop="https://q.stripe.com/coop-report"', {"user":"    'reporting-endpoints': 'coop=\"https://q.stripe.com/coop-report\"',","metadata":{"emulator":{"name":"functions"},"function":{"name":"us-central1-api"},"extension":{},"message":"\u001b[90m> \u001b[39m     'reporting-endpoints': 'coop=\"https://q.stripe.com/coop-report\"',"}}
[info] >      'request-id': 'req_IJM1Lbc0O7Y3kZ', {"user":"    'request-id': 'req_IJM1Lbc0O7Y3kZ',","metadata":{"emulator":{"name":"functions"},"function":{"name":"us-central1-api"},"extension":{},"message":"\u001b[90m> \u001b[39m     'request-id': 'req_IJM1Lbc0O7Y3kZ',"}}
[info] >      'stripe-version': '2025-01-27.acacia', {"user":"    'stripe-version': '2025-01-27.acacia',","metadata":{"emulator":{"name":"functions"},"function":{"name":"us-central1-api"},"extension":{},"message":"\u001b[90m> \u001b[39m     'stripe-version': '2025-01-27.acacia',"}}
[info] >      vary: 'Origin', {"user":"    vary: 'Origin',","metadata":{"emulator":{"name":"functions"},"function":{"name":"us-central1-api"},"extension":{},"message":"\u001b[90m> \u001b[39m     vary: 'Origin',"}}
[info] >      'x-stripe-priority-routing-enabled': 'true', {"user":"    'x-stripe-priority-routing-enabled': 'true',","metadata":{"emulator":{"name":"functions"},"function":{"name":"us-central1-api"},"extension":{},"message":"\u001b[90m> \u001b[39m     'x-stripe-priority-routing-enabled': 'true',"}}
[info] >      'x-stripe-routing-context-priority-tier': 'api-testmode', {"user":"    'x-stripe-routing-context-priority-tier': 'api-testmode',","metadata":{"emulator":{"name":"functions"},"function":{"name":"us-central1-api"},"extension":{},"message":"\u001b[90m> \u001b[39m     'x-stripe-routing-context-priority-tier': 'api-testmode',"}}
[info] >      'x-wc': 'AB', {"user":"    'x-wc': 'AB',","metadata":{"emulator":{"name":"functions"},"function":{"name":"us-central1-api"},"extension":{},"message":"\u001b[90m> \u001b[39m     'x-wc': 'AB',"}}
[info] >      'strict-transport-security': 'max-age=63072000; includeSubDomains; preload' {"user":"    'strict-transport-security': 'max-age=63072000; includeSubDomains; preload'","metadata":{"emulator":{"name":"functions"},"function":{"name":"us-central1-api"},"extension":{},"message":"\u001b[90m> \u001b[39m     'strict-transport-security': 'max-age=63072000; includeSubDomains; preload'"}}
[info] >    }, {"user":"  },","metadata":{"emulator":{"name":"functions"},"function":{"name":"us-central1-api"},"extension":{},"message":"\u001b[90m> \u001b[39m   },"}}
[info] >    requestId: 'req_IJM1Lbc0O7Y3kZ', {"user":"  requestId: 'req_IJM1Lbc0O7Y3kZ',","metadata":{"emulator":{"name":"functions"},"function":{"name":"us-central1-api"},"extension":{},"message":"\u001b[90m> \u001b[39m   requestId: 'req_IJM1Lbc0O7Y3kZ',"}}
[info] >    statusCode: 400, {"user":"  statusCode: 400,","metadata":{"emulator":{"name":"functions"},"function":{"name":"us-central1-api"},"extension":{},"message":"\u001b[90m> \u001b[39m   statusCode: 400,"}}
[info] >    userMessage: undefined, {"user":"  userMessage: undefined,","metadata":{"emulator":{"name":"functions"},"function":{"name":"us-central1-api"},"extension":{},"message":"\u001b[90m> \u001b[39m   userMessage: undefined,"}}
[info] >    charge: undefined, {"user":"  charge: undefined,","metadata":{"emulator":{"name":"functions"},"function":{"name":"us-central1-api"},"extension":{},"message":"\u001b[90m> \u001b[39m   charge: undefined,"}}
[info] >    decline_code: undefined, {"user":"  decline_code: undefined,","metadata":{"emulator":{"name":"functions"},"function":{"name":"us-central1-api"},"extension":{},"message":"\u001b[90m> \u001b[39m   decline_code: undefined,"}}
[info] >    payment_intent: undefined, {"user":"  payment_intent: undefined,","metadata":{"emulator":{"name":"functions"},"function":{"name":"us-central1-api"},"extension":{},"message":"\u001b[90m> \u001b[39m   payment_intent: undefined,"}}
[info] >    payment_method: undefined, {"user":"  payment_method: undefined,","metadata":{"emulator":{"name":"functions"},"function":{"name":"us-central1-api"},"extension":{},"message":"\u001b[90m> \u001b[39m   payment_method: undefined,"}}
[info] >    payment_method_type: undefined, {"user":"  payment_method_type: undefined,","metadata":{"emulator":{"name":"functions"},"function":{"name":"us-central1-api"},"extension":{},"message":"\u001b[90m> \u001b[39m   payment_method_type: undefined,"}}
[info] >    setup_intent: undefined, {"user":"  setup_intent: undefined,","metadata":{"emulator":{"name":"functions"},"function":{"name":"us-central1-api"},"extension":{},"message":"\u001b[90m> \u001b[39m   setup_intent: undefined,"}}
[info] >    source: undefined {"user":"  source: undefined","metadata":{"emulator":{"name":"functions"},"function":{"name":"us-central1-api"},"extension":{},"message":"\u001b[90m> \u001b[39m   source: undefined"}}
[info] >  } {"user":"}","metadata":{"emulator":{"name":"functions"},"function":{"name":"us-central1-api"},"extension":{},"message":"\u001b[90m> \u001b[39m }"}}
[debug] [2025-02-03T13:03:02.042Z] Finishing up request with event=pause {"metadata":{"emulator":{"name":"functions"},"function":{"name":"us-central1-api"},"extension":{},"message":"Finishing up request with event=pause"}}
[info] i  functions: Finished "us-central1-api" in 417.3852ms {"metadata":{"emulator":{"name":"functions"},"function":{"name":"us-central1-api"},"extension":{},"message":"Finished \"us-central1-api\" in 417.3852ms"}}
[debug] [2025-02-03T13:03:02.044Z] [worker-us-central1-api-f2df7793-dd30-4128-aa50-a5fdcf6772d2]: IDLE {"metadata":{"emulator":{"name":"functions"},"function":{"name":"us-central1-api"},"extension":{},"message":"[worker-us-central1-api-f2df7793-dd30-4128-aa50-a5fdcf6772d2]: IDLE"}}
[debug] [2025-02-03T13:03:02.045Z] Finishing up request with event=close {"metadata":{"emulator":{"name":"functions"},"function":{"name":"us-central1-api"},"extension":{},"message":"Finishing up request with event=close"}}
[debug] [2025-02-03T13:03:02.046Z] [work-queue] {"queuedWork":[],"queueLength":0,"runningWork":["/novemb-f2496/us-central1/api/payments/create-2025-02-03T13:03:01.630Z"],"workRunningCount":1}
[info] >  Error creating payment intent: StripeInvalidRequestError: The amount must be greater than or equal to the minimum charge amount allowed for your account and the currency set (https://docs.stripe.com/currencies#minimum-and-maximum-charge-amounts).  If you want to save a Payment Method for future use without an immediate payment, use a Setup Intent instead: https://docs.stripe.com/payments/setup-intents {"user":"Error creating payment intent: StripeInvalidRequestError: The amount must be greater than or equal to the minimum charge amount allowed for your account and the currency set (https://docs.stripe.com/currencies#minimum-and-maximum-charge-amounts).  If you want to save a Payment Method for future use without an immediate payment, use a Setup Intent instead: https://docs.stripe.com/payments/setup-intents","metadata":{"emulator":{"name":"functions"},"function":{"name":"us-central1-api"},"extension":{},"message":"\u001b[90m> \u001b[39m Error creating payment intent: StripeInvalidRequestError: The amount must be greater than or equal to the minimum charge amount allowed for your account and the currency set (https://docs.stripe.com/currencies#minimum-and-maximum-charge-amounts).  If you want to save a Payment Method for future use without an immediate payment, use a Setup Intent instead: https://docs.stripe.com/payments/setup-intents"}}
[info] >      at generateV1Error (C:\Users\sata\OneDrive\Desktop\phase-1\phase-5\Amazon-clone-2024\amazon-clone\functions\node_modules\stripe\cjs\Error.js:11:20) {"user":"    at generateV1Error (C:\\Users\\sata\\OneDrive\\Desktop\\phase-1\\phase-5\\Amazon-clone-2024\\amazon-clone\\functions\\node_modules\\stripe\\cjs\\Error.js:11:20)","metadata":{"emulator":{"name":"functions"},"function":{"name":"us-central1-api"},"extension":{},"message":"\u001b[90m> \u001b[39m     at generateV1Error (C:\\Users\\sata\\OneDrive\\Desktop\\phase-1\\phase-5\\Amazon-clone-2024\\amazon-clone\\functions\\node_modules\\stripe\\cjs\\Error.js:11:20)"}}
[info] >      at res.toJSON.then.Error_js_1.StripeAPIError.message (C:\Users\sata\OneDrive\Desktop\phase-1\phase-5\Amazon-clone-2024\amazon-clone\functions\node_modules\stripe\cjs\RequestSender.js:108:62) {"user":"    at res.toJSON.then.Error_js_1.StripeAPIError.message (C:\\Users\\sata\\OneDrive\\Desktop\\phase-1\\phase-5\\Amazon-clone-2024\\amazon-clone\\functions\\node_modules\\stripe\\cjs\\RequestSender.js:108:62)","metadata":{"emulator":{"name":"functions"},"function":{"name":"us-central1-api"},"extension":{},"message":"\u001b[90m> \u001b[39m     at res.toJSON.then.Error_js_1.StripeAPIError.message (C:\\Users\\sata\\OneDrive\\Desktop\\phase-1\\phase-5\\Amazon-clone-2024\\amazon-clone\\functions\\node_modules\\stripe\\cjs\\RequestSender.js:108:62)"}}
[info] >      at process.processTicksAndRejections (node:internal/process/task_queues:95:5) { {"user":"    at process.processTicksAndRejections (node:internal/process/task_queues:95:5) {","metadata":{"emulator":{"name":"functions"},"function":{"name":"us-central1-api"},"extension":{},"message":"\u001b[90m> \u001b[39m     at process.processTicksAndRejections (node:internal/process/task_queues:95:5) {"}}
[info] >    type: 'StripeInvalidRequestError', {"user":"  type: 'StripeInvalidRequestError',","metadata":{"emulator":{"name":"functions"},"function":{"name":"us-central1-api"},"extension":{},"message":"\u001b[90m> \u001b[39m   type: 'StripeInvalidRequestError',"}}
[info] >    raw: { {"user":"  raw: {","metadata":{"emulator":{"name":"functions"},"function":{"name":"us-central1-api"},"extension":{},"message":"\u001b[90m> \u001b[39m   raw: {"}}
[info] >      code: 'parameter_invalid_integer', {"user":"    code: 'parameter_invalid_integer',","metadata":{"emulator":{"name":"functions"},"function":{"name":"us-central1-api"},"extension":{},"message":"\u001b[90m> \u001b[39m     code: 'parameter_invalid_integer',"}}
[info] >      doc_url: 'https://stripe.com/docs/error-codes/parameter-invalid-integer', {"user":"    doc_url: 'https://stripe.com/docs/error-codes/parameter-invalid-integer',","metadata":{"emulator":{"name":"functions"},"function":{"name":"us-central1-api"},"extension":{},"message":"\u001b[90m> \u001b[39m     doc_url: 'https://stripe.com/docs/error-codes/parameter-invalid-integer',"}}
[info] >      message: 'The amount must be greater than or equal to the minimum charge amount allowed for your account and the currency set (https://docs.stripe.com/currencies#minimum-and-maximum-charge-amounts).  If you want to save a Payment Method for future use without an immediate payment, use a Setup Intent instead: https://docs.stripe.com/payments/setup-intents', {"user":"    message: 'The amount must be greater than or equal to the minimum charge amount allowed for your account and the currency set (https://docs.stripe.com/currencies#minimum-and-maximum-charge-amounts).  If you want to save a Payment Method for future use without an immediate payment, use a Setup Intent instead: https://docs.stripe.com/payments/setup-intents',","metadata":{"emulator":{"name":"functions"},"function":{"name":"us-central1-api"},"extension":{},"message":"\u001b[90m> \u001b[39m     message: 'The amount must be greater than or equal to the minimum charge amount allowed for your account and the currency set (https://docs.stripe.com/currencies#minimum-and-maximum-charge-amounts).  If you want to save a Payment Method for future use without an immediate payment, use a Setup Intent instead: https://docs.stripe.com/payments/setup-intents',"}}
[info] >      param: 'amount', {"user":"    param: 'amount',","metadata":{"emulator":{"name":"functions"},"function":{"name":"us-central1-api"},"extension":{},"message":"\u001b[90m> \u001b[39m     param: 'amount',"}}
[info] >      request_log_url: 'https://dashboard.stripe.com/test/logs/req_x46GGQMurvvyor?t=1738587782', {"user":"    request_log_url: 'https://dashboard.stripe.com/test/logs/req_x46GGQMurvvyor?t=1738587782',","metadata":{"emulator":{"name":"functions"},"function":{"name":"us-central1-api"},"extension":{},"message":"\u001b[90m> \u001b[39m     request_log_url: 'https://dashboard.stripe.com/test/logs/req_x46GGQMurvvyor?t=1738587782',"}}
[info] >      type: 'invalid_request_error', {"user":"    type: 'invalid_request_error',","metadata":{"emulator":{"name":"functions"},"function":{"name":"us-central1-api"},"extension":{},"message":"\u001b[90m> \u001b[39m     type: 'invalid_request_error',"}}
[info] >      headers: { {"user":"    headers: {","metadata":{"emulator":{"name":"functions"},"function":{"name":"us-central1-api"},"extension":{},"message":"\u001b[90m> \u001b[39m     headers: {"}}
[info] >        server: 'nginx', {"user":"      server: 'nginx',","metadata":{"emulator":{"name":"functions"},"function":{"name":"us-central1-api"},"extension":{},"message":"\u001b[90m> \u001b[39m       server: 'nginx',"}}
[info] >        date: 'Mon, 03 Feb 2025 13:03:02 GMT', {"user":"      date: 'Mon, 03 Feb 2025 13:03:02 GMT',","metadata":{"emulator":{"name":"functions"},"function":{"name":"us-central1-api"},"extension":{},"message":"\u001b[90m> \u001b[39m       date: 'Mon, 03 Feb 2025 13:03:02 GMT',"}}
[info] >        'content-type': 'application/json', {"user":"      'content-type': 'application/json',","metadata":{"emulator":{"name":"functions"},"function":{"name":"us-central1-api"},"extension":{},"message":"\u001b[90m> \u001b[39m       'content-type': 'application/json',"}}
[info] >        'content-length': '663', {"user":"      'content-length': '663',","metadata":{"emulator":{"name":"functions"},"function":{"name":"us-central1-api"},"extension":{},"message":"\u001b[90m> \u001b[39m       'content-length': '663',"}}
[info] >        connection: 'keep-alive', {"user":"      connection: 'keep-alive',","metadata":{"emulator":{"name":"functions"},"function":{"name":"us-central1-api"},"extension":{},"message":"\u001b[90m> \u001b[39m       connection: 'keep-alive',"}}
[info] >        'access-control-allow-credentials': 'true', {"user":"      'access-control-allow-credentials': 'true',","metadata":{"emulator":{"name":"functions"},"function":{"name":"us-central1-api"},"extension":{},"message":"\u001b[90m> \u001b[39m       'access-control-allow-credentials': 'true',"}}
[info] >        'access-control-allow-methods': 'GET, HEAD, PUT, PATCH, POST, DELETE', {"user":"      'access-control-allow-methods': 'GET, HEAD, PUT, PATCH, POST, DELETE',","metadata":{"emulator":{"name":"functions"},"function":{"name":"us-central1-api"},"extension":{},"message":"\u001b[90m> \u001b[39m       'access-control-allow-methods': 'GET, HEAD, PUT, PATCH, POST, DELETE',"}}
[info] >        'access-control-allow-origin': '*', {"user":"      'access-control-allow-origin': '*',","metadata":{"emulator":{"name":"functions"},"function":{"name":"us-central1-api"},"extension":{},"message":"\u001b[90m> \u001b[39m       'access-control-allow-origin': '*',"}}
[info] >        'access-control-expose-headers': 'Request-Id, Stripe-Manage-Version, Stripe-Should-Retry, X-Stripe-External-Auth-Required, X-Stripe-Privileged-Session-Required', {"user":"      'access-control-expose-headers': 'Request-Id, Stripe-Manage-Version, Stripe-Should-Retry, X-Stripe-External-Auth-Required, X-Stripe-Privileged-Session-Required',","metadata":{"emulator":{"name":"functions"},"function":{"name":"us-central1-api"},"extension":{},"message":"\u001b[90m> \u001b[39m       'access-control-expose-headers': 'Request-Id, Stripe-Manage-Version, Stripe-Should-Retry, X-Stripe-External-Auth-Required, X-Stripe-Privileged-Session-Required',"}}
[info] >        'access-control-max-age': '300', {"user":"      'access-control-max-age': '300',","metadata":{"emulator":{"name":"functions"},"function":{"name":"us-central1-api"},"extension":{},"message":"\u001b[90m> \u001b[39m       'access-control-max-age': '300',"}}
[info] >        'cache-control': 'no-cache, no-store', {"user":"      'cache-control': 'no-cache, no-store',","metadata":{"emulator":{"name":"functions"},"function":{"name":"us-central1-api"},"extension":{},"message":"\u001b[90m> \u001b[39m       'cache-control': 'no-cache, no-store',"}}
[info] >        'content-security-policy': "base-uri 'none'; default-src 'none'; form-action 'none'; frame-ancestors 'none'; img-src 'self'; script-src 'self' 'report-sample'; style-src 'self'; upgrade-insecure-requests; report-uri https://q.stripe.com/csp-violation?q=R89iawu_JDDYwm8KOYfhtC4ReTWTp3Q_kN0MrgV-utl40mHtnZME0IoULhL7j9NlMKVHVEGhuFkYpBdM", {"user":"      'content-security-policy': \"base-uri 'none'; default-src 'none'; form-action 'none'; frame-ancestors 'none'; img-src 'self'; script-src 'self' 'report-sample'; style-src 'self'; upgrade-insecure-requests; report-uri https://q.stripe.com/csp-violation?q=R89iawu_JDDYwm8KOYfhtC4ReTWTp3Q_kN0MrgV-utl40mHtnZME0IoULhL7j9NlMKVHVEGhuFkYpBdM\",","metadata":{"emulator":{"name":"functions"},"function":{"name":"us-central1-api"},"extension":{},"message":"\u001b[90m> \u001b[39m       'content-security-policy': \"base-uri 'none'; default-src 'none'; form-action 'none'; frame-ancestors 'none'; img-src 'self'; script-src 'self' 'report-sample'; style-src 'self'; upgrade-insecure-requests; report-uri https://q.stripe.com/csp-violation?q=R89iawu_JDDYwm8KOYfhtC4ReTWTp3Q_kN0MrgV-utl40mHtnZME0IoULhL7j9NlMKVHVEGhuFkYpBdM\","}}
[info] >        'cross-origin-opener-policy-report-only': 'same-origin; report-to="coop"', {"user":"      'cross-origin-opener-policy-report-only': 'same-origin; report-to=\"coop\"',","metadata":{"emulator":{"name":"functions"},"function":{"name":"us-central1-api"},"extension":{},"message":"\u001b[90m> \u001b[39m       'cross-origin-opener-policy-report-only': 'same-origin; report-to=\"coop\"',"}}
[info] >        'idempotency-key': 'stripe-node-retry-1ef8a8e2-21c6-4c9a-9773-57d638323e07', {"user":"      'idempotency-key': 'stripe-node-retry-1ef8a8e2-21c6-4c9a-9773-57d638323e07',","metadata":{"emulator":{"name":"functions"},"function":{"name":"us-central1-api"},"extension":{},"message":"\u001b[90m> \u001b[39m       'idempotency-key': 'stripe-node-retry-1ef8a8e2-21c6-4c9a-9773-57d638323e07',"}}
[info] >        'original-request': 'req_x46GGQMurvvyor', {"user":"      'original-request': 'req_x46GGQMurvvyor',","metadata":{"emulator":{"name":"functions"},"function":{"name":"us-central1-api"},"extension":{},"message":"\u001b[90m> \u001b[39m       'original-request': 'req_x46GGQMurvvyor',"}}
[info] >        'report-to': '{"group":"coop","max_age":8640,"endpoints":[{"url":"https://q.stripe.com/coop-report"}],"include_subdomains":true}', {"user":"      'report-to': '{\"group\":\"coop\",\"max_age\":8640,\"endpoints\":[{\"url\":\"https://q.stripe.com/coop-report\"}],\"include_subdomains\":true}',","metadata":{"emulator":{"name":"functions"},"function":{"name":"us-central1-api"},"extension":{},"message":"\u001b[90m> \u001b[39m       'report-to': '{\"group\":\"coop\",\"max_age\":8640,\"endpoints\":[{\"url\":\"https://q.stripe.com/coop-report\"}],\"include_subdomains\":true}',"}}
[info] >        'reporting-endpoints': 'coop="https://q.stripe.com/coop-report"', {"user":"      'reporting-endpoints': 'coop=\"https://q.stripe.com/coop-report\"',","metadata":{"emulator":{"name":"functions"},"function":{"name":"us-central1-api"},"extension":{},"message":"\u001b[90m> \u001b[39m       'reporting-endpoints': 'coop=\"https://q.stripe.com/coop-report\"',"}}
[info] >        'request-id': 'req_x46GGQMurvvyor', {"user":"      'request-id': 'req_x46GGQMurvvyor',","metadata":{"emulator":{"name":"functions"},"function":{"name":"us-central1-api"},"extension":{},"message":"\u001b[90m> \u001b[39m       'request-id': 'req_x46GGQMurvvyor',"}}
[info] >        'stripe-version': '2025-01-27.acacia', {"user":"      'stripe-version': '2025-01-27.acacia',","metadata":{"emulator":{"name":"functions"},"function":{"name":"us-central1-api"},"extension":{},"message":"\u001b[90m> \u001b[39m       'stripe-version': '2025-01-27.acacia',"}}
[info] >        vary: 'Origin', {"user":"      vary: 'Origin',","metadata":{"emulator":{"name":"functions"},"function":{"name":"us-central1-api"},"extension":{},"message":"\u001b[90m> \u001b[39m       vary: 'Origin',"}}
[info] >        'x-stripe-priority-routing-enabled': 'true', {"user":"      'x-stripe-priority-routing-enabled': 'true',","metadata":{"emulator":{"name":"functions"},"function":{"name":"us-central1-api"},"extension":{},"message":"\u001b[90m> \u001b[39m       'x-stripe-priority-routing-enabled': 'true',"}}
[info] >        'x-stripe-routing-context-priority-tier': 'api-testmode', {"user":"      'x-stripe-routing-context-priority-tier': 'api-testmode',","metadata":{"emulator":{"name":"functions"},"function":{"name":"us-central1-api"},"extension":{},"message":"\u001b[90m> \u001b[39m       'x-stripe-routing-context-priority-tier': 'api-testmode',"}}
[info] >        'x-wc': 'AB', {"user":"      'x-wc': 'AB',","metadata":{"emulator":{"name":"functions"},"function":{"name":"us-central1-api"},"extension":{},"message":"\u001b[90m> \u001b[39m       'x-wc': 'AB',"}}
[info] >        'strict-transport-security': 'max-age=63072000; includeSubDomains; preload' {"user":"      'strict-transport-security': 'max-age=63072000; includeSubDomains; preload'","metadata":{"emulator":{"name":"functions"},"function":{"name":"us-central1-api"},"extension":{},"message":"\u001b[90m> \u001b[39m       'strict-transport-security': 'max-age=63072000; includeSubDomains; preload'"}}
[info] >      }, {"user":"    },","metadata":{"emulator":{"name":"functions"},"function":{"name":"us-central1-api"},"extension":{},"message":"\u001b[90m> \u001b[39m     },"}}
[info] >      statusCode: 400, {"user":"    statusCode: 400,","metadata":{"emulator":{"name":"functions"},"function":{"name":"us-central1-api"},"extension":{},"message":"\u001b[90m> \u001b[39m     statusCode: 400,"}}
[info] >      requestId: 'req_x46GGQMurvvyor' {"user":"    requestId: 'req_x46GGQMurvvyor'","metadata":{"emulator":{"name":"functions"},"function":{"name":"us-central1-api"},"extension":{},"message":"\u001b[90m> \u001b[39m     requestId: 'req_x46GGQMurvvyor'"}}
[info] >    }, {"user":"  },","metadata":{"emulator":{"name":"functions"},"function":{"name":"us-central1-api"},"extension":{},"message":"\u001b[90m> \u001b[39m   },"}}
[info] >    rawType: 'invalid_request_error', {"user":"  rawType: 'invalid_request_error',","metadata":{"emulator":{"name":"functions"},"function":{"name":"us-central1-api"},"extension":{},"message":"\u001b[90m> \u001b[39m   rawType: 'invalid_request_error',"}}
[info] >    code: 'parameter_invalid_integer', {"user":"  code: 'parameter_invalid_integer',","metadata":{"emulator":{"name":"functions"},"function":{"name":"us-central1-api"},"extension":{},"message":"\u001b[90m> \u001b[39m   code: 'parameter_invalid_integer',"}}
[info] >    doc_url: 'https://stripe.com/docs/error-codes/parameter-invalid-integer', {"user":"  doc_url: 'https://stripe.com/docs/error-codes/parameter-invalid-integer',","metadata":{"emulator":{"name":"functions"},"function":{"name":"us-central1-api"},"extension":{},"message":"\u001b[90m> \u001b[39m   doc_url: 'https://stripe.com/docs/error-codes/parameter-invalid-integer',"}}
[info] >    param: 'amount', {"user":"  param: 'amount',","metadata":{"emulator":{"name":"functions"},"function":{"name":"us-central1-api"},"extension":{},"message":"\u001b[90m> \u001b[39m   param: 'amount',"}}
[info] >    detail: undefined, {"user":"  detail: undefined,","metadata":{"emulator":{"name":"functions"},"function":{"name":"us-central1-api"},"extension":{},"message":"\u001b[90m> \u001b[39m   detail: undefined,"}}
[info] >    headers: { {"user":"  headers: {","metadata":{"emulator":{"name":"functions"},"function":{"name":"us-central1-api"},"extension":{},"message":"\u001b[90m> \u001b[39m   headers: {"}}
[info] >      server: 'nginx', {"user":"    server: 'nginx',","metadata":{"emulator":{"name":"functions"},"function":{"name":"us-central1-api"},"extension":{},"message":"\u001b[90m> \u001b[39m     server: 'nginx',"}}
[info] >      date: 'Mon, 03 Feb 2025 13:03:02 GMT', {"user":"    date: 'Mon, 03 Feb 2025 13:03:02 GMT',","metadata":{"emulator":{"name":"functions"},"function":{"name":"us-central1-api"},"extension":{},"message":"\u001b[90m> \u001b[39m     date: 'Mon, 03 Feb 2025 13:03:02 GMT',"}}
[info] >      'content-type': 'application/json', {"user":"    'content-type': 'application/json',","metadata":{"emulator":{"name":"functions"},"function":{"name":"us-central1-api"},"extension":{},"message":"\u001b[90m> \u001b[39m     'content-type': 'application/json',"}}
[info] >      'content-length': '663', {"user":"    'content-length': '663',","metadata":{"emulator":{"name":"functions"},"function":{"name":"us-central1-api"},"extension":{},"message":"\u001b[90m> \u001b[39m     'content-length': '663',"}}
[info] >      connection: 'keep-alive', {"user":"    connection: 'keep-alive',","metadata":{"emulator":{"name":"functions"},"function":{"name":"us-central1-api"},"extension":{},"message":"\u001b[90m> \u001b[39m     connection: 'keep-alive',"}}
[info] >      'access-control-allow-credentials': 'true', {"user":"    'access-control-allow-credentials': 'true',","metadata":{"emulator":{"name":"functions"},"function":{"name":"us-central1-api"},"extension":{},"message":"\u001b[90m> \u001b[39m     'access-control-allow-credentials': 'true',"}}
[info] >      'access-control-allow-methods': 'GET, HEAD, PUT, PATCH, POST, DELETE', {"user":"    'access-control-allow-methods': 'GET, HEAD, PUT, PATCH, POST, DELETE',","metadata":{"emulator":{"name":"functions"},"function":{"name":"us-central1-api"},"extension":{},"message":"\u001b[90m> \u001b[39m     'access-control-allow-methods': 'GET, HEAD, PUT, PATCH, POST, DELETE',"}}
[info] >      'access-control-allow-origin': '*', {"user":"    'access-control-allow-origin': '*',","metadata":{"emulator":{"name":"functions"},"function":{"name":"us-central1-api"},"extension":{},"message":"\u001b[90m> \u001b[39m     'access-control-allow-origin': '*',"}}
[info] >      'access-control-expose-headers': 'Request-Id, Stripe-Manage-Version, Stripe-Should-Retry, X-Stripe-External-Auth-Required, X-Stripe-Privileged-Session-Required', {"user":"    'access-control-expose-headers': 'Request-Id, Stripe-Manage-Version, Stripe-Should-Retry, X-Stripe-External-Auth-Required, X-Stripe-Privileged-Session-Required',","metadata":{"emulator":{"name":"functions"},"function":{"name":"us-central1-api"},"extension":{},"message":"\u001b[90m> \u001b[39m     'access-control-expose-headers': 'Request-Id, Stripe-Manage-Version, Stripe-Should-Retry, X-Stripe-External-Auth-Required, X-Stripe-Privileged-Session-Required',"}}
[info] >      'access-control-max-age': '300', {"user":"    'access-control-max-age': '300',","metadata":{"emulator":{"name":"functions"},"function":{"name":"us-central1-api"},"extension":{},"message":"\u001b[90m> \u001b[39m     'access-control-max-age': '300',"}}
[info] >      'cache-control': 'no-cache, no-store', {"user":"    'cache-control': 'no-cache, no-store',","metadata":{"emulator":{"name":"functions"},"function":{"name":"us-central1-api"},"extension":{},"message":"\u001b[90m> \u001b[39m     'cache-control': 'no-cache, no-store',"}}
[info] >      'content-security-policy': "base-uri 'none'; default-src 'none'; form-action 'none'; frame-ancestors 'none'; img-src 'self'; script-src 'self' 'report-sample'; style-src 'self'; upgrade-insecure-requests; report-uri https://q.stripe.com/csp-violation?q=R89iawu_JDDYwm8KOYfhtC4ReTWTp3Q_kN0MrgV-utl40mHtnZME0IoULhL7j9NlMKVHVEGhuFkYpBdM", {"user":"    'content-security-policy': \"base-uri 'none'; default-src 'none'; form-action 'none'; frame-ancestors 'none'; img-src 'self'; script-src 'self' 'report-sample'; style-src 'self'; upgrade-insecure-requests; report-uri https://q.stripe.com/csp-violation?q=R89iawu_JDDYwm8KOYfhtC4ReTWTp3Q_kN0MrgV-utl40mHtnZME0IoULhL7j9NlMKVHVEGhuFkYpBdM\",","metadata":{"emulator":{"name":"functions"},"function":{"name":"us-central1-api"},"extension":{},"message":"\u001b[90m> \u001b[39m     'content-security-policy': \"base-uri 'none'; default-src 'none'; form-action 'none'; frame-ancestors 'none'; img-src 'self'; script-src 'self' 'report-sample'; style-src 'self'; upgrade-insecure-requests; report-uri https://q.stripe.com/csp-violation?q=R89iawu_JDDYwm8KOYfhtC4ReTWTp3Q_kN0MrgV-utl40mHtnZME0IoULhL7j9NlMKVHVEGhuFkYpBdM\","}}
[info] >      'cross-origin-opener-policy-report-only': 'same-origin; report-to="coop"', {"user":"    'cross-origin-opener-policy-report-only': 'same-origin; report-to=\"coop\"',","metadata":{"emulator":{"name":"functions"},"function":{"name":"us-central1-api"},"extension":{},"message":"\u001b[90m> \u001b[39m     'cross-origin-opener-policy-report-only': 'same-origin; report-to=\"coop\"',"}}
[info] >      'idempotency-key': 'stripe-node-retry-1ef8a8e2-21c6-4c9a-9773-57d638323e07', {"user":"    'idempotency-key': 'stripe-node-retry-1ef8a8e2-21c6-4c9a-9773-57d638323e07',","metadata":{"emulator":{"name":"functions"},"function":{"name":"us-central1-api"},"extension":{},"message":"\u001b[90m> \u001b[39m     'idempotency-key': 'stripe-node-retry-1ef8a8e2-21c6-4c9a-9773-57d638323e07',"}}
[info] >      'original-request': 'req_x46GGQMurvvyor', {"user":"    'original-request': 'req_x46GGQMurvvyor',","metadata":{"emulator":{"name":"functions"},"function":{"name":"us-central1-api"},"extension":{},"message":"\u001b[90m> \u001b[39m     'original-request': 'req_x46GGQMurvvyor',"}}
[info] >      'report-to': '{"group":"coop","max_age":8640,"endpoints":[{"url":"https://q.stripe.com/coop-report"}],"include_subdomains":true}', {"user":"    'report-to': '{\"group\":\"coop\",\"max_age\":8640,\"endpoints\":[{\"url\":\"https://q.stripe.com/coop-report\"}],\"include_subdomains\":true}',","metadata":{"emulator":{"name":"functions"},"function":{"name":"us-central1-api"},"extension":{},"message":"\u001b[90m> \u001b[39m     'report-to': '{\"group\":\"coop\",\"max_age\":8640,\"endpoints\":[{\"url\":\"https://q.stripe.com/coop-report\"}],\"include_subdomains\":true}',"}}
[info] >      'reporting-endpoints': 'coop="https://q.stripe.com/coop-report"', {"user":"    'reporting-endpoints': 'coop=\"https://q.stripe.com/coop-report\"',","metadata":{"emulator":{"name":"functions"},"function":{"name":"us-central1-api"},"extension":{},"message":"\u001b[90m> \u001b[39m     'reporting-endpoints': 'coop=\"https://q.stripe.com/coop-report\"',"}}
[info] >      'request-id': 'req_x46GGQMurvvyor', {"user":"    'request-id': 'req_x46GGQMurvvyor',","metadata":{"emulator":{"name":"functions"},"function":{"name":"us-central1-api"},"extension":{},"message":"\u001b[90m> \u001b[39m     'request-id': 'req_x46GGQMurvvyor',"}}
[info] >      'stripe-version': '2025-01-27.acacia', {"user":"    'stripe-version': '2025-01-27.acacia',","metadata":{"emulator":{"name":"functions"},"function":{"name":"us-central1-api"},"extension":{},"message":"\u001b[90m> \u001b[39m     'stripe-version': '2025-01-27.acacia',"}}
[info] >      vary: 'Origin', {"user":"    vary: 'Origin',","metadata":{"emulator":{"name":"functions"},"function":{"name":"us-central1-api"},"extension":{},"message":"\u001b[90m> \u001b[39m     vary: 'Origin',"}}
[info] >      'x-stripe-priority-routing-enabled': 'true', {"user":"    'x-stripe-priority-routing-enabled': 'true',","metadata":{"emulator":{"name":"functions"},"function":{"name":"us-central1-api"},"extension":{},"message":"\u001b[90m> \u001b[39m     'x-stripe-priority-routing-enabled': 'true',"}}
[info] >      'x-stripe-routing-context-priority-tier': 'api-testmode', {"user":"    'x-stripe-routing-context-priority-tier': 'api-testmode',","metadata":{"emulator":{"name":"functions"},"function":{"name":"us-central1-api"},"extension":{},"message":"\u001b[90m> \u001b[39m     'x-stripe-routing-context-priority-tier': 'api-testmode',"}}
[info] >      'x-wc': 'AB', {"user":"    'x-wc': 'AB',","metadata":{"emulator":{"name":"functions"},"function":{"name":"us-central1-api"},"extension":{},"message":"\u001b[90m> \u001b[39m     'x-wc': 'AB',"}}
[info] >      'strict-transport-security': 'max-age=63072000; includeSubDomains; preload' {"user":"    'strict-transport-security': 'max-age=63072000; includeSubDomains; preload'","metadata":{"emulator":{"name":"functions"},"function":{"name":"us-central1-api"},"extension":{},"message":"\u001b[90m> \u001b[39m     'strict-transport-security': 'max-age=63072000; includeSubDomains; preload'"}}
[info] >    }, {"user":"  },","metadata":{"emulator":{"name":"functions"},"function":{"name":"us-central1-api"},"extension":{},"message":"\u001b[90m> \u001b[39m   },"}}
[info] >    requestId: 'req_x46GGQMurvvyor', {"user":"  requestId: 'req_x46GGQMurvvyor',","metadata":{"emulator":{"name":"functions"},"function":{"name":"us-central1-api"},"extension":{},"message":"\u001b[90m> \u001b[39m   requestId: 'req_x46GGQMurvvyor',"}}
[info] >    statusCode: 400, {"user":"  statusCode: 400,","metadata":{"emulator":{"name":"functions"},"function":{"name":"us-central1-api"},"extension":{},"message":"\u001b[90m> \u001b[39m   statusCode: 400,"}}
[info] >    userMessage: undefined, {"user":"  userMessage: undefined,","metadata":{"emulator":{"name":"functions"},"function":{"name":"us-central1-api"},"extension":{},"message":"\u001b[90m> \u001b[39m   userMessage: undefined,"}}
[info] >    charge: undefined, {"user":"  charge: undefined,","metadata":{"emulator":{"name":"functions"},"function":{"name":"us-central1-api"},"extension":{},"message":"\u001b[90m> \u001b[39m   charge: undefined,"}}
[info] >    decline_code: undefined, {"user":"  decline_code: undefined,","metadata":{"emulator":{"name":"functions"},"function":{"name":"us-central1-api"},"extension":{},"message":"\u001b[90m> \u001b[39m   decline_code: undefined,"}}
[info] >    payment_intent: undefined, {"user":"  payment_intent: undefined,","metadata":{"emulator":{"name":"functions"},"function":{"name":"us-central1-api"},"extension":{},"message":"\u001b[90m> \u001b[39m   payment_intent: undefined,"}}
[info] >    payment_method: undefined, {"user":"  payment_method: undefined,","metadata":{"emulator":{"name":"functions"},"function":{"name":"us-central1-api"},"extension":{},"message":"\u001b[90m> \u001b[39m   payment_method: undefined,"}}
[info] >    payment_method_type: undefined, {"user":"  payment_method_type: undefined,","metadata":{"emulator":{"name":"functions"},"function":{"name":"us-central1-api"},"extension":{},"message":"\u001b[90m> \u001b[39m   payment_method_type: undefined,"}}
[info] >    setup_intent: undefined, {"user":"  setup_intent: undefined,","metadata":{"emulator":{"name":"functions"},"function":{"name":"us-central1-api"},"extension":{},"message":"\u001b[90m> \u001b[39m   setup_intent: undefined,"}}
[info] >    source: undefined {"user":"  source: undefined","metadata":{"emulator":{"name":"functions"},"function":{"name":"us-central1-api"},"extension":{},"message":"\u001b[90m> \u001b[39m   source: undefined"}}
[info] >  } {"user":"}","metadata":{"emulator":{"name":"functions"},"function":{"name":"us-central1-api"},"extension":{},"message":"\u001b[90m> \u001b[39m }"}}
[debug] [2025-02-03T13:03:02.129Z] Finishing up request with event=pause {"metadata":{"emulator":{"name":"functions"},"function":{"name":"us-central1-api"},"extension":{},"message":"Finishing up request with event=pause"}}
[info] i  functions: Finished "us-central1-api" in 494.0723ms {"metadata":{"emulator":{"name":"functions"},"function":{"name":"us-central1-api"},"extension":{},"message":"Finished \"us-central1-api\" in 494.0723ms"}}
[debug] [2025-02-03T13:03:02.129Z] [worker-us-central1-api-b84fc486-f755-4413-8680-a40b2d3838d0]: IDLE {"metadata":{"emulator":{"name":"functions"},"function":{"name":"us-central1-api"},"extension":{},"message":"[worker-us-central1-api-b84fc486-f755-4413-8680-a40b2d3838d0]: IDLE"}}
[debug] [2025-02-03T13:03:02.129Z] Finishing up request with event=close {"metadata":{"emulator":{"name":"functions"},"function":{"name":"us-central1-api"},"extension":{},"message":"Finishing up request with event=close"}}
[debug] [2025-02-03T13:03:02.129Z] [work-queue] {"queuedWork":[],"queueLength":0,"runningWork":[],"workRunningCount":0}
[debug] [2025-02-03T13:03:04.071Z] [work-queue] {"queuedWork":["/novemb-f2496/us-central1/api/payments/create-2025-02-03T13:03:04.071Z"],"queueLength":1,"runningWork":[],"workRunningCount":0}
[debug] [2025-02-03T13:03:04.071Z] [work-queue] {"queuedWork":[],"queueLength":0,"runningWork":["/novemb-f2496/us-central1/api/payments/create-2025-02-03T13:03:04.071Z"],"workRunningCount":1}
[debug] [2025-02-03T13:03:04.071Z] Accepted request POST /novemb-f2496/us-central1/api/payments/create?total=0 --> us-central1-api
[debug] [2025-02-03T13:03:04.072Z] [functions] Runtime ready! Sending request! {"metadata":{"emulator":{"name":"functions"},"message":"[functions] Runtime ready! Sending request!"}}
[debug] [2025-02-03T13:03:04.073Z] [functions] Got req.url=/novemb-f2496/us-central1/api/payments/create?total=0, mapping to path=/payments/create?total=0 {"metadata":{"emulator":{"name":"functions"},"message":"[functions] Got req.url=/novemb-f2496/us-central1/api/payments/create?total=0, mapping to path=/payments/create?total=0"}}
[debug] [2025-02-03T13:03:04.073Z] [worker-pool] submitRequest(triggerId=us-central1-api) {"metadata":{"emulator":{"name":"functions"},"message":"[worker-pool] submitRequest(triggerId=us-central1-api)"}}
[info] i  functions: Beginning execution of "us-central1-api" {"metadata":{"emulator":{"name":"functions"},"function":{"name":"us-central1-api"},"extension":{},"message":"Beginning execution of \"us-central1-api\""}}
[debug] [2025-02-03T13:03:04.075Z] [worker-us-central1-api-f2df7793-dd30-4128-aa50-a5fdcf6772d2]: BUSY {"metadata":{"emulator":{"name":"functions"},"function":{"name":"us-central1-api"},"extension":{},"message":"[worker-us-central1-api-f2df7793-dd30-4128-aa50-a5fdcf6772d2]: BUSY"}}
[debug] [2025-02-03T13:03:04.079Z] [work-queue] {"queuedWork":["/novemb-f2496/us-central1/api/payments/create-2025-02-03T13:03:04.079Z"],"queueLength":1,"runningWork":["/novemb-f2496/us-central1/api/payments/create-2025-02-03T13:03:04.071Z"],"workRunningCount":1}
[debug] [2025-02-03T13:03:04.079Z] [work-queue] {"queuedWork":[],"queueLength":0,"runningWork":["/novemb-f2496/us-central1/api/payments/create-2025-02-03T13:03:04.071Z","/novemb-f2496/us-central1/api/payments/create-2025-02-03T13:03:04.079Z"],"workRunningCount":2}
[debug] [2025-02-03T13:03:04.080Z] Accepted request POST /novemb-f2496/us-central1/api/payments/create?total=0 --> us-central1-api
[debug] [2025-02-03T13:03:04.081Z] [functions] Runtime ready! Sending request! {"metadata":{"emulator":{"name":"functions"},"message":"[functions] Runtime ready! Sending request!"}}
[debug] [2025-02-03T13:03:04.082Z] [functions] Got req.url=/novemb-f2496/us-central1/api/payments/create?total=0, mapping to path=/payments/create?total=0 {"metadata":{"emulator":{"name":"functions"},"message":"[functions] Got req.url=/novemb-f2496/us-central1/api/payments/create?total=0, mapping to path=/payments/create?total=0"}}
[debug] [2025-02-03T13:03:04.082Z] [worker-pool] submitRequest(triggerId=us-central1-api) {"metadata":{"emulator":{"name":"functions"},"message":"[worker-pool] submitRequest(triggerId=us-central1-api)"}}
[info] i  functions: Beginning execution of "us-central1-api" {"metadata":{"emulator":{"name":"functions"},"function":{"name":"us-central1-api"},"extension":{},"message":"Beginning execution of \"us-central1-api\""}}
[debug] [2025-02-03T13:03:04.087Z] [worker-us-central1-api-b84fc486-f755-4413-8680-a40b2d3838d0]: BUSY {"metadata":{"emulator":{"name":"functions"},"function":{"name":"us-central1-api"},"extension":{},"message":"[worker-us-central1-api-b84fc486-f755-4413-8680-a40b2d3838d0]: BUSY"}}
[info] >  payment request received for this amount == 0 {"user":"payment request received for this amount == 0","metadata":{"emulator":{"name":"functions"},"function":{"name":"us-central1-api"},"extension":{},"message":"\u001b[90m> \u001b[39m payment request received for this amount == 0"}}
[info] >  payment request received for this amount == 0 {"user":"payment request received for this amount == 0","metadata":{"emulator":{"name":"functions"},"function":{"name":"us-central1-api"},"extension":{},"message":"\u001b[90m> \u001b[39m payment request received for this amount == 0"}}
[info] >  Error creating payment intent: StripeInvalidRequestError: The amount must be greater than or equal to the minimum charge amount allowed for your account and the currency set (https://docs.stripe.com/currencies#minimum-and-maximum-charge-amounts).  If you want to save a Payment Method for future use without an immediate payment, use a Setup Intent instead: https://docs.stripe.com/payments/setup-intents {"user":"Error creating payment intent: StripeInvalidRequestError: The amount must be greater than or equal to the minimum charge amount allowed for your account and the currency set (https://docs.stripe.com/currencies#minimum-and-maximum-charge-amounts).  If you want to save a Payment Method for future use without an immediate payment, use a Setup Intent instead: https://docs.stripe.com/payments/setup-intents","metadata":{"emulator":{"name":"functions"},"function":{"name":"us-central1-api"},"extension":{},"message":"\u001b[90m> \u001b[39m Error creating payment intent: StripeInvalidRequestError: The amount must be greater than or equal to the minimum charge amount allowed for your account and the currency set (https://docs.stripe.com/currencies#minimum-and-maximum-charge-amounts).  If you want to save a Payment Method for future use without an immediate payment, use a Setup Intent instead: https://docs.stripe.com/payments/setup-intents"}}
[info] >      at generateV1Error (C:\Users\sata\OneDrive\Desktop\phase-1\phase-5\Amazon-clone-2024\amazon-clone\functions\node_modules\stripe\cjs\Error.js:11:20) {"user":"    at generateV1Error (C:\\Users\\sata\\OneDrive\\Desktop\\phase-1\\phase-5\\Amazon-clone-2024\\amazon-clone\\functions\\node_modules\\stripe\\cjs\\Error.js:11:20)","metadata":{"emulator":{"name":"functions"},"function":{"name":"us-central1-api"},"extension":{},"message":"\u001b[90m> \u001b[39m     at generateV1Error (C:\\Users\\sata\\OneDrive\\Desktop\\phase-1\\phase-5\\Amazon-clone-2024\\amazon-clone\\functions\\node_modules\\stripe\\cjs\\Error.js:11:20)"}}
[info] >      at res.toJSON.then.Error_js_1.StripeAPIError.message (C:\Users\sata\OneDrive\Desktop\phase-1\phase-5\Amazon-clone-2024\amazon-clone\functions\node_modules\stripe\cjs\RequestSender.js:108:62) {"user":"    at res.toJSON.then.Error_js_1.StripeAPIError.message (C:\\Users\\sata\\OneDrive\\Desktop\\phase-1\\phase-5\\Amazon-clone-2024\\amazon-clone\\functions\\node_modules\\stripe\\cjs\\RequestSender.js:108:62)","metadata":{"emulator":{"name":"functions"},"function":{"name":"us-central1-api"},"extension":{},"message":"\u001b[90m> \u001b[39m     at res.toJSON.then.Error_js_1.StripeAPIError.message (C:\\Users\\sata\\OneDrive\\Desktop\\phase-1\\phase-5\\Amazon-clone-2024\\amazon-clone\\functions\\node_modules\\stripe\\cjs\\RequestSender.js:108:62)"}}
[info] >      at process.processTicksAndRejections (node:internal/process/task_queues:95:5) { {"user":"    at process.processTicksAndRejections (node:internal/process/task_queues:95:5) {","metadata":{"emulator":{"name":"functions"},"function":{"name":"us-central1-api"},"extension":{},"message":"\u001b[90m> \u001b[39m     at process.processTicksAndRejections (node:internal/process/task_queues:95:5) {"}}
[info] >    type: 'StripeInvalidRequestError', {"user":"  type: 'StripeInvalidRequestError',","metadata":{"emulator":{"name":"functions"},"function":{"name":"us-central1-api"},"extension":{},"message":"\u001b[90m> \u001b[39m   type: 'StripeInvalidRequestError',"}}
[info] >    raw: { {"user":"  raw: {","metadata":{"emulator":{"name":"functions"},"function":{"name":"us-central1-api"},"extension":{},"message":"\u001b[90m> \u001b[39m   raw: {"}}
[info] >      code: 'parameter_invalid_integer', {"user":"    code: 'parameter_invalid_integer',","metadata":{"emulator":{"name":"functions"},"function":{"name":"us-central1-api"},"extension":{},"message":"\u001b[90m> \u001b[39m     code: 'parameter_invalid_integer',"}}
[info] >      doc_url: 'https://stripe.com/docs/error-codes/parameter-invalid-integer', {"user":"    doc_url: 'https://stripe.com/docs/error-codes/parameter-invalid-integer',","metadata":{"emulator":{"name":"functions"},"function":{"name":"us-central1-api"},"extension":{},"message":"\u001b[90m> \u001b[39m     doc_url: 'https://stripe.com/docs/error-codes/parameter-invalid-integer',"}}
[info] >      message: 'The amount must be greater than or equal to the minimum charge amount allowed for your account and the currency set (https://docs.stripe.com/currencies#minimum-and-maximum-charge-amounts).  If you want to save a Payment Method for future use without an immediate payment, use a Setup Intent instead: https://docs.stripe.com/payments/setup-intents', {"user":"    message: 'The amount must be greater than or equal to the minimum charge amount allowed for your account and the currency set (https://docs.stripe.com/currencies#minimum-and-maximum-charge-amounts).  If you want to save a Payment Method for future use without an immediate payment, use a Setup Intent instead: https://docs.stripe.com/payments/setup-intents',","metadata":{"emulator":{"name":"functions"},"function":{"name":"us-central1-api"},"extension":{},"message":"\u001b[90m> \u001b[39m     message: 'The amount must be greater than or equal to the minimum charge amount allowed for your account and the currency set (https://docs.stripe.com/currencies#minimum-and-maximum-charge-amounts).  If you want to save a Payment Method for future use without an immediate payment, use a Setup Intent instead: https://docs.stripe.com/payments/setup-intents',"}}
[info] >      param: 'amount', {"user":"    param: 'amount',","metadata":{"emulator":{"name":"functions"},"function":{"name":"us-central1-api"},"extension":{},"message":"\u001b[90m> \u001b[39m     param: 'amount',"}}
[info] >      request_log_url: 'https://dashboard.stripe.com/test/logs/req_JcyZTQpxR8aqIN?t=1738587785', {"user":"    request_log_url: 'https://dashboard.stripe.com/test/logs/req_JcyZTQpxR8aqIN?t=1738587785',","metadata":{"emulator":{"name":"functions"},"function":{"name":"us-central1-api"},"extension":{},"message":"\u001b[90m> \u001b[39m     request_log_url: 'https://dashboard.stripe.com/test/logs/req_JcyZTQpxR8aqIN?t=1738587785',"}}
[info] >      type: 'invalid_request_error', {"user":"    type: 'invalid_request_error',","metadata":{"emulator":{"name":"functions"},"function":{"name":"us-central1-api"},"extension":{},"message":"\u001b[90m> \u001b[39m     type: 'invalid_request_error',"}}
[info] >      headers: { {"user":"    headers: {","metadata":{"emulator":{"name":"functions"},"function":{"name":"us-central1-api"},"extension":{},"message":"\u001b[90m> \u001b[39m     headers: {"}}
[info] >        server: 'nginx', {"user":"      server: 'nginx',","metadata":{"emulator":{"name":"functions"},"function":{"name":"us-central1-api"},"extension":{},"message":"\u001b[90m> \u001b[39m       server: 'nginx',"}}
[info] >        date: 'Mon, 03 Feb 2025 13:03:05 GMT', {"user":"      date: 'Mon, 03 Feb 2025 13:03:05 GMT',","metadata":{"emulator":{"name":"functions"},"function":{"name":"us-central1-api"},"extension":{},"message":"\u001b[90m> \u001b[39m       date: 'Mon, 03 Feb 2025 13:03:05 GMT',"}}
[info] >        'content-type': 'application/json', {"user":"      'content-type': 'application/json',","metadata":{"emulator":{"name":"functions"},"function":{"name":"us-central1-api"},"extension":{},"message":"\u001b[90m> \u001b[39m       'content-type': 'application/json',"}}
[info] >        'content-length': '663', {"user":"      'content-length': '663',","metadata":{"emulator":{"name":"functions"},"function":{"name":"us-central1-api"},"extension":{},"message":"\u001b[90m> \u001b[39m       'content-length': '663',"}}
[info] >        connection: 'keep-alive', {"user":"      connection: 'keep-alive',","metadata":{"emulator":{"name":"functions"},"function":{"name":"us-central1-api"},"extension":{},"message":"\u001b[90m> \u001b[39m       connection: 'keep-alive',"}}
[info] >        'access-control-allow-credentials': 'true', {"user":"      'access-control-allow-credentials': 'true',","metadata":{"emulator":{"name":"functions"},"function":{"name":"us-central1-api"},"extension":{},"message":"\u001b[90m> \u001b[39m       'access-control-allow-credentials': 'true',"}}
[info] >        'access-control-allow-methods': 'GET, HEAD, PUT, PATCH, POST, DELETE', {"user":"      'access-control-allow-methods': 'GET, HEAD, PUT, PATCH, POST, DELETE',","metadata":{"emulator":{"name":"functions"},"function":{"name":"us-central1-api"},"extension":{},"message":"\u001b[90m> \u001b[39m       'access-control-allow-methods': 'GET, HEAD, PUT, PATCH, POST, DELETE',"}}
[info] >        'access-control-allow-origin': '*', {"user":"      'access-control-allow-origin': '*',","metadata":{"emulator":{"name":"functions"},"function":{"name":"us-central1-api"},"extension":{},"message":"\u001b[90m> \u001b[39m       'access-control-allow-origin': '*',"}}
[info] >        'access-control-expose-headers': 'Request-Id, Stripe-Manage-Version, Stripe-Should-Retry, X-Stripe-External-Auth-Required, X-Stripe-Privileged-Session-Required', {"user":"      'access-control-expose-headers': 'Request-Id, Stripe-Manage-Version, Stripe-Should-Retry, X-Stripe-External-Auth-Required, X-Stripe-Privileged-Session-Required',","metadata":{"emulator":{"name":"functions"},"function":{"name":"us-central1-api"},"extension":{},"message":"\u001b[90m> \u001b[39m       'access-control-expose-headers': 'Request-Id, Stripe-Manage-Version, Stripe-Should-Retry, X-Stripe-External-Auth-Required, X-Stripe-Privileged-Session-Required',"}}
[info] >        'access-control-max-age': '300', {"user":"      'access-control-max-age': '300',","metadata":{"emulator":{"name":"functions"},"function":{"name":"us-central1-api"},"extension":{},"message":"\u001b[90m> \u001b[39m       'access-control-max-age': '300',"}}
[info] >        'cache-control': 'no-cache, no-store', {"user":"      'cache-control': 'no-cache, no-store',","metadata":{"emulator":{"name":"functions"},"function":{"name":"us-central1-api"},"extension":{},"message":"\u001b[90m> \u001b[39m       'cache-control': 'no-cache, no-store',"}}
[info] >        'content-security-policy': "base-uri 'none'; default-src 'none'; form-action 'none'; frame-ancestors 'none'; img-src 'self'; script-src 'self' 'report-sample'; style-src 'self'; upgrade-insecure-requests; report-uri https://q.stripe.com/csp-violation?q=R89iawu_JDDYwm8KOYfhtC4ReTWTp3Q_kN0MrgV-utl40mHtnZME0IoULhL7j9NlMKVHVEGhuFkYpBdM", {"user":"      'content-security-policy': \"base-uri 'none'; default-src 'none'; form-action 'none'; frame-ancestors 'none'; img-src 'self'; script-src 'self' 'report-sample'; style-src 'self'; upgrade-insecure-requests; report-uri https://q.stripe.com/csp-violation?q=R89iawu_JDDYwm8KOYfhtC4ReTWTp3Q_kN0MrgV-utl40mHtnZME0IoULhL7j9NlMKVHVEGhuFkYpBdM\",","metadata":{"emulator":{"name":"functions"},"function":{"name":"us-central1-api"},"extension":{},"message":"\u001b[90m> \u001b[39m       'content-security-policy': \"base-uri 'none'; default-src 'none'; form-action 'none'; frame-ancestors 'none'; img-src 'self'; script-src 'self' 'report-sample'; style-src 'self'; upgrade-insecure-requests; report-uri https://q.stripe.com/csp-violation?q=R89iawu_JDDYwm8KOYfhtC4ReTWTp3Q_kN0MrgV-utl40mHtnZME0IoULhL7j9NlMKVHVEGhuFkYpBdM\","}}
[info] >        'cross-origin-opener-policy-report-only': 'same-origin; report-to="coop"', {"user":"      'cross-origin-opener-policy-report-only': 'same-origin; report-to=\"coop\"',","metadata":{"emulator":{"name":"functions"},"function":{"name":"us-central1-api"},"extension":{},"message":"\u001b[90m> \u001b[39m       'cross-origin-opener-policy-report-only': 'same-origin; report-to=\"coop\"',"}}
[info] >        'idempotency-key': 'stripe-node-retry-d68cc9bd-7dc8-4430-b88a-20068cdc74ee', {"user":"      'idempotency-key': 'stripe-node-retry-d68cc9bd-7dc8-4430-b88a-20068cdc74ee',","metadata":{"emulator":{"name":"functions"},"function":{"name":"us-central1-api"},"extension":{},"message":"\u001b[90m> \u001b[39m       'idempotency-key': 'stripe-node-retry-d68cc9bd-7dc8-4430-b88a-20068cdc74ee',"}}
[info] >        'original-request': 'req_JcyZTQpxR8aqIN', {"user":"      'original-request': 'req_JcyZTQpxR8aqIN',","metadata":{"emulator":{"name":"functions"},"function":{"name":"us-central1-api"},"extension":{},"message":"\u001b[90m> \u001b[39m       'original-request': 'req_JcyZTQpxR8aqIN',"}}
[info] >        'report-to': '{"group":"coop","max_age":8640,"endpoints":[{"url":"https://q.stripe.com/coop-report"}],"include_subdomains":true}', {"user":"      'report-to': '{\"group\":\"coop\",\"max_age\":8640,\"endpoints\":[{\"url\":\"https://q.stripe.com/coop-report\"}],\"include_subdomains\":true}',","metadata":{"emulator":{"name":"functions"},"function":{"name":"us-central1-api"},"extension":{},"message":"\u001b[90m> \u001b[39m       'report-to': '{\"group\":\"coop\",\"max_age\":8640,\"endpoints\":[{\"url\":\"https://q.stripe.com/coop-report\"}],\"include_subdomains\":true}',"}}
[info] >        'reporting-endpoints': 'coop="https://q.stripe.com/coop-report"', {"user":"      'reporting-endpoints': 'coop=\"https://q.stripe.com/coop-report\"',","metadata":{"emulator":{"name":"functions"},"function":{"name":"us-central1-api"},"extension":{},"message":"\u001b[90m> \u001b[39m       'reporting-endpoints': 'coop=\"https://q.stripe.com/coop-report\"',"}}
[info] >        'request-id': 'req_JcyZTQpxR8aqIN', {"user":"      'request-id': 'req_JcyZTQpxR8aqIN',","metadata":{"emulator":{"name":"functions"},"function":{"name":"us-central1-api"},"extension":{},"message":"\u001b[90m> \u001b[39m       'request-id': 'req_JcyZTQpxR8aqIN',"}}
[info] >        'stripe-version': '2025-01-27.acacia', {"user":"      'stripe-version': '2025-01-27.acacia',","metadata":{"emulator":{"name":"functions"},"function":{"name":"us-central1-api"},"extension":{},"message":"\u001b[90m> \u001b[39m       'stripe-version': '2025-01-27.acacia',"}}
[info] >        vary: 'Origin', {"user":"      vary: 'Origin',","metadata":{"emulator":{"name":"functions"},"function":{"name":"us-central1-api"},"extension":{},"message":"\u001b[90m> \u001b[39m       vary: 'Origin',"}}
[info] >        'x-stripe-priority-routing-enabled': 'true', {"user":"      'x-stripe-priority-routing-enabled': 'true',","metadata":{"emulator":{"name":"functions"},"function":{"name":"us-central1-api"},"extension":{},"message":"\u001b[90m> \u001b[39m       'x-stripe-priority-routing-enabled': 'true',"}}
[info] >        'x-stripe-routing-context-priority-tier': 'api-testmode', {"user":"      'x-stripe-routing-context-priority-tier': 'api-testmode',","metadata":{"emulator":{"name":"functions"},"function":{"name":"us-central1-api"},"extension":{},"message":"\u001b[90m> \u001b[39m       'x-stripe-routing-context-priority-tier': 'api-testmode',"}}
[info] >        'x-wc': 'AB', {"user":"      'x-wc': 'AB',","metadata":{"emulator":{"name":"functions"},"function":{"name":"us-central1-api"},"extension":{},"message":"\u001b[90m> \u001b[39m       'x-wc': 'AB',"}}
[info] >        'strict-transport-security': 'max-age=63072000; includeSubDomains; preload' {"user":"      'strict-transport-security': 'max-age=63072000; includeSubDomains; preload'","metadata":{"emulator":{"name":"functions"},"function":{"name":"us-central1-api"},"extension":{},"message":"\u001b[90m> \u001b[39m       'strict-transport-security': 'max-age=63072000; includeSubDomains; preload'"}}
[info] >      }, {"user":"    },","metadata":{"emulator":{"name":"functions"},"function":{"name":"us-central1-api"},"extension":{},"message":"\u001b[90m> \u001b[39m     },"}}
[info] >      statusCode: 400, {"user":"    statusCode: 400,","metadata":{"emulator":{"name":"functions"},"function":{"name":"us-central1-api"},"extension":{},"message":"\u001b[90m> \u001b[39m     statusCode: 400,"}}
[info] >      requestId: 'req_JcyZTQpxR8aqIN' {"user":"    requestId: 'req_JcyZTQpxR8aqIN'","metadata":{"emulator":{"name":"functions"},"function":{"name":"us-central1-api"},"extension":{},"message":"\u001b[90m> \u001b[39m     requestId: 'req_JcyZTQpxR8aqIN'"}}
[info] >    }, {"user":"  },","metadata":{"emulator":{"name":"functions"},"function":{"name":"us-central1-api"},"extension":{},"message":"\u001b[90m> \u001b[39m   },"}}
[info] >    rawType: 'invalid_request_error', {"user":"  rawType: 'invalid_request_error',","metadata":{"emulator":{"name":"functions"},"function":{"name":"us-central1-api"},"extension":{},"message":"\u001b[90m> \u001b[39m   rawType: 'invalid_request_error',"}}
[info] >    code: 'parameter_invalid_integer', {"user":"  code: 'parameter_invalid_integer',","metadata":{"emulator":{"name":"functions"},"function":{"name":"us-central1-api"},"extension":{},"message":"\u001b[90m> \u001b[39m   code: 'parameter_invalid_integer',"}}
[info] >    doc_url: 'https://stripe.com/docs/error-codes/parameter-invalid-integer', {"user":"  doc_url: 'https://stripe.com/docs/error-codes/parameter-invalid-integer',","metadata":{"emulator":{"name":"functions"},"function":{"name":"us-central1-api"},"extension":{},"message":"\u001b[90m> \u001b[39m   doc_url: 'https://stripe.com/docs/error-codes/parameter-invalid-integer',"}}
[info] >    param: 'amount', {"user":"  param: 'amount',","metadata":{"emulator":{"name":"functions"},"function":{"name":"us-central1-api"},"extension":{},"message":"\u001b[90m> \u001b[39m   param: 'amount',"}}
[info] >    detail: undefined, {"user":"  detail: undefined,","metadata":{"emulator":{"name":"functions"},"function":{"name":"us-central1-api"},"extension":{},"message":"\u001b[90m> \u001b[39m   detail: undefined,"}}
[info] >    headers: { {"user":"  headers: {","metadata":{"emulator":{"name":"functions"},"function":{"name":"us-central1-api"},"extension":{},"message":"\u001b[90m> \u001b[39m   headers: {"}}
[info] >      server: 'nginx', {"user":"    server: 'nginx',","metadata":{"emulator":{"name":"functions"},"function":{"name":"us-central1-api"},"extension":{},"message":"\u001b[90m> \u001b[39m     server: 'nginx',"}}
[info] >      date: 'Mon, 03 Feb 2025 13:03:05 GMT', {"user":"    date: 'Mon, 03 Feb 2025 13:03:05 GMT',","metadata":{"emulator":{"name":"functions"},"function":{"name":"us-central1-api"},"extension":{},"message":"\u001b[90m> \u001b[39m     date: 'Mon, 03 Feb 2025 13:03:05 GMT',"}}
[info] >      'content-type': 'application/json', {"user":"    'content-type': 'application/json',","metadata":{"emulator":{"name":"functions"},"function":{"name":"us-central1-api"},"extension":{},"message":"\u001b[90m> \u001b[39m     'content-type': 'application/json',"}}
[info] >      'content-length': '663', {"user":"    'content-length': '663',","metadata":{"emulator":{"name":"functions"},"function":{"name":"us-central1-api"},"extension":{},"message":"\u001b[90m> \u001b[39m     'content-length': '663',"}}
[info] >      connection: 'keep-alive', {"user":"    connection: 'keep-alive',","metadata":{"emulator":{"name":"functions"},"function":{"name":"us-central1-api"},"extension":{},"message":"\u001b[90m> \u001b[39m     connection: 'keep-alive',"}}
[info] >      'access-control-allow-credentials': 'true', {"user":"    'access-control-allow-credentials': 'true',","metadata":{"emulator":{"name":"functions"},"function":{"name":"us-central1-api"},"extension":{},"message":"\u001b[90m> \u001b[39m     'access-control-allow-credentials': 'true',"}}
[info] >      'access-control-allow-methods': 'GET, HEAD, PUT, PATCH, POST, DELETE', {"user":"    'access-control-allow-methods': 'GET, HEAD, PUT, PATCH, POST, DELETE',","metadata":{"emulator":{"name":"functions"},"function":{"name":"us-central1-api"},"extension":{},"message":"\u001b[90m> \u001b[39m     'access-control-allow-methods': 'GET, HEAD, PUT, PATCH, POST, DELETE',"}}
[info] >      'access-control-allow-origin': '*', {"user":"    'access-control-allow-origin': '*',","metadata":{"emulator":{"name":"functions"},"function":{"name":"us-central1-api"},"extension":{},"message":"\u001b[90m> \u001b[39m     'access-control-allow-origin': '*',"}}
[info] >      'access-control-expose-headers': 'Request-Id, Stripe-Manage-Version, Stripe-Should-Retry, X-Stripe-External-Auth-Required, X-Stripe-Privileged-Session-Required', {"user":"    'access-control-expose-headers': 'Request-Id, Stripe-Manage-Version, Stripe-Should-Retry, X-Stripe-External-Auth-Required, X-Stripe-Privileged-Session-Required',","metadata":{"emulator":{"name":"functions"},"function":{"name":"us-central1-api"},"extension":{},"message":"\u001b[90m> \u001b[39m     'access-control-expose-headers': 'Request-Id, Stripe-Manage-Version, Stripe-Should-Retry, X-Stripe-External-Auth-Required, X-Stripe-Privileged-Session-Required',"}}
[info] >      'access-control-max-age': '300', {"user":"    'access-control-max-age': '300',","metadata":{"emulator":{"name":"functions"},"function":{"name":"us-central1-api"},"extension":{},"message":"\u001b[90m> \u001b[39m     'access-control-max-age': '300',"}}
[info] >      'cache-control': 'no-cache, no-store', {"user":"    'cache-control': 'no-cache, no-store',","metadata":{"emulator":{"name":"functions"},"function":{"name":"us-central1-api"},"extension":{},"message":"\u001b[90m> \u001b[39m     'cache-control': 'no-cache, no-store',"}}
[info] >      'content-security-policy': "base-uri 'none'; default-src 'none'; form-action 'none'; frame-ancestors 'none'; img-src 'self'; script-src 'self' 'report-sample'; style-src 'self'; upgrade-insecure-requests; report-uri https://q.stripe.com/csp-violation?q=R89iawu_JDDYwm8KOYfhtC4ReTWTp3Q_kN0MrgV-utl40mHtnZME0IoULhL7j9NlMKVHVEGhuFkYpBdM", {"user":"    'content-security-policy': \"base-uri 'none'; default-src 'none'; form-action 'none'; frame-ancestors 'none'; img-src 'self'; script-src 'self' 'report-sample'; style-src 'self'; upgrade-insecure-requests; report-uri https://q.stripe.com/csp-violation?q=R89iawu_JDDYwm8KOYfhtC4ReTWTp3Q_kN0MrgV-utl40mHtnZME0IoULhL7j9NlMKVHVEGhuFkYpBdM\",","metadata":{"emulator":{"name":"functions"},"function":{"name":"us-central1-api"},"extension":{},"message":"\u001b[90m> \u001b[39m     'content-security-policy': \"base-uri 'none'; default-src 'none'; form-action 'none'; frame-ancestors 'none'; img-src 'self'; script-src 'self' 'report-sample'; style-src 'self'; upgrade-insecure-requests; report-uri https://q.stripe.com/csp-violation?q=R89iawu_JDDYwm8KOYfhtC4ReTWTp3Q_kN0MrgV-utl40mHtnZME0IoULhL7j9NlMKVHVEGhuFkYpBdM\","}}
[info] >      'cross-origin-opener-policy-report-only': 'same-origin; report-to="coop"', {"user":"    'cross-origin-opener-policy-report-only': 'same-origin; report-to=\"coop\"',","metadata":{"emulator":{"name":"functions"},"function":{"name":"us-central1-api"},"extension":{},"message":"\u001b[90m> \u001b[39m     'cross-origin-opener-policy-report-only': 'same-origin; report-to=\"coop\"',"}}
[info] >      'idempotency-key': 'stripe-node-retry-d68cc9bd-7dc8-4430-b88a-20068cdc74ee', {"user":"    'idempotency-key': 'stripe-node-retry-d68cc9bd-7dc8-4430-b88a-20068cdc74ee',","metadata":{"emulator":{"name":"functions"},"function":{"name":"us-central1-api"},"extension":{},"message":"\u001b[90m> \u001b[39m     'idempotency-key': 'stripe-node-retry-d68cc9bd-7dc8-4430-b88a-20068cdc74ee',"}}
[info] >      'original-request': 'req_JcyZTQpxR8aqIN', {"user":"    'original-request': 'req_JcyZTQpxR8aqIN',","metadata":{"emulator":{"name":"functions"},"function":{"name":"us-central1-api"},"extension":{},"message":"\u001b[90m> \u001b[39m     'original-request': 'req_JcyZTQpxR8aqIN',"}}
[info] >      'report-to': '{"group":"coop","max_age":8640,"endpoints":[{"url":"https://q.stripe.com/coop-report"}],"include_subdomains":true}', {"user":"    'report-to': '{\"group\":\"coop\",\"max_age\":8640,\"endpoints\":[{\"url\":\"https://q.stripe.com/coop-report\"}],\"include_subdomains\":true}',","metadata":{"emulator":{"name":"functions"},"function":{"name":"us-central1-api"},"extension":{},"message":"\u001b[90m> \u001b[39m     'report-to': '{\"group\":\"coop\",\"max_age\":8640,\"endpoints\":[{\"url\":\"https://q.stripe.com/coop-report\"}],\"include_subdomains\":true}',"}}
[info] >      'reporting-endpoints': 'coop="https://q.stripe.com/coop-report"', {"user":"    'reporting-endpoints': 'coop=\"https://q.stripe.com/coop-report\"',","metadata":{"emulator":{"name":"functions"},"function":{"name":"us-central1-api"},"extension":{},"message":"\u001b[90m> \u001b[39m     'reporting-endpoints': 'coop=\"https://q.stripe.com/coop-report\"',"}}
[info] >      'request-id': 'req_JcyZTQpxR8aqIN', {"user":"    'request-id': 'req_JcyZTQpxR8aqIN',","metadata":{"emulator":{"name":"functions"},"function":{"name":"us-central1-api"},"extension":{},"message":"\u001b[90m> \u001b[39m     'request-id': 'req_JcyZTQpxR8aqIN',"}}
[info] >      'stripe-version': '2025-01-27.acacia', {"user":"    'stripe-version': '2025-01-27.acacia',","metadata":{"emulator":{"name":"functions"},"function":{"name":"us-central1-api"},"extension":{},"message":"\u001b[90m> \u001b[39m     'stripe-version': '2025-01-27.acacia',"}}
[info] >      vary: 'Origin', {"user":"    vary: 'Origin',","metadata":{"emulator":{"name":"functions"},"function":{"name":"us-central1-api"},"extension":{},"message":"\u001b[90m> \u001b[39m     vary: 'Origin',"}}
[info] >      'x-stripe-priority-routing-enabled': 'true', {"user":"    'x-stripe-priority-routing-enabled': 'true',","metadata":{"emulator":{"name":"functions"},"function":{"name":"us-central1-api"},"extension":{},"message":"\u001b[90m> \u001b[39m     'x-stripe-priority-routing-enabled': 'true',"}}
[info] >      'x-stripe-routing-context-priority-tier': 'api-testmode', {"user":"    'x-stripe-routing-context-priority-tier': 'api-testmode',","metadata":{"emulator":{"name":"functions"},"function":{"name":"us-central1-api"},"extension":{},"message":"\u001b[90m> \u001b[39m     'x-stripe-routing-context-priority-tier': 'api-testmode',"}}
[info] >      'x-wc': 'AB', {"user":"    'x-wc': 'AB',","metadata":{"emulator":{"name":"functions"},"function":{"name":"us-central1-api"},"extension":{},"message":"\u001b[90m> \u001b[39m     'x-wc': 'AB',"}}
[info] >      'strict-transport-security': 'max-age=63072000; includeSubDomains; preload' {"user":"    'strict-transport-security': 'max-age=63072000; includeSubDomains; preload'","metadata":{"emulator":{"name":"functions"},"function":{"name":"us-central1-api"},"extension":{},"message":"\u001b[90m> \u001b[39m     'strict-transport-security': 'max-age=63072000; includeSubDomains; preload'"}}
[info] >    }, {"user":"  },","metadata":{"emulator":{"name":"functions"},"function":{"name":"us-central1-api"},"extension":{},"message":"\u001b[90m> \u001b[39m   },"}}
[info] >    requestId: 'req_JcyZTQpxR8aqIN', {"user":"  requestId: 'req_JcyZTQpxR8aqIN',","metadata":{"emulator":{"name":"functions"},"function":{"name":"us-central1-api"},"extension":{},"message":"\u001b[90m> \u001b[39m   requestId: 'req_JcyZTQpxR8aqIN',"}}
[info] >    statusCode: 400, {"user":"  statusCode: 400,","metadata":{"emulator":{"name":"functions"},"function":{"name":"us-central1-api"},"extension":{},"message":"\u001b[90m> \u001b[39m   statusCode: 400,"}}
[info] >    userMessage: undefined, {"user":"  userMessage: undefined,","metadata":{"emulator":{"name":"functions"},"function":{"name":"us-central1-api"},"extension":{},"message":"\u001b[90m> \u001b[39m   userMessage: undefined,"}}
[info] >    charge: undefined, {"user":"  charge: undefined,","metadata":{"emulator":{"name":"functions"},"function":{"name":"us-central1-api"},"extension":{},"message":"\u001b[90m> \u001b[39m   charge: undefined,"}}
[info] >    decline_code: undefined, {"user":"  decline_code: undefined,","metadata":{"emulator":{"name":"functions"},"function":{"name":"us-central1-api"},"extension":{},"message":"\u001b[90m> \u001b[39m   decline_code: undefined,"}}
[info] >    payment_intent: undefined, {"user":"  payment_intent: undefined,","metadata":{"emulator":{"name":"functions"},"function":{"name":"us-central1-api"},"extension":{},"message":"\u001b[90m> \u001b[39m   payment_intent: undefined,"}}
[info] >    payment_method: undefined, {"user":"  payment_method: undefined,","metadata":{"emulator":{"name":"functions"},"function":{"name":"us-central1-api"},"extension":{},"message":"\u001b[90m> \u001b[39m   payment_method: undefined,"}}
[info] >    payment_method_type: undefined, {"user":"  payment_method_type: undefined,","metadata":{"emulator":{"name":"functions"},"function":{"name":"us-central1-api"},"extension":{},"message":"\u001b[90m> \u001b[39m   payment_method_type: undefined,"}}
[info] >    setup_intent: undefined, {"user":"  setup_intent: undefined,","metadata":{"emulator":{"name":"functions"},"function":{"name":"us-central1-api"},"extension":{},"message":"\u001b[90m> \u001b[39m   setup_intent: undefined,"}}
[info] >    source: undefined {"user":"  source: undefined","metadata":{"emulator":{"name":"functions"},"function":{"name":"us-central1-api"},"extension":{},"message":"\u001b[90m> \u001b[39m   source: undefined"}}
[info] >  } {"user":"}","metadata":{"emulator":{"name":"functions"},"function":{"name":"us-central1-api"},"extension":{},"message":"\u001b[90m> \u001b[39m }"}}
[debug] [2025-02-03T13:03:04.531Z] Finishing up request with event=pause {"metadata":{"emulator":{"name":"functions"},"function":{"name":"us-central1-api"},"extension":{},"message":"Finishing up request with event=pause"}}
[info] i  functions: Finished "us-central1-api" in 444.6874ms {"metadata":{"emulator":{"name":"functions"},"function":{"name":"us-central1-api"},"extension":{},"message":"Finished \"us-central1-api\" in 444.6874ms"}}
[debug] [2025-02-03T13:03:04.533Z] [worker-us-central1-api-b84fc486-f755-4413-8680-a40b2d3838d0]: IDLE {"metadata":{"emulator":{"name":"functions"},"function":{"name":"us-central1-api"},"extension":{},"message":"[worker-us-central1-api-b84fc486-f755-4413-8680-a40b2d3838d0]: IDLE"}}
[debug] [2025-02-03T13:03:04.533Z] Finishing up request with event=finish {"metadata":{"emulator":{"name":"functions"},"function":{"name":"us-central1-api"},"extension":{},"message":"Finishing up request with event=finish"}}
[debug] [2025-02-03T13:03:04.534Z] Finishing up request with event=close {"metadata":{"emulator":{"name":"functions"},"function":{"name":"us-central1-api"},"extension":{},"message":"Finishing up request with event=close"}}
[debug] [2025-02-03T13:03:04.534Z] [work-queue] {"queuedWork":[],"queueLength":0,"runningWork":["/novemb-f2496/us-central1/api/payments/create-2025-02-03T13:03:04.071Z"],"workRunningCount":1}
[info] >  Error creating payment intent: StripeInvalidRequestError: The amount must be greater than or equal to the minimum charge amount allowed for your account and the currency set (https://docs.stripe.com/currencies#minimum-and-maximum-charge-amounts).  If you want to save a Payment Method for future use without an immediate payment, use a Setup Intent instead: https://docs.stripe.com/payments/setup-intents {"user":"Error creating payment intent: StripeInvalidRequestError: The amount must be greater than or equal to the minimum charge amount allowed for your account and the currency set (https://docs.stripe.com/currencies#minimum-and-maximum-charge-amounts).  If you want to save a Payment Method for future use without an immediate payment, use a Setup Intent instead: https://docs.stripe.com/payments/setup-intents","metadata":{"emulator":{"name":"functions"},"function":{"name":"us-central1-api"},"extension":{},"message":"\u001b[90m> \u001b[39m Error creating payment intent: StripeInvalidRequestError: The amount must be greater than or equal to the minimum charge amount allowed for your account and the currency set (https://docs.stripe.com/currencies#minimum-and-maximum-charge-amounts).  If you want to save a Payment Method for future use without an immediate payment, use a Setup Intent instead: https://docs.stripe.com/payments/setup-intents"}}
[info] >      at generateV1Error (C:\Users\sata\OneDrive\Desktop\phase-1\phase-5\Amazon-clone-2024\amazon-clone\functions\node_modules\stripe\cjs\Error.js:11:20) {"user":"    at generateV1Error (C:\\Users\\sata\\OneDrive\\Desktop\\phase-1\\phase-5\\Amazon-clone-2024\\amazon-clone\\functions\\node_modules\\stripe\\cjs\\Error.js:11:20)","metadata":{"emulator":{"name":"functions"},"function":{"name":"us-central1-api"},"extension":{},"message":"\u001b[90m> \u001b[39m     at generateV1Error (C:\\Users\\sata\\OneDrive\\Desktop\\phase-1\\phase-5\\Amazon-clone-2024\\amazon-clone\\functions\\node_modules\\stripe\\cjs\\Error.js:11:20)"}}
[info] >      at res.toJSON.then.Error_js_1.StripeAPIError.message (C:\Users\sata\OneDrive\Desktop\phase-1\phase-5\Amazon-clone-2024\amazon-clone\functions\node_modules\stripe\cjs\RequestSender.js:108:62) {"user":"    at res.toJSON.then.Error_js_1.StripeAPIError.message (C:\\Users\\sata\\OneDrive\\Desktop\\phase-1\\phase-5\\Amazon-clone-2024\\amazon-clone\\functions\\node_modules\\stripe\\cjs\\RequestSender.js:108:62)","metadata":{"emulator":{"name":"functions"},"function":{"name":"us-central1-api"},"extension":{},"message":"\u001b[90m> \u001b[39m     at res.toJSON.then.Error_js_1.StripeAPIError.message (C:\\Users\\sata\\OneDrive\\Desktop\\phase-1\\phase-5\\Amazon-clone-2024\\amazon-clone\\functions\\node_modules\\stripe\\cjs\\RequestSender.js:108:62)"}}
[info] >      at process.processTicksAndRejections (node:internal/process/task_queues:95:5) { {"user":"    at process.processTicksAndRejections (node:internal/process/task_queues:95:5) {","metadata":{"emulator":{"name":"functions"},"function":{"name":"us-central1-api"},"extension":{},"message":"\u001b[90m> \u001b[39m     at process.processTicksAndRejections (node:internal/process/task_queues:95:5) {"}}
[info] >    type: 'StripeInvalidRequestError', {"user":"  type: 'StripeInvalidRequestError',","metadata":{"emulator":{"name":"functions"},"function":{"name":"us-central1-api"},"extension":{},"message":"\u001b[90m> \u001b[39m   type: 'StripeInvalidRequestError',"}}
[info] >    raw: { {"user":"  raw: {","metadata":{"emulator":{"name":"functions"},"function":{"name":"us-central1-api"},"extension":{},"message":"\u001b[90m> \u001b[39m   raw: {"}}
[info] >      code: 'parameter_invalid_integer', {"user":"    code: 'parameter_invalid_integer',","metadata":{"emulator":{"name":"functions"},"function":{"name":"us-central1-api"},"extension":{},"message":"\u001b[90m> \u001b[39m     code: 'parameter_invalid_integer',"}}
[info] >      doc_url: 'https://stripe.com/docs/error-codes/parameter-invalid-integer', {"user":"    doc_url: 'https://stripe.com/docs/error-codes/parameter-invalid-integer',","metadata":{"emulator":{"name":"functions"},"function":{"name":"us-central1-api"},"extension":{},"message":"\u001b[90m> \u001b[39m     doc_url: 'https://stripe.com/docs/error-codes/parameter-invalid-integer',"}}
[info] >      message: 'The amount must be greater than or equal to the minimum charge amount allowed for your account and the currency set (https://docs.stripe.com/currencies#minimum-and-maximum-charge-amounts).  If you want to save a Payment Method for future use without an immediate payment, use a Setup Intent instead: https://docs.stripe.com/payments/setup-intents', {"user":"    message: 'The amount must be greater than or equal to the minimum charge amount allowed for your account and the currency set (https://docs.stripe.com/currencies#minimum-and-maximum-charge-amounts).  If you want to save a Payment Method for future use without an immediate payment, use a Setup Intent instead: https://docs.stripe.com/payments/setup-intents',","metadata":{"emulator":{"name":"functions"},"function":{"name":"us-central1-api"},"extension":{},"message":"\u001b[90m> \u001b[39m     message: 'The amount must be greater than or equal to the minimum charge amount allowed for your account and the currency set (https://docs.stripe.com/currencies#minimum-and-maximum-charge-amounts).  If you want to save a Payment Method for future use without an immediate payment, use a Setup Intent instead: https://docs.stripe.com/payments/setup-intents',"}}
[info] >      param: 'amount', {"user":"    param: 'amount',","metadata":{"emulator":{"name":"functions"},"function":{"name":"us-central1-api"},"extension":{},"message":"\u001b[90m> \u001b[39m     param: 'amount',"}}
[info] >      request_log_url: 'https://dashboard.stripe.com/test/logs/req_pyp9HajexdvmVv?t=1738587785', {"user":"    request_log_url: 'https://dashboard.stripe.com/test/logs/req_pyp9HajexdvmVv?t=1738587785',","metadata":{"emulator":{"name":"functions"},"function":{"name":"us-central1-api"},"extension":{},"message":"\u001b[90m> \u001b[39m     request_log_url: 'https://dashboard.stripe.com/test/logs/req_pyp9HajexdvmVv?t=1738587785',"}}
[info] >      type: 'invalid_request_error', {"user":"    type: 'invalid_request_error',","metadata":{"emulator":{"name":"functions"},"function":{"name":"us-central1-api"},"extension":{},"message":"\u001b[90m> \u001b[39m     type: 'invalid_request_error',"}}
[info] >      headers: { {"user":"    headers: {","metadata":{"emulator":{"name":"functions"},"function":{"name":"us-central1-api"},"extension":{},"message":"\u001b[90m> \u001b[39m     headers: {"}}
[info] >        server: 'nginx', {"user":"      server: 'nginx',","metadata":{"emulator":{"name":"functions"},"function":{"name":"us-central1-api"},"extension":{},"message":"\u001b[90m> \u001b[39m       server: 'nginx',"}}
[info] >        date: 'Mon, 03 Feb 2025 13:03:05 GMT', {"user":"      date: 'Mon, 03 Feb 2025 13:03:05 GMT',","metadata":{"emulator":{"name":"functions"},"function":{"name":"us-central1-api"},"extension":{},"message":"\u001b[90m> \u001b[39m       date: 'Mon, 03 Feb 2025 13:03:05 GMT',"}}
[info] >        'content-type': 'application/json', {"user":"      'content-type': 'application/json',","metadata":{"emulator":{"name":"functions"},"function":{"name":"us-central1-api"},"extension":{},"message":"\u001b[90m> \u001b[39m       'content-type': 'application/json',"}}
[info] >        'content-length': '663', {"user":"      'content-length': '663',","metadata":{"emulator":{"name":"functions"},"function":{"name":"us-central1-api"},"extension":{},"message":"\u001b[90m> \u001b[39m       'content-length': '663',"}}
[info] >        connection: 'keep-alive', {"user":"      connection: 'keep-alive',","metadata":{"emulator":{"name":"functions"},"function":{"name":"us-central1-api"},"extension":{},"message":"\u001b[90m> \u001b[39m       connection: 'keep-alive',"}}
[info] >        'access-control-allow-credentials': 'true', {"user":"      'access-control-allow-credentials': 'true',","metadata":{"emulator":{"name":"functions"},"function":{"name":"us-central1-api"},"extension":{},"message":"\u001b[90m> \u001b[39m       'access-control-allow-credentials': 'true',"}}
[info] >        'access-control-allow-methods': 'GET, HEAD, PUT, PATCH, POST, DELETE', {"user":"      'access-control-allow-methods': 'GET, HEAD, PUT, PATCH, POST, DELETE',","metadata":{"emulator":{"name":"functions"},"function":{"name":"us-central1-api"},"extension":{},"message":"\u001b[90m> \u001b[39m       'access-control-allow-methods': 'GET, HEAD, PUT, PATCH, POST, DELETE',"}}
[info] >        'access-control-allow-origin': '*', {"user":"      'access-control-allow-origin': '*',","metadata":{"emulator":{"name":"functions"},"function":{"name":"us-central1-api"},"extension":{},"message":"\u001b[90m> \u001b[39m       'access-control-allow-origin': '*',"}}
[info] >        'access-control-expose-headers': 'Request-Id, Stripe-Manage-Version, Stripe-Should-Retry, X-Stripe-External-Auth-Required, X-Stripe-Privileged-Session-Required', {"user":"      'access-control-expose-headers': 'Request-Id, Stripe-Manage-Version, Stripe-Should-Retry, X-Stripe-External-Auth-Required, X-Stripe-Privileged-Session-Required',","metadata":{"emulator":{"name":"functions"},"function":{"name":"us-central1-api"},"extension":{},"message":"\u001b[90m> \u001b[39m       'access-control-expose-headers': 'Request-Id, Stripe-Manage-Version, Stripe-Should-Retry, X-Stripe-External-Auth-Required, X-Stripe-Privileged-Session-Required',"}}
[info] >        'access-control-max-age': '300', {"user":"      'access-control-max-age': '300',","metadata":{"emulator":{"name":"functions"},"function":{"name":"us-central1-api"},"extension":{},"message":"\u001b[90m> \u001b[39m       'access-control-max-age': '300',"}}
[info] >        'cache-control': 'no-cache, no-store', {"user":"      'cache-control': 'no-cache, no-store',","metadata":{"emulator":{"name":"functions"},"function":{"name":"us-central1-api"},"extension":{},"message":"\u001b[90m> \u001b[39m       'cache-control': 'no-cache, no-store',"}}
[info] >        'content-security-policy': "base-uri 'none'; default-src 'none'; form-action 'none'; frame-ancestors 'none'; img-src 'self'; script-src 'self' 'report-sample'; style-src 'self'; upgrade-insecure-requests; report-uri https://q.stripe.com/csp-violation?q=R89iawu_JDDYwm8KOYfhtC4ReTWTp3Q_kN0MrgV-utl40mHtnZME0IoULhL7j9NlMKVHVEGhuFkYpBdM", {"user":"      'content-security-policy': \"base-uri 'none'; default-src 'none'; form-action 'none'; frame-ancestors 'none'; img-src 'self'; script-src 'self' 'report-sample'; style-src 'self'; upgrade-insecure-requests; report-uri https://q.stripe.com/csp-violation?q=R89iawu_JDDYwm8KOYfhtC4ReTWTp3Q_kN0MrgV-utl40mHtnZME0IoULhL7j9NlMKVHVEGhuFkYpBdM\",","metadata":{"emulator":{"name":"functions"},"function":{"name":"us-central1-api"},"extension":{},"message":"\u001b[90m> \u001b[39m       'content-security-policy': \"base-uri 'none'; default-src 'none'; form-action 'none'; frame-ancestors 'none'; img-src 'self'; script-src 'self' 'report-sample'; style-src 'self'; upgrade-insecure-requests; report-uri https://q.stripe.com/csp-violation?q=R89iawu_JDDYwm8KOYfhtC4ReTWTp3Q_kN0MrgV-utl40mHtnZME0IoULhL7j9NlMKVHVEGhuFkYpBdM\","}}
[info] >        'cross-origin-opener-policy-report-only': 'same-origin; report-to="coop"', {"user":"      'cross-origin-opener-policy-report-only': 'same-origin; report-to=\"coop\"',","metadata":{"emulator":{"name":"functions"},"function":{"name":"us-central1-api"},"extension":{},"message":"\u001b[90m> \u001b[39m       'cross-origin-opener-policy-report-only': 'same-origin; report-to=\"coop\"',"}}
[info] >        'idempotency-key': 'stripe-node-retry-6bbc6e5a-346e-4634-a9b0-3cf90132cd98', {"user":"      'idempotency-key': 'stripe-node-retry-6bbc6e5a-346e-4634-a9b0-3cf90132cd98',","metadata":{"emulator":{"name":"functions"},"function":{"name":"us-central1-api"},"extension":{},"message":"\u001b[90m> \u001b[39m       'idempotency-key': 'stripe-node-retry-6bbc6e5a-346e-4634-a9b0-3cf90132cd98',"}}
[info] >        'original-request': 'req_pyp9HajexdvmVv', {"user":"      'original-request': 'req_pyp9HajexdvmVv',","metadata":{"emulator":{"name":"functions"},"function":{"name":"us-central1-api"},"extension":{},"message":"\u001b[90m> \u001b[39m       'original-request': 'req_pyp9HajexdvmVv',"}}
[info] >        'report-to': '{"group":"coop","max_age":8640,"endpoints":[{"url":"https://q.stripe.com/coop-report"}],"include_subdomains":true}', {"user":"      'report-to': '{\"group\":\"coop\",\"max_age\":8640,\"endpoints\":[{\"url\":\"https://q.stripe.com/coop-report\"}],\"include_subdomains\":true}',","metadata":{"emulator":{"name":"functions"},"function":{"name":"us-central1-api"},"extension":{},"message":"\u001b[90m> \u001b[39m       'report-to': '{\"group\":\"coop\",\"max_age\":8640,\"endpoints\":[{\"url\":\"https://q.stripe.com/coop-report\"}],\"include_subdomains\":true}',"}}
[info] >        'reporting-endpoints': 'coop="https://q.stripe.com/coop-report"', {"user":"      'reporting-endpoints': 'coop=\"https://q.stripe.com/coop-report\"',","metadata":{"emulator":{"name":"functions"},"function":{"name":"us-central1-api"},"extension":{},"message":"\u001b[90m> \u001b[39m       'reporting-endpoints': 'coop=\"https://q.stripe.com/coop-report\"',"}}
[info] >        'request-id': 'req_pyp9HajexdvmVv', {"user":"      'request-id': 'req_pyp9HajexdvmVv',","metadata":{"emulator":{"name":"functions"},"function":{"name":"us-central1-api"},"extension":{},"message":"\u001b[90m> \u001b[39m       'request-id': 'req_pyp9HajexdvmVv',"}}
[info] >        'stripe-version': '2025-01-27.acacia', {"user":"      'stripe-version': '2025-01-27.acacia',","metadata":{"emulator":{"name":"functions"},"function":{"name":"us-central1-api"},"extension":{},"message":"\u001b[90m> \u001b[39m       'stripe-version': '2025-01-27.acacia',"}}
[info] >        vary: 'Origin', {"user":"      vary: 'Origin',","metadata":{"emulator":{"name":"functions"},"function":{"name":"us-central1-api"},"extension":{},"message":"\u001b[90m> \u001b[39m       vary: 'Origin',"}}
[info] >        'x-stripe-priority-routing-enabled': 'true', {"user":"      'x-stripe-priority-routing-enabled': 'true',","metadata":{"emulator":{"name":"functions"},"function":{"name":"us-central1-api"},"extension":{},"message":"\u001b[90m> \u001b[39m       'x-stripe-priority-routing-enabled': 'true',"}}
[info] >        'x-stripe-routing-context-priority-tier': 'api-testmode', {"user":"      'x-stripe-routing-context-priority-tier': 'api-testmode',","metadata":{"emulator":{"name":"functions"},"function":{"name":"us-central1-api"},"extension":{},"message":"\u001b[90m> \u001b[39m       'x-stripe-routing-context-priority-tier': 'api-testmode',"}}
[info] >        'x-wc': 'AB', {"user":"      'x-wc': 'AB',","metadata":{"emulator":{"name":"functions"},"function":{"name":"us-central1-api"},"extension":{},"message":"\u001b[90m> \u001b[39m       'x-wc': 'AB',"}}
[info] >        'strict-transport-security': 'max-age=63072000; includeSubDomains; preload' {"user":"      'strict-transport-security': 'max-age=63072000; includeSubDomains; preload'","metadata":{"emulator":{"name":"functions"},"function":{"name":"us-central1-api"},"extension":{},"message":"\u001b[90m> \u001b[39m       'strict-transport-security': 'max-age=63072000; includeSubDomains; preload'"}}
[info] >      }, {"user":"    },","metadata":{"emulator":{"name":"functions"},"function":{"name":"us-central1-api"},"extension":{},"message":"\u001b[90m> \u001b[39m     },"}}
[info] >      statusCode: 400, {"user":"    statusCode: 400,","metadata":{"emulator":{"name":"functions"},"function":{"name":"us-central1-api"},"extension":{},"message":"\u001b[90m> \u001b[39m     statusCode: 400,"}}
[info] >      requestId: 'req_pyp9HajexdvmVv' {"user":"    requestId: 'req_pyp9HajexdvmVv'","metadata":{"emulator":{"name":"functions"},"function":{"name":"us-central1-api"},"extension":{},"message":"\u001b[90m> \u001b[39m     requestId: 'req_pyp9HajexdvmVv'"}}
[info] >    }, {"user":"  },","metadata":{"emulator":{"name":"functions"},"function":{"name":"us-central1-api"},"extension":{},"message":"\u001b[90m> \u001b[39m   },"}}
[info] >    rawType: 'invalid_request_error', {"user":"  rawType: 'invalid_request_error',","metadata":{"emulator":{"name":"functions"},"function":{"name":"us-central1-api"},"extension":{},"message":"\u001b[90m> \u001b[39m   rawType: 'invalid_request_error',"}}
[info] >    code: 'parameter_invalid_integer', {"user":"  code: 'parameter_invalid_integer',","metadata":{"emulator":{"name":"functions"},"function":{"name":"us-central1-api"},"extension":{},"message":"\u001b[90m> \u001b[39m   code: 'parameter_invalid_integer',"}}
[info] >    doc_url: 'https://stripe.com/docs/error-codes/parameter-invalid-integer', {"user":"  doc_url: 'https://stripe.com/docs/error-codes/parameter-invalid-integer',","metadata":{"emulator":{"name":"functions"},"function":{"name":"us-central1-api"},"extension":{},"message":"\u001b[90m> \u001b[39m   doc_url: 'https://stripe.com/docs/error-codes/parameter-invalid-integer',"}}
[info] >    param: 'amount', {"user":"  param: 'amount',","metadata":{"emulator":{"name":"functions"},"function":{"name":"us-central1-api"},"extension":{},"message":"\u001b[90m> \u001b[39m   param: 'amount',"}}
[info] >    detail: undefined, {"user":"  detail: undefined,","metadata":{"emulator":{"name":"functions"},"function":{"name":"us-central1-api"},"extension":{},"message":"\u001b[90m> \u001b[39m   detail: undefined,"}}
[info] >    headers: { {"user":"  headers: {","metadata":{"emulator":{"name":"functions"},"function":{"name":"us-central1-api"},"extension":{},"message":"\u001b[90m> \u001b[39m   headers: {"}}
[info] >      server: 'nginx', {"user":"    server: 'nginx',","metadata":{"emulator":{"name":"functions"},"function":{"name":"us-central1-api"},"extension":{},"message":"\u001b[90m> \u001b[39m     server: 'nginx',"}}
[info] >      date: 'Mon, 03 Feb 2025 13:03:05 GMT', {"user":"    date: 'Mon, 03 Feb 2025 13:03:05 GMT',","metadata":{"emulator":{"name":"functions"},"function":{"name":"us-central1-api"},"extension":{},"message":"\u001b[90m> \u001b[39m     date: 'Mon, 03 Feb 2025 13:03:05 GMT',"}}
[info] >      'content-type': 'application/json', {"user":"    'content-type': 'application/json',","metadata":{"emulator":{"name":"functions"},"function":{"name":"us-central1-api"},"extension":{},"message":"\u001b[90m> \u001b[39m     'content-type': 'application/json',"}}
[info] >      'content-length': '663', {"user":"    'content-length': '663',","metadata":{"emulator":{"name":"functions"},"function":{"name":"us-central1-api"},"extension":{},"message":"\u001b[90m> \u001b[39m     'content-length': '663',"}}
[info] >      connection: 'keep-alive', {"user":"    connection: 'keep-alive',","metadata":{"emulator":{"name":"functions"},"function":{"name":"us-central1-api"},"extension":{},"message":"\u001b[90m> \u001b[39m     connection: 'keep-alive',"}}
[info] >      'access-control-allow-credentials': 'true', {"user":"    'access-control-allow-credentials': 'true',","metadata":{"emulator":{"name":"functions"},"function":{"name":"us-central1-api"},"extension":{},"message":"\u001b[90m> \u001b[39m     'access-control-allow-credentials': 'true',"}}
[info] >      'access-control-allow-methods': 'GET, HEAD, PUT, PATCH, POST, DELETE', {"user":"    'access-control-allow-methods': 'GET, HEAD, PUT, PATCH, POST, DELETE',","metadata":{"emulator":{"name":"functions"},"function":{"name":"us-central1-api"},"extension":{},"message":"\u001b[90m> \u001b[39m     'access-control-allow-methods': 'GET, HEAD, PUT, PATCH, POST, DELETE',"}}
[info] >      'access-control-allow-origin': '*', {"user":"    'access-control-allow-origin': '*',","metadata":{"emulator":{"name":"functions"},"function":{"name":"us-central1-api"},"extension":{},"message":"\u001b[90m> \u001b[39m     'access-control-allow-origin': '*',"}}
[info] >      'access-control-expose-headers': 'Request-Id, Stripe-Manage-Version, Stripe-Should-Retry, X-Stripe-External-Auth-Required, X-Stripe-Privileged-Session-Required', {"user":"    'access-control-expose-headers': 'Request-Id, Stripe-Manage-Version, Stripe-Should-Retry, X-Stripe-External-Auth-Required, X-Stripe-Privileged-Session-Required',","metadata":{"emulator":{"name":"functions"},"function":{"name":"us-central1-api"},"extension":{},"message":"\u001b[90m> \u001b[39m     'access-control-expose-headers': 'Request-Id, Stripe-Manage-Version, Stripe-Should-Retry, X-Stripe-External-Auth-Required, X-Stripe-Privileged-Session-Required',"}}
[info] >      'access-control-max-age': '300', {"user":"    'access-control-max-age': '300',","metadata":{"emulator":{"name":"functions"},"function":{"name":"us-central1-api"},"extension":{},"message":"\u001b[90m> \u001b[39m     'access-control-max-age': '300',"}}
[info] >      'cache-control': 'no-cache, no-store', {"user":"    'cache-control': 'no-cache, no-store',","metadata":{"emulator":{"name":"functions"},"function":{"name":"us-central1-api"},"extension":{},"message":"\u001b[90m> \u001b[39m     'cache-control': 'no-cache, no-store',"}}
[info] >      'content-security-policy': "base-uri 'none'; default-src 'none'; form-action 'none'; frame-ancestors 'none'; img-src 'self'; script-src 'self' 'report-sample'; style-src 'self'; upgrade-insecure-requests; report-uri https://q.stripe.com/csp-violation?q=R89iawu_JDDYwm8KOYfhtC4ReTWTp3Q_kN0MrgV-utl40mHtnZME0IoULhL7j9NlMKVHVEGhuFkYpBdM", {"user":"    'content-security-policy': \"base-uri 'none'; default-src 'none'; form-action 'none'; frame-ancestors 'none'; img-src 'self'; script-src 'self' 'report-sample'; style-src 'self'; upgrade-insecure-requests; report-uri https://q.stripe.com/csp-violation?q=R89iawu_JDDYwm8KOYfhtC4ReTWTp3Q_kN0MrgV-utl40mHtnZME0IoULhL7j9NlMKVHVEGhuFkYpBdM\",","metadata":{"emulator":{"name":"functions"},"function":{"name":"us-central1-api"},"extension":{},"message":"\u001b[90m> \u001b[39m     'content-security-policy': \"base-uri 'none'; default-src 'none'; form-action 'none'; frame-ancestors 'none'; img-src 'self'; script-src 'self' 'report-sample'; style-src 'self'; upgrade-insecure-requests; report-uri https://q.stripe.com/csp-violation?q=R89iawu_JDDYwm8KOYfhtC4ReTWTp3Q_kN0MrgV-utl40mHtnZME0IoULhL7j9NlMKVHVEGhuFkYpBdM\","}}
[info] >      'cross-origin-opener-policy-report-only': 'same-origin; report-to="coop"', {"user":"    'cross-origin-opener-policy-report-only': 'same-origin; report-to=\"coop\"',","metadata":{"emulator":{"name":"functions"},"function":{"name":"us-central1-api"},"extension":{},"message":"\u001b[90m> \u001b[39m     'cross-origin-opener-policy-report-only': 'same-origin; report-to=\"coop\"',"}}
[info] >      'idempotency-key': 'stripe-node-retry-6bbc6e5a-346e-4634-a9b0-3cf90132cd98', {"user":"    'idempotency-key': 'stripe-node-retry-6bbc6e5a-346e-4634-a9b0-3cf90132cd98',","metadata":{"emulator":{"name":"functions"},"function":{"name":"us-central1-api"},"extension":{},"message":"\u001b[90m> \u001b[39m     'idempotency-key': 'stripe-node-retry-6bbc6e5a-346e-4634-a9b0-3cf90132cd98',"}}
[info] >      'original-request': 'req_pyp9HajexdvmVv', {"user":"    'original-request': 'req_pyp9HajexdvmVv',","metadata":{"emulator":{"name":"functions"},"function":{"name":"us-central1-api"},"extension":{},"message":"\u001b[90m> \u001b[39m     'original-request': 'req_pyp9HajexdvmVv',"}}
[info] >      'report-to': '{"group":"coop","max_age":8640,"endpoints":[{"url":"https://q.stripe.com/coop-report"}],"include_subdomains":true}', {"user":"    'report-to': '{\"group\":\"coop\",\"max_age\":8640,\"endpoints\":[{\"url\":\"https://q.stripe.com/coop-report\"}],\"include_subdomains\":true}',","metadata":{"emulator":{"name":"functions"},"function":{"name":"us-central1-api"},"extension":{},"message":"\u001b[90m> \u001b[39m     'report-to': '{\"group\":\"coop\",\"max_age\":8640,\"endpoints\":[{\"url\":\"https://q.stripe.com/coop-report\"}],\"include_subdomains\":true}',"}}
[info] >      'reporting-endpoints': 'coop="https://q.stripe.com/coop-report"', {"user":"    'reporting-endpoints': 'coop=\"https://q.stripe.com/coop-report\"',","metadata":{"emulator":{"name":"functions"},"function":{"name":"us-central1-api"},"extension":{},"message":"\u001b[90m> \u001b[39m     'reporting-endpoints': 'coop=\"https://q.stripe.com/coop-report\"',"}}
[info] >      'request-id': 'req_pyp9HajexdvmVv', {"user":"    'request-id': 'req_pyp9HajexdvmVv',","metadata":{"emulator":{"name":"functions"},"function":{"name":"us-central1-api"},"extension":{},"message":"\u001b[90m> \u001b[39m     'request-id': 'req_pyp9HajexdvmVv',"}}
[info] >      'stripe-version': '2025-01-27.acacia', {"user":"    'stripe-version': '2025-01-27.acacia',","metadata":{"emulator":{"name":"functions"},"function":{"name":"us-central1-api"},"extension":{},"message":"\u001b[90m> \u001b[39m     'stripe-version': '2025-01-27.acacia',"}}
[info] >      vary: 'Origin', {"user":"    vary: 'Origin',","metadata":{"emulator":{"name":"functions"},"function":{"name":"us-central1-api"},"extension":{},"message":"\u001b[90m> \u001b[39m     vary: 'Origin',"}}
[info] >      'x-stripe-priority-routing-enabled': 'true', {"user":"    'x-stripe-priority-routing-enabled': 'true',","metadata":{"emulator":{"name":"functions"},"function":{"name":"us-central1-api"},"extension":{},"message":"\u001b[90m> \u001b[39m     'x-stripe-priority-routing-enabled': 'true',"}}
[info] >      'x-stripe-routing-context-priority-tier': 'api-testmode', {"user":"    'x-stripe-routing-context-priority-tier': 'api-testmode',","metadata":{"emulator":{"name":"functions"},"function":{"name":"us-central1-api"},"extension":{},"message":"\u001b[90m> \u001b[39m     'x-stripe-routing-context-priority-tier': 'api-testmode',"}}
[info] >      'x-wc': 'AB', {"user":"    'x-wc': 'AB',","metadata":{"emulator":{"name":"functions"},"function":{"name":"us-central1-api"},"extension":{},"message":"\u001b[90m> \u001b[39m     'x-wc': 'AB',"}}
[info] >      'strict-transport-security': 'max-age=63072000; includeSubDomains; preload' {"user":"    'strict-transport-security': 'max-age=63072000; includeSubDomains; preload'","metadata":{"emulator":{"name":"functions"},"function":{"name":"us-central1-api"},"extension":{},"message":"\u001b[90m> \u001b[39m     'strict-transport-security': 'max-age=63072000; includeSubDomains; preload'"}}
[info] >    }, {"user":"  },","metadata":{"emulator":{"name":"functions"},"function":{"name":"us-central1-api"},"extension":{},"message":"\u001b[90m> \u001b[39m   },"}}
[info] >    requestId: 'req_pyp9HajexdvmVv', {"user":"  requestId: 'req_pyp9HajexdvmVv',","metadata":{"emulator":{"name":"functions"},"function":{"name":"us-central1-api"},"extension":{},"message":"\u001b[90m> \u001b[39m   requestId: 'req_pyp9HajexdvmVv',"}}
[info] >    statusCode: 400, {"user":"  statusCode: 400,","metadata":{"emulator":{"name":"functions"},"function":{"name":"us-central1-api"},"extension":{},"message":"\u001b[90m> \u001b[39m   statusCode: 400,"}}
[info] >    userMessage: undefined, {"user":"  userMessage: undefined,","metadata":{"emulator":{"name":"functions"},"function":{"name":"us-central1-api"},"extension":{},"message":"\u001b[90m> \u001b[39m   userMessage: undefined,"}}
[info] >    charge: undefined, {"user":"  charge: undefined,","metadata":{"emulator":{"name":"functions"},"function":{"name":"us-central1-api"},"extension":{},"message":"\u001b[90m> \u001b[39m   charge: undefined,"}}
[info] >    decline_code: undefined, {"user":"  decline_code: undefined,","metadata":{"emulator":{"name":"functions"},"function":{"name":"us-central1-api"},"extension":{},"message":"\u001b[90m> \u001b[39m   decline_code: undefined,"}}
[info] >    payment_intent: undefined, {"user":"  payment_intent: undefined,","metadata":{"emulator":{"name":"functions"},"function":{"name":"us-central1-api"},"extension":{},"message":"\u001b[90m> \u001b[39m   payment_intent: undefined,"}}
[info] >    payment_method: undefined, {"user":"  payment_method: undefined,","metadata":{"emulator":{"name":"functions"},"function":{"name":"us-central1-api"},"extension":{},"message":"\u001b[90m> \u001b[39m   payment_method: undefined,"}}
[info] >    payment_method_type: undefined, {"user":"  payment_method_type: undefined,","metadata":{"emulator":{"name":"functions"},"function":{"name":"us-central1-api"},"extension":{},"message":"\u001b[90m> \u001b[39m   payment_method_type: undefined,"}}
[info] >    setup_intent: undefined, {"user":"  setup_intent: undefined,","metadata":{"emulator":{"name":"functions"},"function":{"name":"us-central1-api"},"extension":{},"message":"\u001b[90m> \u001b[39m   setup_intent: undefined,"}}
[info] >    source: undefined {"user":"  source: undefined","metadata":{"emulator":{"name":"functions"},"function":{"name":"us-central1-api"},"extension":{},"message":"\u001b[90m> \u001b[39m   source: undefined"}}
[info] >  } {"user":"}","metadata":{"emulator":{"name":"functions"},"function":{"name":"us-central1-api"},"extension":{},"message":"\u001b[90m> \u001b[39m }"}}
[debug] [2025-02-03T13:03:04.671Z] Finishing up request with event=pause {"metadata":{"emulator":{"name":"functions"},"function":{"name":"us-central1-api"},"extension":{},"message":"Finishing up request with event=pause"}}
[info] i  functions: Finished "us-central1-api" in 596.4ms {"metadata":{"emulator":{"name":"functions"},"function":{"name":"us-central1-api"},"extension":{},"message":"Finished \"us-central1-api\" in 596.4ms"}}
[debug] [2025-02-03T13:03:04.672Z] [worker-us-central1-api-f2df7793-dd30-4128-aa50-a5fdcf6772d2]: IDLE {"metadata":{"emulator":{"name":"functions"},"function":{"name":"us-central1-api"},"extension":{},"message":"[worker-us-central1-api-f2df7793-dd30-4128-aa50-a5fdcf6772d2]: IDLE"}}
[debug] [2025-02-03T13:03:04.676Z] Finishing up request with event=finish {"metadata":{"emulator":{"name":"functions"},"function":{"name":"us-central1-api"},"extension":{},"message":"Finishing up request with event=finish"}}
[debug] [2025-02-03T13:03:04.677Z] Finishing up request with event=close {"metadata":{"emulator":{"name":"functions"},"function":{"name":"us-central1-api"},"extension":{},"message":"Finishing up request with event=close"}}
[debug] [2025-02-03T13:03:04.677Z] [work-queue] {"queuedWork":[],"queueLength":0,"runningWork":[],"workRunningCount":0}
[debug] [2025-02-03T13:03:33.842Z] [work-queue] {"queuedWork":["/novemb-f2496/us-central1/api/payments/create-2025-02-03T13:03:33.842Z"],"queueLength":1,"runningWork":[],"workRunningCount":0}
[debug] [2025-02-03T13:03:33.843Z] [work-queue] {"queuedWork":[],"queueLength":0,"runningWork":["/novemb-f2496/us-central1/api/payments/create-2025-02-03T13:03:33.842Z"],"workRunningCount":1}
[debug] [2025-02-03T13:03:33.844Z] Accepted request POST /novemb-f2496/us-central1/api/payments/create?total=3300 --> us-central1-api
[debug] [2025-02-03T13:03:33.846Z] [functions] Runtime ready! Sending request! {"metadata":{"emulator":{"name":"functions"},"message":"[functions] Runtime ready! Sending request!"}}
[debug] [2025-02-03T13:03:33.848Z] [functions] Got req.url=/novemb-f2496/us-central1/api/payments/create?total=3300, mapping to path=/payments/create?total=3300 {"metadata":{"emulator":{"name":"functions"},"message":"[functions] Got req.url=/novemb-f2496/us-central1/api/payments/create?total=3300, mapping to path=/payments/create?total=3300"}}
[debug] [2025-02-03T13:03:33.849Z] [worker-pool] submitRequest(triggerId=us-central1-api) {"metadata":{"emulator":{"name":"functions"},"message":"[worker-pool] submitRequest(triggerId=us-central1-api)"}}
[info] i  functions: Beginning execution of "us-central1-api" {"metadata":{"emulator":{"name":"functions"},"function":{"name":"us-central1-api"},"extension":{},"message":"Beginning execution of \"us-central1-api\""}}
[debug] [2025-02-03T13:03:33.853Z] [worker-us-central1-api-f2df7793-dd30-4128-aa50-a5fdcf6772d2]: BUSY {"metadata":{"emulator":{"name":"functions"},"function":{"name":"us-central1-api"},"extension":{},"message":"[worker-us-central1-api-f2df7793-dd30-4128-aa50-a5fdcf6772d2]: BUSY"}}
[debug] [2025-02-03T13:03:33.860Z] [work-queue] {"queuedWork":["/novemb-f2496/us-central1/api/payments/create-2025-02-03T13:03:33.860Z"],"queueLength":1,"runningWork":["/novemb-f2496/us-central1/api/payments/create-2025-02-03T13:03:33.842Z"],"workRunningCount":1}
[debug] [2025-02-03T13:03:33.862Z] [work-queue] {"queuedWork":[],"queueLength":0,"runningWork":["/novemb-f2496/us-central1/api/payments/create-2025-02-03T13:03:33.842Z","/novemb-f2496/us-central1/api/payments/create-2025-02-03T13:03:33.860Z"],"workRunningCount":2}
[debug] [2025-02-03T13:03:33.863Z] Accepted request POST /novemb-f2496/us-central1/api/payments/create?total=3300 --> us-central1-api
[debug] [2025-02-03T13:03:33.866Z] [functions] Runtime ready! Sending request! {"metadata":{"emulator":{"name":"functions"},"message":"[functions] Runtime ready! Sending request!"}}
[debug] [2025-02-03T13:03:33.867Z] [functions] Got req.url=/novemb-f2496/us-central1/api/payments/create?total=3300, mapping to path=/payments/create?total=3300 {"metadata":{"emulator":{"name":"functions"},"message":"[functions] Got req.url=/novemb-f2496/us-central1/api/payments/create?total=3300, mapping to path=/payments/create?total=3300"}}
[debug] [2025-02-03T13:03:33.868Z] [worker-pool] submitRequest(triggerId=us-central1-api) {"metadata":{"emulator":{"name":"functions"},"message":"[worker-pool] submitRequest(triggerId=us-central1-api)"}}
[info] i  functions: Beginning execution of "us-central1-api" {"metadata":{"emulator":{"name":"functions"},"function":{"name":"us-central1-api"},"extension":{},"message":"Beginning execution of \"us-central1-api\""}}
[debug] [2025-02-03T13:03:33.873Z] [worker-us-central1-api-b84fc486-f755-4413-8680-a40b2d3838d0]: BUSY {"metadata":{"emulator":{"name":"functions"},"function":{"name":"us-central1-api"},"extension":{},"message":"[worker-us-central1-api-b84fc486-f755-4413-8680-a40b2d3838d0]: BUSY"}}
[info] >  payment request received for this amount == 3300 {"user":"payment request received for this amount == 3300","metadata":{"emulator":{"name":"functions"},"function":{"name":"us-central1-api"},"extension":{},"message":"\u001b[90m> \u001b[39m payment request received for this amount == 3300"}}
[info] >  payment request received for this amount == 3300 {"user":"payment request received for this amount == 3300","metadata":{"emulator":{"name":"functions"},"function":{"name":"us-central1-api"},"extension":{},"message":"\u001b[90m> \u001b[39m payment request received for this amount == 3300"}}
[debug] [2025-02-03T13:03:34.270Z] Finishing up request with event=pause {"metadata":{"emulator":{"name":"functions"},"function":{"name":"us-central1-api"},"extension":{},"message":"Finishing up request with event=pause"}}
[info] i  functions: Finished "us-central1-api" in 417.478ms {"metadata":{"emulator":{"name":"functions"},"function":{"name":"us-central1-api"},"extension":{},"message":"Finished \"us-central1-api\" in 417.478ms"}}
[debug] [2025-02-03T13:03:34.274Z] [worker-us-central1-api-f2df7793-dd30-4128-aa50-a5fdcf6772d2]: IDLE {"metadata":{"emulator":{"name":"functions"},"function":{"name":"us-central1-api"},"extension":{},"message":"[worker-us-central1-api-f2df7793-dd30-4128-aa50-a5fdcf6772d2]: IDLE"}}
[debug] [2025-02-03T13:03:34.274Z] Finishing up request with event=finish {"metadata":{"emulator":{"name":"functions"},"function":{"name":"us-central1-api"},"extension":{},"message":"Finishing up request with event=finish"}}
[debug] [2025-02-03T13:03:34.276Z] Finishing up request with event=close {"metadata":{"emulator":{"name":"functions"},"function":{"name":"us-central1-api"},"extension":{},"message":"Finishing up request with event=close"}}
[debug] [2025-02-03T13:03:34.277Z] [work-queue] {"queuedWork":[],"queueLength":0,"runningWork":["/novemb-f2496/us-central1/api/payments/create-2025-02-03T13:03:33.860Z"],"workRunningCount":1}
[debug] [2025-02-03T13:03:34.307Z] Finishing up request with event=pause {"metadata":{"emulator":{"name":"functions"},"function":{"name":"us-central1-api"},"extension":{},"message":"Finishing up request with event=pause"}}
[info] i  functions: Finished "us-central1-api" in 434.748ms {"metadata":{"emulator":{"name":"functions"},"function":{"name":"us-central1-api"},"extension":{},"message":"Finished \"us-central1-api\" in 434.748ms"}}
[debug] [2025-02-03T13:03:34.310Z] [worker-us-central1-api-b84fc486-f755-4413-8680-a40b2d3838d0]: IDLE {"metadata":{"emulator":{"name":"functions"},"function":{"name":"us-central1-api"},"extension":{},"message":"[worker-us-central1-api-b84fc486-f755-4413-8680-a40b2d3838d0]: IDLE"}}
[debug] [2025-02-03T13:03:34.311Z] Finishing up request with event=finish {"metadata":{"emulator":{"name":"functions"},"function":{"name":"us-central1-api"},"extension":{},"message":"Finishing up request with event=finish"}}
[debug] [2025-02-03T13:03:34.312Z] Finishing up request with event=close {"metadata":{"emulator":{"name":"functions"},"function":{"name":"us-central1-api"},"extension":{},"message":"Finishing up request with event=close"}}
[debug] [2025-02-03T13:03:34.312Z] [work-queue] {"queuedWork":[],"queueLength":0,"runningWork":[],"workRunningCount":0}
[debug] [2025-02-03T13:04:22.399Z] [work-queue] {"queuedWork":["/novemb-f2496/us-central1/api/payments/create-2025-02-03T13:04:22.399Z"],"queueLength":1,"runningWork":[],"workRunningCount":0}
[debug] [2025-02-03T13:04:22.400Z] [work-queue] {"queuedWork":[],"queueLength":0,"runningWork":["/novemb-f2496/us-central1/api/payments/create-2025-02-03T13:04:22.399Z"],"workRunningCount":1}
[debug] [2025-02-03T13:04:22.400Z] Accepted request POST /novemb-f2496/us-central1/api/payments/create?total=4400 --> us-central1-api
[debug] [2025-02-03T13:04:22.401Z] [functions] Runtime ready! Sending request! {"metadata":{"emulator":{"name":"functions"},"message":"[functions] Runtime ready! Sending request!"}}
[debug] [2025-02-03T13:04:22.402Z] [functions] Got req.url=/novemb-f2496/us-central1/api/payments/create?total=4400, mapping to path=/payments/create?total=4400 {"metadata":{"emulator":{"name":"functions"},"message":"[functions] Got req.url=/novemb-f2496/us-central1/api/payments/create?total=4400, mapping to path=/payments/create?total=4400"}}
[debug] [2025-02-03T13:04:22.403Z] [worker-pool] submitRequest(triggerId=us-central1-api) {"metadata":{"emulator":{"name":"functions"},"message":"[worker-pool] submitRequest(triggerId=us-central1-api)"}}
[info] i  functions: Beginning execution of "us-central1-api" {"metadata":{"emulator":{"name":"functions"},"function":{"name":"us-central1-api"},"extension":{},"message":"Beginning execution of \"us-central1-api\""}}
[debug] [2025-02-03T13:04:22.407Z] [worker-us-central1-api-f2df7793-dd30-4128-aa50-a5fdcf6772d2]: BUSY {"metadata":{"emulator":{"name":"functions"},"function":{"name":"us-central1-api"},"extension":{},"message":"[worker-us-central1-api-f2df7793-dd30-4128-aa50-a5fdcf6772d2]: BUSY"}}
[debug] [2025-02-03T13:04:22.416Z] [work-queue] {"queuedWork":["/novemb-f2496/us-central1/api/payments/create-2025-02-03T13:04:22.416Z"],"queueLength":1,"runningWork":["/novemb-f2496/us-central1/api/payments/create-2025-02-03T13:04:22.399Z"],"workRunningCount":1}
[debug] [2025-02-03T13:04:22.418Z] [work-queue] {"queuedWork":[],"queueLength":0,"runningWork":["/novemb-f2496/us-central1/api/payments/create-2025-02-03T13:04:22.399Z","/novemb-f2496/us-central1/api/payments/create-2025-02-03T13:04:22.416Z"],"workRunningCount":2}
[debug] [2025-02-03T13:04:22.418Z] Accepted request POST /novemb-f2496/us-central1/api/payments/create?total=4400 --> us-central1-api
[debug] [2025-02-03T13:04:22.421Z] [functions] Runtime ready! Sending request! {"metadata":{"emulator":{"name":"functions"},"message":"[functions] Runtime ready! Sending request!"}}
[debug] [2025-02-03T13:04:22.422Z] [functions] Got req.url=/novemb-f2496/us-central1/api/payments/create?total=4400, mapping to path=/payments/create?total=4400 {"metadata":{"emulator":{"name":"functions"},"message":"[functions] Got req.url=/novemb-f2496/us-central1/api/payments/create?total=4400, mapping to path=/payments/create?total=4400"}}
[debug] [2025-02-03T13:04:22.423Z] [worker-pool] submitRequest(triggerId=us-central1-api) {"metadata":{"emulator":{"name":"functions"},"message":"[worker-pool] submitRequest(triggerId=us-central1-api)"}}
[info] i  functions: Beginning execution of "us-central1-api" {"metadata":{"emulator":{"name":"functions"},"function":{"name":"us-central1-api"},"extension":{},"message":"Beginning execution of \"us-central1-api\""}}
[debug] [2025-02-03T13:04:22.428Z] [worker-us-central1-api-b84fc486-f755-4413-8680-a40b2d3838d0]: BUSY {"metadata":{"emulator":{"name":"functions"},"function":{"name":"us-central1-api"},"extension":{},"message":"[worker-us-central1-api-b84fc486-f755-4413-8680-a40b2d3838d0]: BUSY"}}
[info] >  payment request received for this amount == 4400 {"user":"payment request received for this amount == 4400","metadata":{"emulator":{"name":"functions"},"function":{"name":"us-central1-api"},"extension":{},"message":"\u001b[90m> \u001b[39m payment request received for this amount == 4400"}}
[info] >  payment request received for this amount == 4400 {"user":"payment request received for this amount == 4400","metadata":{"emulator":{"name":"functions"},"function":{"name":"us-central1-api"},"extension":{},"message":"\u001b[90m> \u001b[39m payment request received for this amount == 4400"}}
[debug] [2025-02-03T13:04:22.842Z] Finishing up request with event=pause {"metadata":{"emulator":{"name":"functions"},"function":{"name":"us-central1-api"},"extension":{},"message":"Finishing up request with event=pause"}}
[info] i  functions: Finished "us-central1-api" in 436.1177ms {"metadata":{"emulator":{"name":"functions"},"function":{"name":"us-central1-api"},"extension":{},"message":"Finished \"us-central1-api\" in 436.1177ms"}}
[debug] [2025-02-03T13:04:22.846Z] [worker-us-central1-api-f2df7793-dd30-4128-aa50-a5fdcf6772d2]: IDLE {"metadata":{"emulator":{"name":"functions"},"function":{"name":"us-central1-api"},"extension":{},"message":"[worker-us-central1-api-f2df7793-dd30-4128-aa50-a5fdcf6772d2]: IDLE"}}
[debug] [2025-02-03T13:04:22.847Z] Finishing up request with event=finish {"metadata":{"emulator":{"name":"functions"},"function":{"name":"us-central1-api"},"extension":{},"message":"Finishing up request with event=finish"}}
[debug] [2025-02-03T13:04:22.847Z] Finishing up request with event=close {"metadata":{"emulator":{"name":"functions"},"function":{"name":"us-central1-api"},"extension":{},"message":"Finishing up request with event=close"}}
[debug] [2025-02-03T13:04:22.848Z] [work-queue] {"queuedWork":[],"queueLength":0,"runningWork":["/novemb-f2496/us-central1/api/payments/create-2025-02-03T13:04:22.416Z"],"workRunningCount":1}
[debug] [2025-02-03T13:04:22.879Z] Finishing up request with event=pause {"metadata":{"emulator":{"name":"functions"},"function":{"name":"us-central1-api"},"extension":{},"message":"Finishing up request with event=pause"}}
[info] i  functions: Finished "us-central1-api" in 451.8719ms {"metadata":{"emulator":{"name":"functions"},"function":{"name":"us-central1-api"},"extension":{},"message":"Finished \"us-central1-api\" in 451.8719ms"}}
[debug] [2025-02-03T13:04:22.883Z] [worker-us-central1-api-b84fc486-f755-4413-8680-a40b2d3838d0]: IDLE {"metadata":{"emulator":{"name":"functions"},"function":{"name":"us-central1-api"},"extension":{},"message":"[worker-us-central1-api-b84fc486-f755-4413-8680-a40b2d3838d0]: IDLE"}}
[debug] [2025-02-03T13:04:22.883Z] Finishing up request with event=finish {"metadata":{"emulator":{"name":"functions"},"function":{"name":"us-central1-api"},"extension":{},"message":"Finishing up request with event=finish"}}
[debug] [2025-02-03T13:04:22.884Z] Finishing up request with event=close {"metadata":{"emulator":{"name":"functions"},"function":{"name":"us-central1-api"},"extension":{},"message":"Finishing up request with event=close"}}
[debug] [2025-02-03T13:04:22.884Z] [work-queue] {"queuedWork":[],"queueLength":0,"runningWork":[],"workRunningCount":0}
[debug] [2025-02-03T13:21:40.157Z] [work-queue] {"queuedWork":["/novemb-f2496/us-central1/api/payments/create-2025-02-03T13:21:40.157Z"],"queueLength":1,"runningWork":[],"workRunningCount":0}
[debug] [2025-02-03T13:21:40.158Z] [work-queue] {"queuedWork":[],"queueLength":0,"runningWork":["/novemb-f2496/us-central1/api/payments/create-2025-02-03T13:21:40.157Z"],"workRunningCount":1}
[debug] [2025-02-03T13:21:40.158Z] Accepted request POST /novemb-f2496/us-central1/api/payments/create?total=4400 --> us-central1-api
[debug] [2025-02-03T13:21:40.159Z] [functions] Runtime ready! Sending request! {"metadata":{"emulator":{"name":"functions"},"message":"[functions] Runtime ready! Sending request!"}}
[debug] [2025-02-03T13:21:40.159Z] [functions] Got req.url=/novemb-f2496/us-central1/api/payments/create?total=4400, mapping to path=/payments/create?total=4400 {"metadata":{"emulator":{"name":"functions"},"message":"[functions] Got req.url=/novemb-f2496/us-central1/api/payments/create?total=4400, mapping to path=/payments/create?total=4400"}}
[debug] [2025-02-03T13:21:40.160Z] [worker-pool] submitRequest(triggerId=us-central1-api) {"metadata":{"emulator":{"name":"functions"},"message":"[worker-pool] submitRequest(triggerId=us-central1-api)"}}
[info] i  functions: Beginning execution of "us-central1-api" {"metadata":{"emulator":{"name":"functions"},"function":{"name":"us-central1-api"},"extension":{},"message":"Beginning execution of \"us-central1-api\""}}
[debug] [2025-02-03T13:21:40.161Z] [worker-us-central1-api-f2df7793-dd30-4128-aa50-a5fdcf6772d2]: BUSY {"metadata":{"emulator":{"name":"functions"},"function":{"name":"us-central1-api"},"extension":{},"message":"[worker-us-central1-api-f2df7793-dd30-4128-aa50-a5fdcf6772d2]: BUSY"}}
[info] >  payment request received for this amount == 4400 {"user":"payment request received for this amount == 4400","metadata":{"emulator":{"name":"functions"},"function":{"name":"us-central1-api"},"extension":{},"message":"\u001b[90m> \u001b[39m payment request received for this amount == 4400"}}
[debug] [2025-02-03T13:21:40.936Z] Finishing up request with event=pause {"metadata":{"emulator":{"name":"functions"},"function":{"name":"us-central1-api"},"extension":{},"message":"Finishing up request with event=pause"}}
[info] i  functions: Finished "us-central1-api" in 779.756ms {"metadata":{"emulator":{"name":"functions"},"function":{"name":"us-central1-api"},"extension":{},"message":"Finished \"us-central1-api\" in 779.756ms"}}
[debug] [2025-02-03T13:21:40.944Z] [worker-us-central1-api-f2df7793-dd30-4128-aa50-a5fdcf6772d2]: IDLE {"metadata":{"emulator":{"name":"functions"},"function":{"name":"us-central1-api"},"extension":{},"message":"[worker-us-central1-api-f2df7793-dd30-4128-aa50-a5fdcf6772d2]: IDLE"}}
[debug] [2025-02-03T13:21:40.944Z] Finishing up request with event=finish {"metadata":{"emulator":{"name":"functions"},"function":{"name":"us-central1-api"},"extension":{},"message":"Finishing up request with event=finish"}}
[debug] [2025-02-03T13:21:40.945Z] Finishing up request with event=close {"metadata":{"emulator":{"name":"functions"},"function":{"name":"us-central1-api"},"extension":{},"message":"Finishing up request with event=close"}}
[debug] [2025-02-03T13:21:40.945Z] [work-queue] {"queuedWork":[],"queueLength":0,"runningWork":[],"workRunningCount":0}
[debug] [2025-02-03T13:21:44.359Z] [work-queue] {"queuedWork":["/novemb-f2496/us-central1/api/payments/create-2025-02-03T13:21:44.359Z"],"queueLength":1,"runningWork":[],"workRunningCount":0}
[debug] [2025-02-03T13:21:44.359Z] [work-queue] {"queuedWork":[],"queueLength":0,"runningWork":["/novemb-f2496/us-central1/api/payments/create-2025-02-03T13:21:44.359Z"],"workRunningCount":1}
[debug] [2025-02-03T13:21:44.360Z] Accepted request POST /novemb-f2496/us-central1/api/payments/create?total=0 --> us-central1-api
[debug] [2025-02-03T13:21:44.360Z] [functions] Runtime ready! Sending request! {"metadata":{"emulator":{"name":"functions"},"message":"[functions] Runtime ready! Sending request!"}}
[debug] [2025-02-03T13:21:44.361Z] [functions] Got req.url=/novemb-f2496/us-central1/api/payments/create?total=0, mapping to path=/payments/create?total=0 {"metadata":{"emulator":{"name":"functions"},"message":"[functions] Got req.url=/novemb-f2496/us-central1/api/payments/create?total=0, mapping to path=/payments/create?total=0"}}
[debug] [2025-02-03T13:21:44.361Z] [worker-pool] submitRequest(triggerId=us-central1-api) {"metadata":{"emulator":{"name":"functions"},"message":"[worker-pool] submitRequest(triggerId=us-central1-api)"}}
[info] i  functions: Beginning execution of "us-central1-api" {"metadata":{"emulator":{"name":"functions"},"function":{"name":"us-central1-api"},"extension":{},"message":"Beginning execution of \"us-central1-api\""}}
[debug] [2025-02-03T13:21:44.362Z] [worker-us-central1-api-f2df7793-dd30-4128-aa50-a5fdcf6772d2]: BUSY {"metadata":{"emulator":{"name":"functions"},"function":{"name":"us-central1-api"},"extension":{},"message":"[worker-us-central1-api-f2df7793-dd30-4128-aa50-a5fdcf6772d2]: BUSY"}}
[info] >  payment request received for this amount == 0 {"user":"payment request received for this amount == 0","metadata":{"emulator":{"name":"functions"},"function":{"name":"us-central1-api"},"extension":{},"message":"\u001b[90m> \u001b[39m payment request received for this amount == 0"}}
[debug] [2025-02-03T13:21:44.368Z] [work-queue] {"queuedWork":["/novemb-f2496/us-central1/api/payments/create-2025-02-03T13:21:44.368Z"],"queueLength":1,"runningWork":["/novemb-f2496/us-central1/api/payments/create-2025-02-03T13:21:44.359Z"],"workRunningCount":1}
[debug] [2025-02-03T13:21:44.369Z] [work-queue] {"queuedWork":[],"queueLength":0,"runningWork":["/novemb-f2496/us-central1/api/payments/create-2025-02-03T13:21:44.359Z","/novemb-f2496/us-central1/api/payments/create-2025-02-03T13:21:44.368Z"],"workRunningCount":2}
[debug] [2025-02-03T13:21:44.369Z] Accepted request POST /novemb-f2496/us-central1/api/payments/create?total=0 --> us-central1-api
[debug] [2025-02-03T13:21:44.369Z] [functions] Runtime ready! Sending request! {"metadata":{"emulator":{"name":"functions"},"message":"[functions] Runtime ready! Sending request!"}}
[debug] [2025-02-03T13:21:44.370Z] [functions] Got req.url=/novemb-f2496/us-central1/api/payments/create?total=0, mapping to path=/payments/create?total=0 {"metadata":{"emulator":{"name":"functions"},"message":"[functions] Got req.url=/novemb-f2496/us-central1/api/payments/create?total=0, mapping to path=/payments/create?total=0"}}
[debug] [2025-02-03T13:21:44.370Z] [worker-pool] submitRequest(triggerId=us-central1-api) {"metadata":{"emulator":{"name":"functions"},"message":"[worker-pool] submitRequest(triggerId=us-central1-api)"}}
[info] i  functions: Beginning execution of "us-central1-api" {"metadata":{"emulator":{"name":"functions"},"function":{"name":"us-central1-api"},"extension":{},"message":"Beginning execution of \"us-central1-api\""}}
[debug] [2025-02-03T13:21:44.371Z] [worker-us-central1-api-b84fc486-f755-4413-8680-a40b2d3838d0]: BUSY {"metadata":{"emulator":{"name":"functions"},"function":{"name":"us-central1-api"},"extension":{},"message":"[worker-us-central1-api-b84fc486-f755-4413-8680-a40b2d3838d0]: BUSY"}}
[info] >  payment request received for this amount == 0 {"user":"payment request received for this amount == 0","metadata":{"emulator":{"name":"functions"},"function":{"name":"us-central1-api"},"extension":{},"message":"\u001b[90m> \u001b[39m payment request received for this amount == 0"}}
[info] >  Error creating payment intent: StripeInvalidRequestError: The amount must be greater than or equal to the minimum charge amount allowed for your account and the currency set (https://docs.stripe.com/currencies#minimum-and-maximum-charge-amounts).  If you want to save a Payment Method for future use without an immediate payment, use a Setup Intent instead: https://docs.stripe.com/payments/setup-intents {"user":"Error creating payment intent: StripeInvalidRequestError: The amount must be greater than or equal to the minimum charge amount allowed for your account and the currency set (https://docs.stripe.com/currencies#minimum-and-maximum-charge-amounts).  If you want to save a Payment Method for future use without an immediate payment, use a Setup Intent instead: https://docs.stripe.com/payments/setup-intents","metadata":{"emulator":{"name":"functions"},"function":{"name":"us-central1-api"},"extension":{},"message":"\u001b[90m> \u001b[39m Error creating payment intent: StripeInvalidRequestError: The amount must be greater than or equal to the minimum charge amount allowed for your account and the currency set (https://docs.stripe.com/currencies#minimum-and-maximum-charge-amounts).  If you want to save a Payment Method for future use without an immediate payment, use a Setup Intent instead: https://docs.stripe.com/payments/setup-intents"}}
[info] >      at generateV1Error (C:\Users\sata\OneDrive\Desktop\phase-1\phase-5\Amazon-clone-2024\amazon-clone\functions\node_modules\stripe\cjs\Error.js:11:20) {"user":"    at generateV1Error (C:\\Users\\sata\\OneDrive\\Desktop\\phase-1\\phase-5\\Amazon-clone-2024\\amazon-clone\\functions\\node_modules\\stripe\\cjs\\Error.js:11:20)","metadata":{"emulator":{"name":"functions"},"function":{"name":"us-central1-api"},"extension":{},"message":"\u001b[90m> \u001b[39m     at generateV1Error (C:\\Users\\sata\\OneDrive\\Desktop\\phase-1\\phase-5\\Amazon-clone-2024\\amazon-clone\\functions\\node_modules\\stripe\\cjs\\Error.js:11:20)"}}
[info] >      at res.toJSON.then.Error_js_1.StripeAPIError.message (C:\Users\sata\OneDrive\Desktop\phase-1\phase-5\Amazon-clone-2024\amazon-clone\functions\node_modules\stripe\cjs\RequestSender.js:108:62) {"user":"    at res.toJSON.then.Error_js_1.StripeAPIError.message (C:\\Users\\sata\\OneDrive\\Desktop\\phase-1\\phase-5\\Amazon-clone-2024\\amazon-clone\\functions\\node_modules\\stripe\\cjs\\RequestSender.js:108:62)","metadata":{"emulator":{"name":"functions"},"function":{"name":"us-central1-api"},"extension":{},"message":"\u001b[90m> \u001b[39m     at res.toJSON.then.Error_js_1.StripeAPIError.message (C:\\Users\\sata\\OneDrive\\Desktop\\phase-1\\phase-5\\Amazon-clone-2024\\amazon-clone\\functions\\node_modules\\stripe\\cjs\\RequestSender.js:108:62)"}}
[info] >      at process.processTicksAndRejections (node:internal/process/task_queues:95:5) { {"user":"    at process.processTicksAndRejections (node:internal/process/task_queues:95:5) {","metadata":{"emulator":{"name":"functions"},"function":{"name":"us-central1-api"},"extension":{},"message":"\u001b[90m> \u001b[39m     at process.processTicksAndRejections (node:internal/process/task_queues:95:5) {"}}
[info] >    type: 'StripeInvalidRequestError', {"user":"  type: 'StripeInvalidRequestError',","metadata":{"emulator":{"name":"functions"},"function":{"name":"us-central1-api"},"extension":{},"message":"\u001b[90m> \u001b[39m   type: 'StripeInvalidRequestError',"}}
[info] >    raw: { {"user":"  raw: {","metadata":{"emulator":{"name":"functions"},"function":{"name":"us-central1-api"},"extension":{},"message":"\u001b[90m> \u001b[39m   raw: {"}}
[info] >      code: 'parameter_invalid_integer', {"user":"    code: 'parameter_invalid_integer',","metadata":{"emulator":{"name":"functions"},"function":{"name":"us-central1-api"},"extension":{},"message":"\u001b[90m> \u001b[39m     code: 'parameter_invalid_integer',"}}
[info] >      doc_url: 'https://stripe.com/docs/error-codes/parameter-invalid-integer', {"user":"    doc_url: 'https://stripe.com/docs/error-codes/parameter-invalid-integer',","metadata":{"emulator":{"name":"functions"},"function":{"name":"us-central1-api"},"extension":{},"message":"\u001b[90m> \u001b[39m     doc_url: 'https://stripe.com/docs/error-codes/parameter-invalid-integer',"}}
[info] >      message: 'The amount must be greater than or equal to the minimum charge amount allowed for your account and the currency set (https://docs.stripe.com/currencies#minimum-and-maximum-charge-amounts).  If you want to save a Payment Method for future use without an immediate payment, use a Setup Intent instead: https://docs.stripe.com/payments/setup-intents', {"user":"    message: 'The amount must be greater than or equal to the minimum charge amount allowed for your account and the currency set (https://docs.stripe.com/currencies#minimum-and-maximum-charge-amounts).  If you want to save a Payment Method for future use without an immediate payment, use a Setup Intent instead: https://docs.stripe.com/payments/setup-intents',","metadata":{"emulator":{"name":"functions"},"function":{"name":"us-central1-api"},"extension":{},"message":"\u001b[90m> \u001b[39m     message: 'The amount must be greater than or equal to the minimum charge amount allowed for your account and the currency set (https://docs.stripe.com/currencies#minimum-and-maximum-charge-amounts).  If you want to save a Payment Method for future use without an immediate payment, use a Setup Intent instead: https://docs.stripe.com/payments/setup-intents',"}}
[info] >      param: 'amount', {"user":"    param: 'amount',","metadata":{"emulator":{"name":"functions"},"function":{"name":"us-central1-api"},"extension":{},"message":"\u001b[90m> \u001b[39m     param: 'amount',"}}
[info] >      request_log_url: 'https://dashboard.stripe.com/test/logs/req_DSxW7bEfwMlzif?t=1738588905', {"user":"    request_log_url: 'https://dashboard.stripe.com/test/logs/req_DSxW7bEfwMlzif?t=1738588905',","metadata":{"emulator":{"name":"functions"},"function":{"name":"us-central1-api"},"extension":{},"message":"\u001b[90m> \u001b[39m     request_log_url: 'https://dashboard.stripe.com/test/logs/req_DSxW7bEfwMlzif?t=1738588905',"}}
[info] >      type: 'invalid_request_error', {"user":"    type: 'invalid_request_error',","metadata":{"emulator":{"name":"functions"},"function":{"name":"us-central1-api"},"extension":{},"message":"\u001b[90m> \u001b[39m     type: 'invalid_request_error',"}}
[info] >      headers: { {"user":"    headers: {","metadata":{"emulator":{"name":"functions"},"function":{"name":"us-central1-api"},"extension":{},"message":"\u001b[90m> \u001b[39m     headers: {"}}
[info] >        server: 'nginx', {"user":"      server: 'nginx',","metadata":{"emulator":{"name":"functions"},"function":{"name":"us-central1-api"},"extension":{},"message":"\u001b[90m> \u001b[39m       server: 'nginx',"}}
[info] >        date: 'Mon, 03 Feb 2025 13:21:45 GMT', {"user":"      date: 'Mon, 03 Feb 2025 13:21:45 GMT',","metadata":{"emulator":{"name":"functions"},"function":{"name":"us-central1-api"},"extension":{},"message":"\u001b[90m> \u001b[39m       date: 'Mon, 03 Feb 2025 13:21:45 GMT',"}}
[info] >        'content-type': 'application/json', {"user":"      'content-type': 'application/json',","metadata":{"emulator":{"name":"functions"},"function":{"name":"us-central1-api"},"extension":{},"message":"\u001b[90m> \u001b[39m       'content-type': 'application/json',"}}
[info] >        'content-length': '663', {"user":"      'content-length': '663',","metadata":{"emulator":{"name":"functions"},"function":{"name":"us-central1-api"},"extension":{},"message":"\u001b[90m> \u001b[39m       'content-length': '663',"}}
[info] >        connection: 'keep-alive', {"user":"      connection: 'keep-alive',","metadata":{"emulator":{"name":"functions"},"function":{"name":"us-central1-api"},"extension":{},"message":"\u001b[90m> \u001b[39m       connection: 'keep-alive',"}}
[info] >        'access-control-allow-credentials': 'true', {"user":"      'access-control-allow-credentials': 'true',","metadata":{"emulator":{"name":"functions"},"function":{"name":"us-central1-api"},"extension":{},"message":"\u001b[90m> \u001b[39m       'access-control-allow-credentials': 'true',"}}
[info] >        'access-control-allow-methods': 'GET, HEAD, PUT, PATCH, POST, DELETE', {"user":"      'access-control-allow-methods': 'GET, HEAD, PUT, PATCH, POST, DELETE',","metadata":{"emulator":{"name":"functions"},"function":{"name":"us-central1-api"},"extension":{},"message":"\u001b[90m> \u001b[39m       'access-control-allow-methods': 'GET, HEAD, PUT, PATCH, POST, DELETE',"}}
[info] >        'access-control-allow-origin': '*', {"user":"      'access-control-allow-origin': '*',","metadata":{"emulator":{"name":"functions"},"function":{"name":"us-central1-api"},"extension":{},"message":"\u001b[90m> \u001b[39m       'access-control-allow-origin': '*',"}}
[info] >        'access-control-expose-headers': 'Request-Id, Stripe-Manage-Version, Stripe-Should-Retry, X-Stripe-External-Auth-Required, X-Stripe-Privileged-Session-Required', {"user":"      'access-control-expose-headers': 'Request-Id, Stripe-Manage-Version, Stripe-Should-Retry, X-Stripe-External-Auth-Required, X-Stripe-Privileged-Session-Required',","metadata":{"emulator":{"name":"functions"},"function":{"name":"us-central1-api"},"extension":{},"message":"\u001b[90m> \u001b[39m       'access-control-expose-headers': 'Request-Id, Stripe-Manage-Version, Stripe-Should-Retry, X-Stripe-External-Auth-Required, X-Stripe-Privileged-Session-Required',"}}
[info] >        'access-control-max-age': '300', {"user":"      'access-control-max-age': '300',","metadata":{"emulator":{"name":"functions"},"function":{"name":"us-central1-api"},"extension":{},"message":"\u001b[90m> \u001b[39m       'access-control-max-age': '300',"}}
[info] >        'cache-control': 'no-cache, no-store', {"user":"      'cache-control': 'no-cache, no-store',","metadata":{"emulator":{"name":"functions"},"function":{"name":"us-central1-api"},"extension":{},"message":"\u001b[90m> \u001b[39m       'cache-control': 'no-cache, no-store',"}}
[info] >        'content-security-policy': "base-uri 'none'; default-src 'none'; form-action 'none'; frame-ancestors 'none'; img-src 'self'; script-src 'self' 'report-sample'; style-src 'self'; upgrade-insecure-requests; report-uri https://q.stripe.com/csp-violation?q=Whtv_XU37l1bMF_rDc-HWivnL-p_KnzhkpbnietuhTF_BYHLEOTas00P1Ro_eJm1edpjVsmjf5rz54jl", {"user":"      'content-security-policy': \"base-uri 'none'; default-src 'none'; form-action 'none'; frame-ancestors 'none'; img-src 'self'; script-src 'self' 'report-sample'; style-src 'self'; upgrade-insecure-requests; report-uri https://q.stripe.com/csp-violation?q=Whtv_XU37l1bMF_rDc-HWivnL-p_KnzhkpbnietuhTF_BYHLEOTas00P1Ro_eJm1edpjVsmjf5rz54jl\",","metadata":{"emulator":{"name":"functions"},"function":{"name":"us-central1-api"},"extension":{},"message":"\u001b[90m> \u001b[39m       'content-security-policy': \"base-uri 'none'; default-src 'none'; form-action 'none'; frame-ancestors 'none'; img-src 'self'; script-src 'self' 'report-sample'; style-src 'self'; upgrade-insecure-requests; report-uri https://q.stripe.com/csp-violation?q=Whtv_XU37l1bMF_rDc-HWivnL-p_KnzhkpbnietuhTF_BYHLEOTas00P1Ro_eJm1edpjVsmjf5rz54jl\","}}
[info] >        'cross-origin-opener-policy-report-only': 'same-origin; report-to="coop"', {"user":"      'cross-origin-opener-policy-report-only': 'same-origin; report-to=\"coop\"',","metadata":{"emulator":{"name":"functions"},"function":{"name":"us-central1-api"},"extension":{},"message":"\u001b[90m> \u001b[39m       'cross-origin-opener-policy-report-only': 'same-origin; report-to=\"coop\"',"}}
[info] >        'idempotency-key': 'stripe-node-retry-a40c10fd-7a70-40ce-931c-4cb6040a02ed', {"user":"      'idempotency-key': 'stripe-node-retry-a40c10fd-7a70-40ce-931c-4cb6040a02ed',","metadata":{"emulator":{"name":"functions"},"function":{"name":"us-central1-api"},"extension":{},"message":"\u001b[90m> \u001b[39m       'idempotency-key': 'stripe-node-retry-a40c10fd-7a70-40ce-931c-4cb6040a02ed',"}}
[info] >        'original-request': 'req_DSxW7bEfwMlzif', {"user":"      'original-request': 'req_DSxW7bEfwMlzif',","metadata":{"emulator":{"name":"functions"},"function":{"name":"us-central1-api"},"extension":{},"message":"\u001b[90m> \u001b[39m       'original-request': 'req_DSxW7bEfwMlzif',"}}
[info] >        'report-to': '{"group":"coop","max_age":8640,"endpoints":[{"url":"https://q.stripe.com/coop-report"}],"include_subdomains":true}', {"user":"      'report-to': '{\"group\":\"coop\",\"max_age\":8640,\"endpoints\":[{\"url\":\"https://q.stripe.com/coop-report\"}],\"include_subdomains\":true}',","metadata":{"emulator":{"name":"functions"},"function":{"name":"us-central1-api"},"extension":{},"message":"\u001b[90m> \u001b[39m       'report-to': '{\"group\":\"coop\",\"max_age\":8640,\"endpoints\":[{\"url\":\"https://q.stripe.com/coop-report\"}],\"include_subdomains\":true}',"}}
[info] >        'reporting-endpoints': 'coop="https://q.stripe.com/coop-report"', {"user":"      'reporting-endpoints': 'coop=\"https://q.stripe.com/coop-report\"',","metadata":{"emulator":{"name":"functions"},"function":{"name":"us-central1-api"},"extension":{},"message":"\u001b[90m> \u001b[39m       'reporting-endpoints': 'coop=\"https://q.stripe.com/coop-report\"',"}}
[info] >        'request-id': 'req_DSxW7bEfwMlzif', {"user":"      'request-id': 'req_DSxW7bEfwMlzif',","metadata":{"emulator":{"name":"functions"},"function":{"name":"us-central1-api"},"extension":{},"message":"\u001b[90m> \u001b[39m       'request-id': 'req_DSxW7bEfwMlzif',"}}
[info] >        'stripe-version': '2025-01-27.acacia', {"user":"      'stripe-version': '2025-01-27.acacia',","metadata":{"emulator":{"name":"functions"},"function":{"name":"us-central1-api"},"extension":{},"message":"\u001b[90m> \u001b[39m       'stripe-version': '2025-01-27.acacia',"}}
[info] >        vary: 'Origin', {"user":"      vary: 'Origin',","metadata":{"emulator":{"name":"functions"},"function":{"name":"us-central1-api"},"extension":{},"message":"\u001b[90m> \u001b[39m       vary: 'Origin',"}}
[info] >        'x-stripe-priority-routing-enabled': 'true', {"user":"      'x-stripe-priority-routing-enabled': 'true',","metadata":{"emulator":{"name":"functions"},"function":{"name":"us-central1-api"},"extension":{},"message":"\u001b[90m> \u001b[39m       'x-stripe-priority-routing-enabled': 'true',"}}
[info] >        'x-stripe-routing-context-priority-tier': 'api-testmode', {"user":"      'x-stripe-routing-context-priority-tier': 'api-testmode',","metadata":{"emulator":{"name":"functions"},"function":{"name":"us-central1-api"},"extension":{},"message":"\u001b[90m> \u001b[39m       'x-stripe-routing-context-priority-tier': 'api-testmode',"}}
[info] >        'x-wc': 'AB', {"user":"      'x-wc': 'AB',","metadata":{"emulator":{"name":"functions"},"function":{"name":"us-central1-api"},"extension":{},"message":"\u001b[90m> \u001b[39m       'x-wc': 'AB',"}}
[info] >        'strict-transport-security': 'max-age=63072000; includeSubDomains; preload' {"user":"      'strict-transport-security': 'max-age=63072000; includeSubDomains; preload'","metadata":{"emulator":{"name":"functions"},"function":{"name":"us-central1-api"},"extension":{},"message":"\u001b[90m> \u001b[39m       'strict-transport-security': 'max-age=63072000; includeSubDomains; preload'"}}
[info] >      }, {"user":"    },","metadata":{"emulator":{"name":"functions"},"function":{"name":"us-central1-api"},"extension":{},"message":"\u001b[90m> \u001b[39m     },"}}
[info] >      statusCode: 400, {"user":"    statusCode: 400,","metadata":{"emulator":{"name":"functions"},"function":{"name":"us-central1-api"},"extension":{},"message":"\u001b[90m> \u001b[39m     statusCode: 400,"}}
[info] >      requestId: 'req_DSxW7bEfwMlzif' {"user":"    requestId: 'req_DSxW7bEfwMlzif'","metadata":{"emulator":{"name":"functions"},"function":{"name":"us-central1-api"},"extension":{},"message":"\u001b[90m> \u001b[39m     requestId: 'req_DSxW7bEfwMlzif'"}}
[info] >    }, {"user":"  },","metadata":{"emulator":{"name":"functions"},"function":{"name":"us-central1-api"},"extension":{},"message":"\u001b[90m> \u001b[39m   },"}}
[info] >    rawType: 'invalid_request_error', {"user":"  rawType: 'invalid_request_error',","metadata":{"emulator":{"name":"functions"},"function":{"name":"us-central1-api"},"extension":{},"message":"\u001b[90m> \u001b[39m   rawType: 'invalid_request_error',"}}
[info] >    code: 'parameter_invalid_integer', {"user":"  code: 'parameter_invalid_integer',","metadata":{"emulator":{"name":"functions"},"function":{"name":"us-central1-api"},"extension":{},"message":"\u001b[90m> \u001b[39m   code: 'parameter_invalid_integer',"}}
[info] >    doc_url: 'https://stripe.com/docs/error-codes/parameter-invalid-integer', {"user":"  doc_url: 'https://stripe.com/docs/error-codes/parameter-invalid-integer',","metadata":{"emulator":{"name":"functions"},"function":{"name":"us-central1-api"},"extension":{},"message":"\u001b[90m> \u001b[39m   doc_url: 'https://stripe.com/docs/error-codes/parameter-invalid-integer',"}}
[info] >    param: 'amount', {"user":"  param: 'amount',","metadata":{"emulator":{"name":"functions"},"function":{"name":"us-central1-api"},"extension":{},"message":"\u001b[90m> \u001b[39m   param: 'amount',"}}
[info] >    detail: undefined, {"user":"  detail: undefined,","metadata":{"emulator":{"name":"functions"},"function":{"name":"us-central1-api"},"extension":{},"message":"\u001b[90m> \u001b[39m   detail: undefined,"}}
[info] >    headers: { {"user":"  headers: {","metadata":{"emulator":{"name":"functions"},"function":{"name":"us-central1-api"},"extension":{},"message":"\u001b[90m> \u001b[39m   headers: {"}}
[info] >      server: 'nginx', {"user":"    server: 'nginx',","metadata":{"emulator":{"name":"functions"},"function":{"name":"us-central1-api"},"extension":{},"message":"\u001b[90m> \u001b[39m     server: 'nginx',"}}
[info] >      date: 'Mon, 03 Feb 2025 13:21:45 GMT', {"user":"    date: 'Mon, 03 Feb 2025 13:21:45 GMT',","metadata":{"emulator":{"name":"functions"},"function":{"name":"us-central1-api"},"extension":{},"message":"\u001b[90m> \u001b[39m     date: 'Mon, 03 Feb 2025 13:21:45 GMT',"}}
[info] >      'content-type': 'application/json', {"user":"    'content-type': 'application/json',","metadata":{"emulator":{"name":"functions"},"function":{"name":"us-central1-api"},"extension":{},"message":"\u001b[90m> \u001b[39m     'content-type': 'application/json',"}}
[info] >      'content-length': '663', {"user":"    'content-length': '663',","metadata":{"emulator":{"name":"functions"},"function":{"name":"us-central1-api"},"extension":{},"message":"\u001b[90m> \u001b[39m     'content-length': '663',"}}
[info] >      connection: 'keep-alive', {"user":"    connection: 'keep-alive',","metadata":{"emulator":{"name":"functions"},"function":{"name":"us-central1-api"},"extension":{},"message":"\u001b[90m> \u001b[39m     connection: 'keep-alive',"}}
[info] >      'access-control-allow-credentials': 'true', {"user":"    'access-control-allow-credentials': 'true',","metadata":{"emulator":{"name":"functions"},"function":{"name":"us-central1-api"},"extension":{},"message":"\u001b[90m> \u001b[39m     'access-control-allow-credentials': 'true',"}}
[info] >      'access-control-allow-methods': 'GET, HEAD, PUT, PATCH, POST, DELETE', {"user":"    'access-control-allow-methods': 'GET, HEAD, PUT, PATCH, POST, DELETE',","metadata":{"emulator":{"name":"functions"},"function":{"name":"us-central1-api"},"extension":{},"message":"\u001b[90m> \u001b[39m     'access-control-allow-methods': 'GET, HEAD, PUT, PATCH, POST, DELETE',"}}
[info] >      'access-control-allow-origin': '*', {"user":"    'access-control-allow-origin': '*',","metadata":{"emulator":{"name":"functions"},"function":{"name":"us-central1-api"},"extension":{},"message":"\u001b[90m> \u001b[39m     'access-control-allow-origin': '*',"}}
[info] >      'access-control-expose-headers': 'Request-Id, Stripe-Manage-Version, Stripe-Should-Retry, X-Stripe-External-Auth-Required, X-Stripe-Privileged-Session-Required', {"user":"    'access-control-expose-headers': 'Request-Id, Stripe-Manage-Version, Stripe-Should-Retry, X-Stripe-External-Auth-Required, X-Stripe-Privileged-Session-Required',","metadata":{"emulator":{"name":"functions"},"function":{"name":"us-central1-api"},"extension":{},"message":"\u001b[90m> \u001b[39m     'access-control-expose-headers': 'Request-Id, Stripe-Manage-Version, Stripe-Should-Retry, X-Stripe-External-Auth-Required, X-Stripe-Privileged-Session-Required',"}}
[info] >      'access-control-max-age': '300', {"user":"    'access-control-max-age': '300',","metadata":{"emulator":{"name":"functions"},"function":{"name":"us-central1-api"},"extension":{},"message":"\u001b[90m> \u001b[39m     'access-control-max-age': '300',"}}
[info] >      'cache-control': 'no-cache, no-store', {"user":"    'cache-control': 'no-cache, no-store',","metadata":{"emulator":{"name":"functions"},"function":{"name":"us-central1-api"},"extension":{},"message":"\u001b[90m> \u001b[39m     'cache-control': 'no-cache, no-store',"}}
[info] >      'content-security-policy': "base-uri 'none'; default-src 'none'; form-action 'none'; frame-ancestors 'none'; img-src 'self'; script-src 'self' 'report-sample'; style-src 'self'; upgrade-insecure-requests; report-uri https://q.stripe.com/csp-violation?q=Whtv_XU37l1bMF_rDc-HWivnL-p_KnzhkpbnietuhTF_BYHLEOTas00P1Ro_eJm1edpjVsmjf5rz54jl", {"user":"    'content-security-policy': \"base-uri 'none'; default-src 'none'; form-action 'none'; frame-ancestors 'none'; img-src 'self'; script-src 'self' 'report-sample'; style-src 'self'; upgrade-insecure-requests; report-uri https://q.stripe.com/csp-violation?q=Whtv_XU37l1bMF_rDc-HWivnL-p_KnzhkpbnietuhTF_BYHLEOTas00P1Ro_eJm1edpjVsmjf5rz54jl\",","metadata":{"emulator":{"name":"functions"},"function":{"name":"us-central1-api"},"extension":{},"message":"\u001b[90m> \u001b[39m     'content-security-policy': \"base-uri 'none'; default-src 'none'; form-action 'none'; frame-ancestors 'none'; img-src 'self'; script-src 'self' 'report-sample'; style-src 'self'; upgrade-insecure-requests; report-uri https://q.stripe.com/csp-violation?q=Whtv_XU37l1bMF_rDc-HWivnL-p_KnzhkpbnietuhTF_BYHLEOTas00P1Ro_eJm1edpjVsmjf5rz54jl\","}}
[info] >      'cross-origin-opener-policy-report-only': 'same-origin; report-to="coop"', {"user":"    'cross-origin-opener-policy-report-only': 'same-origin; report-to=\"coop\"',","metadata":{"emulator":{"name":"functions"},"function":{"name":"us-central1-api"},"extension":{},"message":"\u001b[90m> \u001b[39m     'cross-origin-opener-policy-report-only': 'same-origin; report-to=\"coop\"',"}}
[info] >      'idempotency-key': 'stripe-node-retry-a40c10fd-7a70-40ce-931c-4cb6040a02ed', {"user":"    'idempotency-key': 'stripe-node-retry-a40c10fd-7a70-40ce-931c-4cb6040a02ed',","metadata":{"emulator":{"name":"functions"},"function":{"name":"us-central1-api"},"extension":{},"message":"\u001b[90m> \u001b[39m     'idempotency-key': 'stripe-node-retry-a40c10fd-7a70-40ce-931c-4cb6040a02ed',"}}
[info] >      'original-request': 'req_DSxW7bEfwMlzif', {"user":"    'original-request': 'req_DSxW7bEfwMlzif',","metadata":{"emulator":{"name":"functions"},"function":{"name":"us-central1-api"},"extension":{},"message":"\u001b[90m> \u001b[39m     'original-request': 'req_DSxW7bEfwMlzif',"}}
[info] >      'report-to': '{"group":"coop","max_age":8640,"endpoints":[{"url":"https://q.stripe.com/coop-report"}],"include_subdomains":true}', {"user":"    'report-to': '{\"group\":\"coop\",\"max_age\":8640,\"endpoints\":[{\"url\":\"https://q.stripe.com/coop-report\"}],\"include_subdomains\":true}',","metadata":{"emulator":{"name":"functions"},"function":{"name":"us-central1-api"},"extension":{},"message":"\u001b[90m> \u001b[39m     'report-to': '{\"group\":\"coop\",\"max_age\":8640,\"endpoints\":[{\"url\":\"https://q.stripe.com/coop-report\"}],\"include_subdomains\":true}',"}}
[info] >      'reporting-endpoints': 'coop="https://q.stripe.com/coop-report"', {"user":"    'reporting-endpoints': 'coop=\"https://q.stripe.com/coop-report\"',","metadata":{"emulator":{"name":"functions"},"function":{"name":"us-central1-api"},"extension":{},"message":"\u001b[90m> \u001b[39m     'reporting-endpoints': 'coop=\"https://q.stripe.com/coop-report\"',"}}
[info] >      'request-id': 'req_DSxW7bEfwMlzif', {"user":"    'request-id': 'req_DSxW7bEfwMlzif',","metadata":{"emulator":{"name":"functions"},"function":{"name":"us-central1-api"},"extension":{},"message":"\u001b[90m> \u001b[39m     'request-id': 'req_DSxW7bEfwMlzif',"}}
[info] >      'stripe-version': '2025-01-27.acacia', {"user":"    'stripe-version': '2025-01-27.acacia',","metadata":{"emulator":{"name":"functions"},"function":{"name":"us-central1-api"},"extension":{},"message":"\u001b[90m> \u001b[39m     'stripe-version': '2025-01-27.acacia',"}}
[info] >      vary: 'Origin', {"user":"    vary: 'Origin',","metadata":{"emulator":{"name":"functions"},"function":{"name":"us-central1-api"},"extension":{},"message":"\u001b[90m> \u001b[39m     vary: 'Origin',"}}
[info] >      'x-stripe-priority-routing-enabled': 'true', {"user":"    'x-stripe-priority-routing-enabled': 'true',","metadata":{"emulator":{"name":"functions"},"function":{"name":"us-central1-api"},"extension":{},"message":"\u001b[90m> \u001b[39m     'x-stripe-priority-routing-enabled': 'true',"}}
[info] >      'x-stripe-routing-context-priority-tier': 'api-testmode', {"user":"    'x-stripe-routing-context-priority-tier': 'api-testmode',","metadata":{"emulator":{"name":"functions"},"function":{"name":"us-central1-api"},"extension":{},"message":"\u001b[90m> \u001b[39m     'x-stripe-routing-context-priority-tier': 'api-testmode',"}}
[info] >      'x-wc': 'AB', {"user":"    'x-wc': 'AB',","metadata":{"emulator":{"name":"functions"},"function":{"name":"us-central1-api"},"extension":{},"message":"\u001b[90m> \u001b[39m     'x-wc': 'AB',"}}
[info] >      'strict-transport-security': 'max-age=63072000; includeSubDomains; preload' {"user":"    'strict-transport-security': 'max-age=63072000; includeSubDomains; preload'","metadata":{"emulator":{"name":"functions"},"function":{"name":"us-central1-api"},"extension":{},"message":"\u001b[90m> \u001b[39m     'strict-transport-security': 'max-age=63072000; includeSubDomains; preload'"}}
[info] >    }, {"user":"  },","metadata":{"emulator":{"name":"functions"},"function":{"name":"us-central1-api"},"extension":{},"message":"\u001b[90m> \u001b[39m   },"}}
[info] >    requestId: 'req_DSxW7bEfwMlzif', {"user":"  requestId: 'req_DSxW7bEfwMlzif',","metadata":{"emulator":{"name":"functions"},"function":{"name":"us-central1-api"},"extension":{},"message":"\u001b[90m> \u001b[39m   requestId: 'req_DSxW7bEfwMlzif',"}}
[info] >    statusCode: 400, {"user":"  statusCode: 400,","metadata":{"emulator":{"name":"functions"},"function":{"name":"us-central1-api"},"extension":{},"message":"\u001b[90m> \u001b[39m   statusCode: 400,"}}
[info] >    userMessage: undefined, {"user":"  userMessage: undefined,","metadata":{"emulator":{"name":"functions"},"function":{"name":"us-central1-api"},"extension":{},"message":"\u001b[90m> \u001b[39m   userMessage: undefined,"}}
[info] >    charge: undefined, {"user":"  charge: undefined,","metadata":{"emulator":{"name":"functions"},"function":{"name":"us-central1-api"},"extension":{},"message":"\u001b[90m> \u001b[39m   charge: undefined,"}}
[info] >    decline_code: undefined, {"user":"  decline_code: undefined,","metadata":{"emulator":{"name":"functions"},"function":{"name":"us-central1-api"},"extension":{},"message":"\u001b[90m> \u001b[39m   decline_code: undefined,"}}
[info] >    payment_intent: undefined, {"user":"  payment_intent: undefined,","metadata":{"emulator":{"name":"functions"},"function":{"name":"us-central1-api"},"extension":{},"message":"\u001b[90m> \u001b[39m   payment_intent: undefined,"}}
[info] >    payment_method: undefined, {"user":"  payment_method: undefined,","metadata":{"emulator":{"name":"functions"},"function":{"name":"us-central1-api"},"extension":{},"message":"\u001b[90m> \u001b[39m   payment_method: undefined,"}}
[info] >    payment_method_type: undefined, {"user":"  payment_method_type: undefined,","metadata":{"emulator":{"name":"functions"},"function":{"name":"us-central1-api"},"extension":{},"message":"\u001b[90m> \u001b[39m   payment_method_type: undefined,"}}
[info] >    setup_intent: undefined, {"user":"  setup_intent: undefined,","metadata":{"emulator":{"name":"functions"},"function":{"name":"us-central1-api"},"extension":{},"message":"\u001b[90m> \u001b[39m   setup_intent: undefined,"}}
[info] >    source: undefined {"user":"  source: undefined","metadata":{"emulator":{"name":"functions"},"function":{"name":"us-central1-api"},"extension":{},"message":"\u001b[90m> \u001b[39m   source: undefined"}}
[info] >  } {"user":"}","metadata":{"emulator":{"name":"functions"},"function":{"name":"us-central1-api"},"extension":{},"message":"\u001b[90m> \u001b[39m }"}}
[debug] [2025-02-03T13:21:44.849Z] Finishing up request with event=pause {"metadata":{"emulator":{"name":"functions"},"function":{"name":"us-central1-api"},"extension":{},"message":"Finishing up request with event=pause"}}
[info] i  functions: Finished "us-central1-api" in 487.1664ms {"metadata":{"emulator":{"name":"functions"},"function":{"name":"us-central1-api"},"extension":{},"message":"Finished \"us-central1-api\" in 487.1664ms"}}
[debug] [2025-02-03T13:21:44.850Z] [worker-us-central1-api-f2df7793-dd30-4128-aa50-a5fdcf6772d2]: IDLE {"metadata":{"emulator":{"name":"functions"},"function":{"name":"us-central1-api"},"extension":{},"message":"[worker-us-central1-api-f2df7793-dd30-4128-aa50-a5fdcf6772d2]: IDLE"}}
[debug] [2025-02-03T13:21:44.850Z] Finishing up request with event=finish {"metadata":{"emulator":{"name":"functions"},"function":{"name":"us-central1-api"},"extension":{},"message":"Finishing up request with event=finish"}}
[debug] [2025-02-03T13:21:44.851Z] Finishing up request with event=close {"metadata":{"emulator":{"name":"functions"},"function":{"name":"us-central1-api"},"extension":{},"message":"Finishing up request with event=close"}}
[debug] [2025-02-03T13:21:44.851Z] [work-queue] {"queuedWork":[],"queueLength":0,"runningWork":["/novemb-f2496/us-central1/api/payments/create-2025-02-03T13:21:44.368Z"],"workRunningCount":1}
[info] >  Error creating payment intent: StripeInvalidRequestError: The amount must be greater than or equal to the minimum charge amount allowed for your account and the currency set (https://docs.stripe.com/currencies#minimum-and-maximum-charge-amounts).  If you want to save a Payment Method for future use without an immediate payment, use a Setup Intent instead: https://docs.stripe.com/payments/setup-intents {"user":"Error creating payment intent: StripeInvalidRequestError: The amount must be greater than or equal to the minimum charge amount allowed for your account and the currency set (https://docs.stripe.com/currencies#minimum-and-maximum-charge-amounts).  If you want to save a Payment Method for future use without an immediate payment, use a Setup Intent instead: https://docs.stripe.com/payments/setup-intents","metadata":{"emulator":{"name":"functions"},"function":{"name":"us-central1-api"},"extension":{},"message":"\u001b[90m> \u001b[39m Error creating payment intent: StripeInvalidRequestError: The amount must be greater than or equal to the minimum charge amount allowed for your account and the currency set (https://docs.stripe.com/currencies#minimum-and-maximum-charge-amounts).  If you want to save a Payment Method for future use without an immediate payment, use a Setup Intent instead: https://docs.stripe.com/payments/setup-intents"}}
[info] >      at generateV1Error (C:\Users\sata\OneDrive\Desktop\phase-1\phase-5\Amazon-clone-2024\amazon-clone\functions\node_modules\stripe\cjs\Error.js:11:20) {"user":"    at generateV1Error (C:\\Users\\sata\\OneDrive\\Desktop\\phase-1\\phase-5\\Amazon-clone-2024\\amazon-clone\\functions\\node_modules\\stripe\\cjs\\Error.js:11:20)","metadata":{"emulator":{"name":"functions"},"function":{"name":"us-central1-api"},"extension":{},"message":"\u001b[90m> \u001b[39m     at generateV1Error (C:\\Users\\sata\\OneDrive\\Desktop\\phase-1\\phase-5\\Amazon-clone-2024\\amazon-clone\\functions\\node_modules\\stripe\\cjs\\Error.js:11:20)"}}
[info] >      at res.toJSON.then.Error_js_1.StripeAPIError.message (C:\Users\sata\OneDrive\Desktop\phase-1\phase-5\Amazon-clone-2024\amazon-clone\functions\node_modules\stripe\cjs\RequestSender.js:108:62) {"user":"    at res.toJSON.then.Error_js_1.StripeAPIError.message (C:\\Users\\sata\\OneDrive\\Desktop\\phase-1\\phase-5\\Amazon-clone-2024\\amazon-clone\\functions\\node_modules\\stripe\\cjs\\RequestSender.js:108:62)","metadata":{"emulator":{"name":"functions"},"function":{"name":"us-central1-api"},"extension":{},"message":"\u001b[90m> \u001b[39m     at res.toJSON.then.Error_js_1.StripeAPIError.message (C:\\Users\\sata\\OneDrive\\Desktop\\phase-1\\phase-5\\Amazon-clone-2024\\amazon-clone\\functions\\node_modules\\stripe\\cjs\\RequestSender.js:108:62)"}}
[info] >      at process.processTicksAndRejections (node:internal/process/task_queues:95:5) { {"user":"    at process.processTicksAndRejections (node:internal/process/task_queues:95:5) {","metadata":{"emulator":{"name":"functions"},"function":{"name":"us-central1-api"},"extension":{},"message":"\u001b[90m> \u001b[39m     at process.processTicksAndRejections (node:internal/process/task_queues:95:5) {"}}
[info] >    type: 'StripeInvalidRequestError', {"user":"  type: 'StripeInvalidRequestError',","metadata":{"emulator":{"name":"functions"},"function":{"name":"us-central1-api"},"extension":{},"message":"\u001b[90m> \u001b[39m   type: 'StripeInvalidRequestError',"}}
[info] >    raw: { {"user":"  raw: {","metadata":{"emulator":{"name":"functions"},"function":{"name":"us-central1-api"},"extension":{},"message":"\u001b[90m> \u001b[39m   raw: {"}}
[info] >      code: 'parameter_invalid_integer', {"user":"    code: 'parameter_invalid_integer',","metadata":{"emulator":{"name":"functions"},"function":{"name":"us-central1-api"},"extension":{},"message":"\u001b[90m> \u001b[39m     code: 'parameter_invalid_integer',"}}
[info] >      doc_url: 'https://stripe.com/docs/error-codes/parameter-invalid-integer', {"user":"    doc_url: 'https://stripe.com/docs/error-codes/parameter-invalid-integer',","metadata":{"emulator":{"name":"functions"},"function":{"name":"us-central1-api"},"extension":{},"message":"\u001b[90m> \u001b[39m     doc_url: 'https://stripe.com/docs/error-codes/parameter-invalid-integer',"}}
[info] >      message: 'The amount must be greater than or equal to the minimum charge amount allowed for your account and the currency set (https://docs.stripe.com/currencies#minimum-and-maximum-charge-amounts).  If you want to save a Payment Method for future use without an immediate payment, use a Setup Intent instead: https://docs.stripe.com/payments/setup-intents', {"user":"    message: 'The amount must be greater than or equal to the minimum charge amount allowed for your account and the currency set (https://docs.stripe.com/currencies#minimum-and-maximum-charge-amounts).  If you want to save a Payment Method for future use without an immediate payment, use a Setup Intent instead: https://docs.stripe.com/payments/setup-intents',","metadata":{"emulator":{"name":"functions"},"function":{"name":"us-central1-api"},"extension":{},"message":"\u001b[90m> \u001b[39m     message: 'The amount must be greater than or equal to the minimum charge amount allowed for your account and the currency set (https://docs.stripe.com/currencies#minimum-and-maximum-charge-amounts).  If you want to save a Payment Method for future use without an immediate payment, use a Setup Intent instead: https://docs.stripe.com/payments/setup-intents',"}}
[info] >      param: 'amount', {"user":"    param: 'amount',","metadata":{"emulator":{"name":"functions"},"function":{"name":"us-central1-api"},"extension":{},"message":"\u001b[90m> \u001b[39m     param: 'amount',"}}
[info] >      request_log_url: 'https://dashboard.stripe.com/test/logs/req_MzNaq40g9WnyU6?t=1738588905', {"user":"    request_log_url: 'https://dashboard.stripe.com/test/logs/req_MzNaq40g9WnyU6?t=1738588905',","metadata":{"emulator":{"name":"functions"},"function":{"name":"us-central1-api"},"extension":{},"message":"\u001b[90m> \u001b[39m     request_log_url: 'https://dashboard.stripe.com/test/logs/req_MzNaq40g9WnyU6?t=1738588905',"}}
[info] >      type: 'invalid_request_error', {"user":"    type: 'invalid_request_error',","metadata":{"emulator":{"name":"functions"},"function":{"name":"us-central1-api"},"extension":{},"message":"\u001b[90m> \u001b[39m     type: 'invalid_request_error',"}}
[info] >      headers: { {"user":"    headers: {","metadata":{"emulator":{"name":"functions"},"function":{"name":"us-central1-api"},"extension":{},"message":"\u001b[90m> \u001b[39m     headers: {"}}
[info] >        server: 'nginx', {"user":"      server: 'nginx',","metadata":{"emulator":{"name":"functions"},"function":{"name":"us-central1-api"},"extension":{},"message":"\u001b[90m> \u001b[39m       server: 'nginx',"}}
[info] >        date: 'Mon, 03 Feb 2025 13:21:45 GMT', {"user":"      date: 'Mon, 03 Feb 2025 13:21:45 GMT',","metadata":{"emulator":{"name":"functions"},"function":{"name":"us-central1-api"},"extension":{},"message":"\u001b[90m> \u001b[39m       date: 'Mon, 03 Feb 2025 13:21:45 GMT',"}}
[info] >        'content-type': 'application/json', {"user":"      'content-type': 'application/json',","metadata":{"emulator":{"name":"functions"},"function":{"name":"us-central1-api"},"extension":{},"message":"\u001b[90m> \u001b[39m       'content-type': 'application/json',"}}
[info] >        'content-length': '663', {"user":"      'content-length': '663',","metadata":{"emulator":{"name":"functions"},"function":{"name":"us-central1-api"},"extension":{},"message":"\u001b[90m> \u001b[39m       'content-length': '663',"}}
[info] >        connection: 'keep-alive', {"user":"      connection: 'keep-alive',","metadata":{"emulator":{"name":"functions"},"function":{"name":"us-central1-api"},"extension":{},"message":"\u001b[90m> \u001b[39m       connection: 'keep-alive',"}}
[info] >        'access-control-allow-credentials': 'true', {"user":"      'access-control-allow-credentials': 'true',","metadata":{"emulator":{"name":"functions"},"function":{"name":"us-central1-api"},"extension":{},"message":"\u001b[90m> \u001b[39m       'access-control-allow-credentials': 'true',"}}
[info] >        'access-control-allow-methods': 'GET, HEAD, PUT, PATCH, POST, DELETE', {"user":"      'access-control-allow-methods': 'GET, HEAD, PUT, PATCH, POST, DELETE',","metadata":{"emulator":{"name":"functions"},"function":{"name":"us-central1-api"},"extension":{},"message":"\u001b[90m> \u001b[39m       'access-control-allow-methods': 'GET, HEAD, PUT, PATCH, POST, DELETE',"}}
[info] >        'access-control-allow-origin': '*', {"user":"      'access-control-allow-origin': '*',","metadata":{"emulator":{"name":"functions"},"function":{"name":"us-central1-api"},"extension":{},"message":"\u001b[90m> \u001b[39m       'access-control-allow-origin': '*',"}}
[info] >        'access-control-expose-headers': 'Request-Id, Stripe-Manage-Version, Stripe-Should-Retry, X-Stripe-External-Auth-Required, X-Stripe-Privileged-Session-Required', {"user":"      'access-control-expose-headers': 'Request-Id, Stripe-Manage-Version, Stripe-Should-Retry, X-Stripe-External-Auth-Required, X-Stripe-Privileged-Session-Required',","metadata":{"emulator":{"name":"functions"},"function":{"name":"us-central1-api"},"extension":{},"message":"\u001b[90m> \u001b[39m       'access-control-expose-headers': 'Request-Id, Stripe-Manage-Version, Stripe-Should-Retry, X-Stripe-External-Auth-Required, X-Stripe-Privileged-Session-Required',"}}
[info] >        'access-control-max-age': '300', {"user":"      'access-control-max-age': '300',","metadata":{"emulator":{"name":"functions"},"function":{"name":"us-central1-api"},"extension":{},"message":"\u001b[90m> \u001b[39m       'access-control-max-age': '300',"}}
[info] >        'cache-control': 'no-cache, no-store', {"user":"      'cache-control': 'no-cache, no-store',","metadata":{"emulator":{"name":"functions"},"function":{"name":"us-central1-api"},"extension":{},"message":"\u001b[90m> \u001b[39m       'cache-control': 'no-cache, no-store',"}}
[info] >        'content-security-policy': "base-uri 'none'; default-src 'none'; form-action 'none'; frame-ancestors 'none'; img-src 'self'; script-src 'self' 'report-sample'; style-src 'self'; upgrade-insecure-requests; report-uri https://q.stripe.com/csp-violation?q=Q5-160jIz1cpxU_WcLY9_winv5elZXMxkMJp1vMsWLGaZHU8B3cRHTICNIPygLXxhm4MSrD_YTPrmXS3", {"user":"      'content-security-policy': \"base-uri 'none'; default-src 'none'; form-action 'none'; frame-ancestors 'none'; img-src 'self'; script-src 'self' 'report-sample'; style-src 'self'; upgrade-insecure-requests; report-uri https://q.stripe.com/csp-violation?q=Q5-160jIz1cpxU_WcLY9_winv5elZXMxkMJp1vMsWLGaZHU8B3cRHTICNIPygLXxhm4MSrD_YTPrmXS3\",","metadata":{"emulator":{"name":"functions"},"function":{"name":"us-central1-api"},"extension":{},"message":"\u001b[90m> \u001b[39m       'content-security-policy': \"base-uri 'none'; default-src 'none'; form-action 'none'; frame-ancestors 'none'; img-src 'self'; script-src 'self' 'report-sample'; style-src 'self'; upgrade-insecure-requests; report-uri https://q.stripe.com/csp-violation?q=Q5-160jIz1cpxU_WcLY9_winv5elZXMxkMJp1vMsWLGaZHU8B3cRHTICNIPygLXxhm4MSrD_YTPrmXS3\","}}
[info] >        'cross-origin-opener-policy-report-only': 'same-origin; report-to="coop"', {"user":"      'cross-origin-opener-policy-report-only': 'same-origin; report-to=\"coop\"',","metadata":{"emulator":{"name":"functions"},"function":{"name":"us-central1-api"},"extension":{},"message":"\u001b[90m> \u001b[39m       'cross-origin-opener-policy-report-only': 'same-origin; report-to=\"coop\"',"}}
[info] >        'idempotency-key': 'stripe-node-retry-fc46f0ff-149c-49ce-8ed2-35d10329db9e', {"user":"      'idempotency-key': 'stripe-node-retry-fc46f0ff-149c-49ce-8ed2-35d10329db9e',","metadata":{"emulator":{"name":"functions"},"function":{"name":"us-central1-api"},"extension":{},"message":"\u001b[90m> \u001b[39m       'idempotency-key': 'stripe-node-retry-fc46f0ff-149c-49ce-8ed2-35d10329db9e',"}}
[info] >        'original-request': 'req_MzNaq40g9WnyU6', {"user":"      'original-request': 'req_MzNaq40g9WnyU6',","metadata":{"emulator":{"name":"functions"},"function":{"name":"us-central1-api"},"extension":{},"message":"\u001b[90m> \u001b[39m       'original-request': 'req_MzNaq40g9WnyU6',"}}
[info] >        'report-to': '{"group":"coop","max_age":8640,"endpoints":[{"url":"https://q.stripe.com/coop-report"}],"include_subdomains":true}', {"user":"      'report-to': '{\"group\":\"coop\",\"max_age\":8640,\"endpoints\":[{\"url\":\"https://q.stripe.com/coop-report\"}],\"include_subdomains\":true}',","metadata":{"emulator":{"name":"functions"},"function":{"name":"us-central1-api"},"extension":{},"message":"\u001b[90m> \u001b[39m       'report-to': '{\"group\":\"coop\",\"max_age\":8640,\"endpoints\":[{\"url\":\"https://q.stripe.com/coop-report\"}],\"include_subdomains\":true}',"}}
[info] >        'reporting-endpoints': 'coop="https://q.stripe.com/coop-report"', {"user":"      'reporting-endpoints': 'coop=\"https://q.stripe.com/coop-report\"',","metadata":{"emulator":{"name":"functions"},"function":{"name":"us-central1-api"},"extension":{},"message":"\u001b[90m> \u001b[39m       'reporting-endpoints': 'coop=\"https://q.stripe.com/coop-report\"',"}}
[info] >        'request-id': 'req_MzNaq40g9WnyU6', {"user":"      'request-id': 'req_MzNaq40g9WnyU6',","metadata":{"emulator":{"name":"functions"},"function":{"name":"us-central1-api"},"extension":{},"message":"\u001b[90m> \u001b[39m       'request-id': 'req_MzNaq40g9WnyU6',"}}
[info] >        'stripe-version': '2025-01-27.acacia', {"user":"      'stripe-version': '2025-01-27.acacia',","metadata":{"emulator":{"name":"functions"},"function":{"name":"us-central1-api"},"extension":{},"message":"\u001b[90m> \u001b[39m       'stripe-version': '2025-01-27.acacia',"}}
[info] >        vary: 'Origin', {"user":"      vary: 'Origin',","metadata":{"emulator":{"name":"functions"},"function":{"name":"us-central1-api"},"extension":{},"message":"\u001b[90m> \u001b[39m       vary: 'Origin',"}}
[info] >        'x-stripe-priority-routing-enabled': 'true', {"user":"      'x-stripe-priority-routing-enabled': 'true',","metadata":{"emulator":{"name":"functions"},"function":{"name":"us-central1-api"},"extension":{},"message":"\u001b[90m> \u001b[39m       'x-stripe-priority-routing-enabled': 'true',"}}
[info] >        'x-stripe-routing-context-priority-tier': 'api-testmode', {"user":"      'x-stripe-routing-context-priority-tier': 'api-testmode',","metadata":{"emulator":{"name":"functions"},"function":{"name":"us-central1-api"},"extension":{},"message":"\u001b[90m> \u001b[39m       'x-stripe-routing-context-priority-tier': 'api-testmode',"}}
[info] >        'x-wc': 'AB', {"user":"      'x-wc': 'AB',","metadata":{"emulator":{"name":"functions"},"function":{"name":"us-central1-api"},"extension":{},"message":"\u001b[90m> \u001b[39m       'x-wc': 'AB',"}}
[info] >        'strict-transport-security': 'max-age=63072000; includeSubDomains; preload' {"user":"      'strict-transport-security': 'max-age=63072000; includeSubDomains; preload'","metadata":{"emulator":{"name":"functions"},"function":{"name":"us-central1-api"},"extension":{},"message":"\u001b[90m> \u001b[39m       'strict-transport-security': 'max-age=63072000; includeSubDomains; preload'"}}
[info] >      }, {"user":"    },","metadata":{"emulator":{"name":"functions"},"function":{"name":"us-central1-api"},"extension":{},"message":"\u001b[90m> \u001b[39m     },"}}
[info] >      statusCode: 400, {"user":"    statusCode: 400,","metadata":{"emulator":{"name":"functions"},"function":{"name":"us-central1-api"},"extension":{},"message":"\u001b[90m> \u001b[39m     statusCode: 400,"}}
[info] >      requestId: 'req_MzNaq40g9WnyU6' {"user":"    requestId: 'req_MzNaq40g9WnyU6'","metadata":{"emulator":{"name":"functions"},"function":{"name":"us-central1-api"},"extension":{},"message":"\u001b[90m> \u001b[39m     requestId: 'req_MzNaq40g9WnyU6'"}}
[info] >    }, {"user":"  },","metadata":{"emulator":{"name":"functions"},"function":{"name":"us-central1-api"},"extension":{},"message":"\u001b[90m> \u001b[39m   },"}}
[info] >    rawType: 'invalid_request_error', {"user":"  rawType: 'invalid_request_error',","metadata":{"emulator":{"name":"functions"},"function":{"name":"us-central1-api"},"extension":{},"message":"\u001b[90m> \u001b[39m   rawType: 'invalid_request_error',"}}
[info] >    code: 'parameter_invalid_integer', {"user":"  code: 'parameter_invalid_integer',","metadata":{"emulator":{"name":"functions"},"function":{"name":"us-central1-api"},"extension":{},"message":"\u001b[90m> \u001b[39m   code: 'parameter_invalid_integer',"}}
[info] >    doc_url: 'https://stripe.com/docs/error-codes/parameter-invalid-integer', {"user":"  doc_url: 'https://stripe.com/docs/error-codes/parameter-invalid-integer',","metadata":{"emulator":{"name":"functions"},"function":{"name":"us-central1-api"},"extension":{},"message":"\u001b[90m> \u001b[39m   doc_url: 'https://stripe.com/docs/error-codes/parameter-invalid-integer',"}}
[info] >    param: 'amount', {"user":"  param: 'amount',","metadata":{"emulator":{"name":"functions"},"function":{"name":"us-central1-api"},"extension":{},"message":"\u001b[90m> \u001b[39m   param: 'amount',"}}
[info] >    detail: undefined, {"user":"  detail: undefined,","metadata":{"emulator":{"name":"functions"},"function":{"name":"us-central1-api"},"extension":{},"message":"\u001b[90m> \u001b[39m   detail: undefined,"}}
[info] >    headers: { {"user":"  headers: {","metadata":{"emulator":{"name":"functions"},"function":{"name":"us-central1-api"},"extension":{},"message":"\u001b[90m> \u001b[39m   headers: {"}}
[info] >      server: 'nginx', {"user":"    server: 'nginx',","metadata":{"emulator":{"name":"functions"},"function":{"name":"us-central1-api"},"extension":{},"message":"\u001b[90m> \u001b[39m     server: 'nginx',"}}
[info] >      date: 'Mon, 03 Feb 2025 13:21:45 GMT', {"user":"    date: 'Mon, 03 Feb 2025 13:21:45 GMT',","metadata":{"emulator":{"name":"functions"},"function":{"name":"us-central1-api"},"extension":{},"message":"\u001b[90m> \u001b[39m     date: 'Mon, 03 Feb 2025 13:21:45 GMT',"}}
[info] >      'content-type': 'application/json', {"user":"    'content-type': 'application/json',","metadata":{"emulator":{"name":"functions"},"function":{"name":"us-central1-api"},"extension":{},"message":"\u001b[90m> \u001b[39m     'content-type': 'application/json',"}}
[info] >      'content-length': '663', {"user":"    'content-length': '663',","metadata":{"emulator":{"name":"functions"},"function":{"name":"us-central1-api"},"extension":{},"message":"\u001b[90m> \u001b[39m     'content-length': '663',"}}
[info] >      connection: 'keep-alive', {"user":"    connection: 'keep-alive',","metadata":{"emulator":{"name":"functions"},"function":{"name":"us-central1-api"},"extension":{},"message":"\u001b[90m> \u001b[39m     connection: 'keep-alive',"}}
[info] >      'access-control-allow-credentials': 'true', {"user":"    'access-control-allow-credentials': 'true',","metadata":{"emulator":{"name":"functions"},"function":{"name":"us-central1-api"},"extension":{},"message":"\u001b[90m> \u001b[39m     'access-control-allow-credentials': 'true',"}}
[info] >      'access-control-allow-methods': 'GET, HEAD, PUT, PATCH, POST, DELETE', {"user":"    'access-control-allow-methods': 'GET, HEAD, PUT, PATCH, POST, DELETE',","metadata":{"emulator":{"name":"functions"},"function":{"name":"us-central1-api"},"extension":{},"message":"\u001b[90m> \u001b[39m     'access-control-allow-methods': 'GET, HEAD, PUT, PATCH, POST, DELETE',"}}
[info] >      'access-control-allow-origin': '*', {"user":"    'access-control-allow-origin': '*',","metadata":{"emulator":{"name":"functions"},"function":{"name":"us-central1-api"},"extension":{},"message":"\u001b[90m> \u001b[39m     'access-control-allow-origin': '*',"}}
[info] >      'access-control-expose-headers': 'Request-Id, Stripe-Manage-Version, Stripe-Should-Retry, X-Stripe-External-Auth-Required, X-Stripe-Privileged-Session-Required', {"user":"    'access-control-expose-headers': 'Request-Id, Stripe-Manage-Version, Stripe-Should-Retry, X-Stripe-External-Auth-Required, X-Stripe-Privileged-Session-Required',","metadata":{"emulator":{"name":"functions"},"function":{"name":"us-central1-api"},"extension":{},"message":"\u001b[90m> \u001b[39m     'access-control-expose-headers': 'Request-Id, Stripe-Manage-Version, Stripe-Should-Retry, X-Stripe-External-Auth-Required, X-Stripe-Privileged-Session-Required',"}}
[info] >      'access-control-max-age': '300', {"user":"    'access-control-max-age': '300',","metadata":{"emulator":{"name":"functions"},"function":{"name":"us-central1-api"},"extension":{},"message":"\u001b[90m> \u001b[39m     'access-control-max-age': '300',"}}
[info] >      'cache-control': 'no-cache, no-store', {"user":"    'cache-control': 'no-cache, no-store',","metadata":{"emulator":{"name":"functions"},"function":{"name":"us-central1-api"},"extension":{},"message":"\u001b[90m> \u001b[39m     'cache-control': 'no-cache, no-store',"}}
[info] >      'content-security-policy': "base-uri 'none'; default-src 'none'; form-action 'none'; frame-ancestors 'none'; img-src 'self'; script-src 'self' 'report-sample'; style-src 'self'; upgrade-insecure-requests; report-uri https://q.stripe.com/csp-violation?q=Q5-160jIz1cpxU_WcLY9_winv5elZXMxkMJp1vMsWLGaZHU8B3cRHTICNIPygLXxhm4MSrD_YTPrmXS3", {"user":"    'content-security-policy': \"base-uri 'none'; default-src 'none'; form-action 'none'; frame-ancestors 'none'; img-src 'self'; script-src 'self' 'report-sample'; style-src 'self'; upgrade-insecure-requests; report-uri https://q.stripe.com/csp-violation?q=Q5-160jIz1cpxU_WcLY9_winv5elZXMxkMJp1vMsWLGaZHU8B3cRHTICNIPygLXxhm4MSrD_YTPrmXS3\",","metadata":{"emulator":{"name":"functions"},"function":{"name":"us-central1-api"},"extension":{},"message":"\u001b[90m> \u001b[39m     'content-security-policy': \"base-uri 'none'; default-src 'none'; form-action 'none'; frame-ancestors 'none'; img-src 'self'; script-src 'self' 'report-sample'; style-src 'self'; upgrade-insecure-requests; report-uri https://q.stripe.com/csp-violation?q=Q5-160jIz1cpxU_WcLY9_winv5elZXMxkMJp1vMsWLGaZHU8B3cRHTICNIPygLXxhm4MSrD_YTPrmXS3\","}}
[info] >      'cross-origin-opener-policy-report-only': 'same-origin; report-to="coop"', {"user":"    'cross-origin-opener-policy-report-only': 'same-origin; report-to=\"coop\"',","metadata":{"emulator":{"name":"functions"},"function":{"name":"us-central1-api"},"extension":{},"message":"\u001b[90m> \u001b[39m     'cross-origin-opener-policy-report-only': 'same-origin; report-to=\"coop\"',"}}
[info] >      'idempotency-key': 'stripe-node-retry-fc46f0ff-149c-49ce-8ed2-35d10329db9e', {"user":"    'idempotency-key': 'stripe-node-retry-fc46f0ff-149c-49ce-8ed2-35d10329db9e',","metadata":{"emulator":{"name":"functions"},"function":{"name":"us-central1-api"},"extension":{},"message":"\u001b[90m> \u001b[39m     'idempotency-key': 'stripe-node-retry-fc46f0ff-149c-49ce-8ed2-35d10329db9e',"}}
[info] >      'original-request': 'req_MzNaq40g9WnyU6', {"user":"    'original-request': 'req_MzNaq40g9WnyU6',","metadata":{"emulator":{"name":"functions"},"function":{"name":"us-central1-api"},"extension":{},"message":"\u001b[90m> \u001b[39m     'original-request': 'req_MzNaq40g9WnyU6',"}}
[info] >      'report-to': '{"group":"coop","max_age":8640,"endpoints":[{"url":"https://q.stripe.com/coop-report"}],"include_subdomains":true}', {"user":"    'report-to': '{\"group\":\"coop\",\"max_age\":8640,\"endpoints\":[{\"url\":\"https://q.stripe.com/coop-report\"}],\"include_subdomains\":true}',","metadata":{"emulator":{"name":"functions"},"function":{"name":"us-central1-api"},"extension":{},"message":"\u001b[90m> \u001b[39m     'report-to': '{\"group\":\"coop\",\"max_age\":8640,\"endpoints\":[{\"url\":\"https://q.stripe.com/coop-report\"}],\"include_subdomains\":true}',"}}
[info] >      'reporting-endpoints': 'coop="https://q.stripe.com/coop-report"', {"user":"    'reporting-endpoints': 'coop=\"https://q.stripe.com/coop-report\"',","metadata":{"emulator":{"name":"functions"},"function":{"name":"us-central1-api"},"extension":{},"message":"\u001b[90m> \u001b[39m     'reporting-endpoints': 'coop=\"https://q.stripe.com/coop-report\"',"}}
[info] >      'request-id': 'req_MzNaq40g9WnyU6', {"user":"    'request-id': 'req_MzNaq40g9WnyU6',","metadata":{"emulator":{"name":"functions"},"function":{"name":"us-central1-api"},"extension":{},"message":"\u001b[90m> \u001b[39m     'request-id': 'req_MzNaq40g9WnyU6',"}}
[info] >      'stripe-version': '2025-01-27.acacia', {"user":"    'stripe-version': '2025-01-27.acacia',","metadata":{"emulator":{"name":"functions"},"function":{"name":"us-central1-api"},"extension":{},"message":"\u001b[90m> \u001b[39m     'stripe-version': '2025-01-27.acacia',"}}
[info] >      vary: 'Origin', {"user":"    vary: 'Origin',","metadata":{"emulator":{"name":"functions"},"function":{"name":"us-central1-api"},"extension":{},"message":"\u001b[90m> \u001b[39m     vary: 'Origin',"}}
[info] >      'x-stripe-priority-routing-enabled': 'true', {"user":"    'x-stripe-priority-routing-enabled': 'true',","metadata":{"emulator":{"name":"functions"},"function":{"name":"us-central1-api"},"extension":{},"message":"\u001b[90m> \u001b[39m     'x-stripe-priority-routing-enabled': 'true',"}}
[info] >      'x-stripe-routing-context-priority-tier': 'api-testmode', {"user":"    'x-stripe-routing-context-priority-tier': 'api-testmode',","metadata":{"emulator":{"name":"functions"},"function":{"name":"us-central1-api"},"extension":{},"message":"\u001b[90m> \u001b[39m     'x-stripe-routing-context-priority-tier': 'api-testmode',"}}
[info] >      'x-wc': 'AB', {"user":"    'x-wc': 'AB',","metadata":{"emulator":{"name":"functions"},"function":{"name":"us-central1-api"},"extension":{},"message":"\u001b[90m> \u001b[39m     'x-wc': 'AB',"}}
[info] >      'strict-transport-security': 'max-age=63072000; includeSubDomains; preload' {"user":"    'strict-transport-security': 'max-age=63072000; includeSubDomains; preload'","metadata":{"emulator":{"name":"functions"},"function":{"name":"us-central1-api"},"extension":{},"message":"\u001b[90m> \u001b[39m     'strict-transport-security': 'max-age=63072000; includeSubDomains; preload'"}}
[info] >    }, {"user":"  },","metadata":{"emulator":{"name":"functions"},"function":{"name":"us-central1-api"},"extension":{},"message":"\u001b[90m> \u001b[39m   },"}}
[info] >    requestId: 'req_MzNaq40g9WnyU6', {"user":"  requestId: 'req_MzNaq40g9WnyU6',","metadata":{"emulator":{"name":"functions"},"function":{"name":"us-central1-api"},"extension":{},"message":"\u001b[90m> \u001b[39m   requestId: 'req_MzNaq40g9WnyU6',"}}
[info] >    statusCode: 400, {"user":"  statusCode: 400,","metadata":{"emulator":{"name":"functions"},"function":{"name":"us-central1-api"},"extension":{},"message":"\u001b[90m> \u001b[39m   statusCode: 400,"}}
[info] >    userMessage: undefined, {"user":"  userMessage: undefined,","metadata":{"emulator":{"name":"functions"},"function":{"name":"us-central1-api"},"extension":{},"message":"\u001b[90m> \u001b[39m   userMessage: undefined,"}}
[info] >    charge: undefined, {"user":"  charge: undefined,","metadata":{"emulator":{"name":"functions"},"function":{"name":"us-central1-api"},"extension":{},"message":"\u001b[90m> \u001b[39m   charge: undefined,"}}
[info] >    decline_code: undefined, {"user":"  decline_code: undefined,","metadata":{"emulator":{"name":"functions"},"function":{"name":"us-central1-api"},"extension":{},"message":"\u001b[90m> \u001b[39m   decline_code: undefined,"}}
[info] >    payment_intent: undefined, {"user":"  payment_intent: undefined,","metadata":{"emulator":{"name":"functions"},"function":{"name":"us-central1-api"},"extension":{},"message":"\u001b[90m> \u001b[39m   payment_intent: undefined,"}}
[info] >    payment_method: undefined, {"user":"  payment_method: undefined,","metadata":{"emulator":{"name":"functions"},"function":{"name":"us-central1-api"},"extension":{},"message":"\u001b[90m> \u001b[39m   payment_method: undefined,"}}
[info] >    payment_method_type: undefined, {"user":"  payment_method_type: undefined,","metadata":{"emulator":{"name":"functions"},"function":{"name":"us-central1-api"},"extension":{},"message":"\u001b[90m> \u001b[39m   payment_method_type: undefined,"}}
[info] >    setup_intent: undefined, {"user":"  setup_intent: undefined,","metadata":{"emulator":{"name":"functions"},"function":{"name":"us-central1-api"},"extension":{},"message":"\u001b[90m> \u001b[39m   setup_intent: undefined,"}}
[info] >    source: undefined {"user":"  source: undefined","metadata":{"emulator":{"name":"functions"},"function":{"name":"us-central1-api"},"extension":{},"message":"\u001b[90m> \u001b[39m   source: undefined"}}
[info] >  } {"user":"}","metadata":{"emulator":{"name":"functions"},"function":{"name":"us-central1-api"},"extension":{},"message":"\u001b[90m> \u001b[39m }"}}
[debug] [2025-02-03T13:21:45.039Z] Finishing up request with event=pause {"metadata":{"emulator":{"name":"functions"},"function":{"name":"us-central1-api"},"extension":{},"message":"Finishing up request with event=pause"}}
[info] i  functions: Finished "us-central1-api" in 668.0028ms {"metadata":{"emulator":{"name":"functions"},"function":{"name":"us-central1-api"},"extension":{},"message":"Finished \"us-central1-api\" in 668.0028ms"}}
[debug] [2025-02-03T13:21:45.040Z] [worker-us-central1-api-b84fc486-f755-4413-8680-a40b2d3838d0]: IDLE {"metadata":{"emulator":{"name":"functions"},"function":{"name":"us-central1-api"},"extension":{},"message":"[worker-us-central1-api-b84fc486-f755-4413-8680-a40b2d3838d0]: IDLE"}}
[debug] [2025-02-03T13:21:45.041Z] Finishing up request with event=finish {"metadata":{"emulator":{"name":"functions"},"function":{"name":"us-central1-api"},"extension":{},"message":"Finishing up request with event=finish"}}
[debug] [2025-02-03T13:21:45.041Z] Finishing up request with event=close {"metadata":{"emulator":{"name":"functions"},"function":{"name":"us-central1-api"},"extension":{},"message":"Finishing up request with event=close"}}
[debug] [2025-02-03T13:21:45.041Z] [work-queue] {"queuedWork":[],"queueLength":0,"runningWork":[],"workRunningCount":0}
[debug] [2025-02-03T13:22:04.465Z] [work-queue] {"queuedWork":["/novemb-f2496/us-central1/api/payments/create-2025-02-03T13:22:04.465Z"],"queueLength":1,"runningWork":[],"workRunningCount":0}
[debug] [2025-02-03T13:22:04.466Z] [work-queue] {"queuedWork":[],"queueLength":0,"runningWork":["/novemb-f2496/us-central1/api/payments/create-2025-02-03T13:22:04.465Z"],"workRunningCount":1}
[debug] [2025-02-03T13:22:04.466Z] Accepted request POST /novemb-f2496/us-central1/api/payments/create?total=4400 --> us-central1-api
[debug] [2025-02-03T13:22:04.468Z] [functions] Runtime ready! Sending request! {"metadata":{"emulator":{"name":"functions"},"message":"[functions] Runtime ready! Sending request!"}}
[debug] [2025-02-03T13:22:04.469Z] [functions] Got req.url=/novemb-f2496/us-central1/api/payments/create?total=4400, mapping to path=/payments/create?total=4400 {"metadata":{"emulator":{"name":"functions"},"message":"[functions] Got req.url=/novemb-f2496/us-central1/api/payments/create?total=4400, mapping to path=/payments/create?total=4400"}}
[debug] [2025-02-03T13:22:04.470Z] [worker-pool] submitRequest(triggerId=us-central1-api) {"metadata":{"emulator":{"name":"functions"},"message":"[worker-pool] submitRequest(triggerId=us-central1-api)"}}
[info] i  functions: Beginning execution of "us-central1-api" {"metadata":{"emulator":{"name":"functions"},"function":{"name":"us-central1-api"},"extension":{},"message":"Beginning execution of \"us-central1-api\""}}
[debug] [2025-02-03T13:22:04.475Z] [worker-us-central1-api-f2df7793-dd30-4128-aa50-a5fdcf6772d2]: BUSY {"metadata":{"emulator":{"name":"functions"},"function":{"name":"us-central1-api"},"extension":{},"message":"[worker-us-central1-api-f2df7793-dd30-4128-aa50-a5fdcf6772d2]: BUSY"}}
[debug] [2025-02-03T13:22:04.492Z] [work-queue] {"queuedWork":["/novemb-f2496/us-central1/api/payments/create-2025-02-03T13:22:04.492Z"],"queueLength":1,"runningWork":["/novemb-f2496/us-central1/api/payments/create-2025-02-03T13:22:04.465Z"],"workRunningCount":1}
[debug] [2025-02-03T13:22:04.497Z] [work-queue] {"queuedWork":[],"queueLength":0,"runningWork":["/novemb-f2496/us-central1/api/payments/create-2025-02-03T13:22:04.465Z","/novemb-f2496/us-central1/api/payments/create-2025-02-03T13:22:04.492Z"],"workRunningCount":2}
[debug] [2025-02-03T13:22:04.499Z] Accepted request POST /novemb-f2496/us-central1/api/payments/create?total=4400 --> us-central1-api
[debug] [2025-02-03T13:22:04.502Z] [functions] Runtime ready! Sending request! {"metadata":{"emulator":{"name":"functions"},"message":"[functions] Runtime ready! Sending request!"}}
[debug] [2025-02-03T13:22:04.504Z] [functions] Got req.url=/novemb-f2496/us-central1/api/payments/create?total=4400, mapping to path=/payments/create?total=4400 {"metadata":{"emulator":{"name":"functions"},"message":"[functions] Got req.url=/novemb-f2496/us-central1/api/payments/create?total=4400, mapping to path=/payments/create?total=4400"}}
[debug] [2025-02-03T13:22:04.504Z] [worker-pool] submitRequest(triggerId=us-central1-api) {"metadata":{"emulator":{"name":"functions"},"message":"[worker-pool] submitRequest(triggerId=us-central1-api)"}}
[info] i  functions: Beginning execution of "us-central1-api" {"metadata":{"emulator":{"name":"functions"},"function":{"name":"us-central1-api"},"extension":{},"message":"Beginning execution of \"us-central1-api\""}}
[debug] [2025-02-03T13:22:04.515Z] [worker-us-central1-api-b84fc486-f755-4413-8680-a40b2d3838d0]: BUSY {"metadata":{"emulator":{"name":"functions"},"function":{"name":"us-central1-api"},"extension":{},"message":"[worker-us-central1-api-b84fc486-f755-4413-8680-a40b2d3838d0]: BUSY"}}
[info] >  payment request received for this amount == 4400 {"user":"payment request received for this amount == 4400","metadata":{"emulator":{"name":"functions"},"function":{"name":"us-central1-api"},"extension":{},"message":"\u001b[90m> \u001b[39m payment request received for this amount == 4400"}}
[info] >  payment request received for this amount == 4400 {"user":"payment request received for this amount == 4400","metadata":{"emulator":{"name":"functions"},"function":{"name":"us-central1-api"},"extension":{},"message":"\u001b[90m> \u001b[39m payment request received for this amount == 4400"}}
[debug] [2025-02-03T13:22:04.933Z] Finishing up request with event=pause {"metadata":{"emulator":{"name":"functions"},"function":{"name":"us-central1-api"},"extension":{},"message":"Finishing up request with event=pause"}}
[info] i  functions: Finished "us-central1-api" in 458.6858ms {"metadata":{"emulator":{"name":"functions"},"function":{"name":"us-central1-api"},"extension":{},"message":"Finished \"us-central1-api\" in 458.6858ms"}}
[debug] [2025-02-03T13:22:04.935Z] [worker-us-central1-api-f2df7793-dd30-4128-aa50-a5fdcf6772d2]: IDLE {"metadata":{"emulator":{"name":"functions"},"function":{"name":"us-central1-api"},"extension":{},"message":"[worker-us-central1-api-f2df7793-dd30-4128-aa50-a5fdcf6772d2]: IDLE"}}
[debug] [2025-02-03T13:22:04.935Z] Finishing up request with event=finish {"metadata":{"emulator":{"name":"functions"},"function":{"name":"us-central1-api"},"extension":{},"message":"Finishing up request with event=finish"}}
[debug] [2025-02-03T13:22:04.935Z] Finishing up request with event=close {"metadata":{"emulator":{"name":"functions"},"function":{"name":"us-central1-api"},"extension":{},"message":"Finishing up request with event=close"}}
[debug] [2025-02-03T13:22:04.935Z] [work-queue] {"queuedWork":[],"queueLength":0,"runningWork":["/novemb-f2496/us-central1/api/payments/create-2025-02-03T13:22:04.492Z"],"workRunningCount":1}
[debug] [2025-02-03T13:22:05.062Z] Finishing up request with event=pause {"metadata":{"emulator":{"name":"functions"},"function":{"name":"us-central1-api"},"extension":{},"message":"Finishing up request with event=pause"}}
[info] i  functions: Finished "us-central1-api" in 547.8224ms {"metadata":{"emulator":{"name":"functions"},"function":{"name":"us-central1-api"},"extension":{},"message":"Finished \"us-central1-api\" in 547.8224ms"}}
[debug] [2025-02-03T13:22:05.064Z] [worker-us-central1-api-b84fc486-f755-4413-8680-a40b2d3838d0]: IDLE {"metadata":{"emulator":{"name":"functions"},"function":{"name":"us-central1-api"},"extension":{},"message":"[worker-us-central1-api-b84fc486-f755-4413-8680-a40b2d3838d0]: IDLE"}}
[debug] [2025-02-03T13:22:05.064Z] Finishing up request with event=finish {"metadata":{"emulator":{"name":"functions"},"function":{"name":"us-central1-api"},"extension":{},"message":"Finishing up request with event=finish"}}
[debug] [2025-02-03T13:22:05.065Z] Finishing up request with event=close {"metadata":{"emulator":{"name":"functions"},"function":{"name":"us-central1-api"},"extension":{},"message":"Finishing up request with event=close"}}
[debug] [2025-02-03T13:22:05.065Z] [work-queue] {"queuedWork":[],"queueLength":0,"runningWork":[],"workRunningCount":0}
[debug] [2025-02-03T13:23:53.904Z] [work-queue] {"queuedWork":["/novemb-f2496/us-central1/api/payments/create-2025-02-03T13:23:53.904Z"],"queueLength":1,"runningWork":[],"workRunningCount":0}
[debug] [2025-02-03T13:23:53.904Z] [work-queue] {"queuedWork":[],"queueLength":0,"runningWork":["/novemb-f2496/us-central1/api/payments/create-2025-02-03T13:23:53.904Z"],"workRunningCount":1}
[debug] [2025-02-03T13:23:53.905Z] Accepted request POST /novemb-f2496/us-central1/api/payments/create?total=4400 --> us-central1-api
[debug] [2025-02-03T13:23:53.905Z] [functions] Runtime ready! Sending request! {"metadata":{"emulator":{"name":"functions"},"message":"[functions] Runtime ready! Sending request!"}}
[debug] [2025-02-03T13:23:53.905Z] [functions] Got req.url=/novemb-f2496/us-central1/api/payments/create?total=4400, mapping to path=/payments/create?total=4400 {"metadata":{"emulator":{"name":"functions"},"message":"[functions] Got req.url=/novemb-f2496/us-central1/api/payments/create?total=4400, mapping to path=/payments/create?total=4400"}}
[debug] [2025-02-03T13:23:53.905Z] [worker-pool] submitRequest(triggerId=us-central1-api) {"metadata":{"emulator":{"name":"functions"},"message":"[worker-pool] submitRequest(triggerId=us-central1-api)"}}
[info] i  functions: Beginning execution of "us-central1-api" {"metadata":{"emulator":{"name":"functions"},"function":{"name":"us-central1-api"},"extension":{},"message":"Beginning execution of \"us-central1-api\""}}
[debug] [2025-02-03T13:23:53.907Z] [worker-us-central1-api-f2df7793-dd30-4128-aa50-a5fdcf6772d2]: BUSY {"metadata":{"emulator":{"name":"functions"},"function":{"name":"us-central1-api"},"extension":{},"message":"[worker-us-central1-api-f2df7793-dd30-4128-aa50-a5fdcf6772d2]: BUSY"}}
[info] >  payment request received for this amount == 4400 {"user":"payment request received for this amount == 4400","metadata":{"emulator":{"name":"functions"},"function":{"name":"us-central1-api"},"extension":{},"message":"\u001b[90m> \u001b[39m payment request received for this amount == 4400"}}
[debug] [2025-02-03T13:23:54.763Z] Finishing up request with event=pause {"metadata":{"emulator":{"name":"functions"},"function":{"name":"us-central1-api"},"extension":{},"message":"Finishing up request with event=pause"}}
[info] i  functions: Finished "us-central1-api" in 857.1635ms {"metadata":{"emulator":{"name":"functions"},"function":{"name":"us-central1-api"},"extension":{},"message":"Finished \"us-central1-api\" in 857.1635ms"}}
[debug] [2025-02-03T13:23:54.767Z] [worker-us-central1-api-f2df7793-dd30-4128-aa50-a5fdcf6772d2]: IDLE {"metadata":{"emulator":{"name":"functions"},"function":{"name":"us-central1-api"},"extension":{},"message":"[worker-us-central1-api-f2df7793-dd30-4128-aa50-a5fdcf6772d2]: IDLE"}}
[debug] [2025-02-03T13:23:54.768Z] Finishing up request with event=finish {"metadata":{"emulator":{"name":"functions"},"function":{"name":"us-central1-api"},"extension":{},"message":"Finishing up request with event=finish"}}
[debug] [2025-02-03T13:23:54.768Z] Finishing up request with event=close {"metadata":{"emulator":{"name":"functions"},"function":{"name":"us-central1-api"},"extension":{},"message":"Finishing up request with event=close"}}
[debug] [2025-02-03T13:23:54.769Z] [work-queue] {"queuedWork":[],"queueLength":0,"runningWork":[],"workRunningCount":0}
[debug] [2025-02-03T13:24:02.843Z] [work-queue] {"queuedWork":["/novemb-f2496/us-central1/api/payments/create-2025-02-03T13:24:02.843Z"],"queueLength":1,"runningWork":[],"workRunningCount":0}
[debug] [2025-02-03T13:24:02.843Z] [work-queue] {"queuedWork":[],"queueLength":0,"runningWork":["/novemb-f2496/us-central1/api/payments/create-2025-02-03T13:24:02.843Z"],"workRunningCount":1}
[debug] [2025-02-03T13:24:02.844Z] Accepted request POST /novemb-f2496/us-central1/api/payments/create?total=0 --> us-central1-api
[debug] [2025-02-03T13:24:02.845Z] [functions] Runtime ready! Sending request! {"metadata":{"emulator":{"name":"functions"},"message":"[functions] Runtime ready! Sending request!"}}
[debug] [2025-02-03T13:24:02.845Z] [functions] Got req.url=/novemb-f2496/us-central1/api/payments/create?total=0, mapping to path=/payments/create?total=0 {"metadata":{"emulator":{"name":"functions"},"message":"[functions] Got req.url=/novemb-f2496/us-central1/api/payments/create?total=0, mapping to path=/payments/create?total=0"}}
[debug] [2025-02-03T13:24:02.845Z] [worker-pool] submitRequest(triggerId=us-central1-api) {"metadata":{"emulator":{"name":"functions"},"message":"[worker-pool] submitRequest(triggerId=us-central1-api)"}}
[info] i  functions: Beginning execution of "us-central1-api" {"metadata":{"emulator":{"name":"functions"},"function":{"name":"us-central1-api"},"extension":{},"message":"Beginning execution of \"us-central1-api\""}}
[debug] [2025-02-03T13:24:02.846Z] [worker-us-central1-api-f2df7793-dd30-4128-aa50-a5fdcf6772d2]: BUSY {"metadata":{"emulator":{"name":"functions"},"function":{"name":"us-central1-api"},"extension":{},"message":"[worker-us-central1-api-f2df7793-dd30-4128-aa50-a5fdcf6772d2]: BUSY"}}
[info] >  payment request received for this amount == 0 {"user":"payment request received for this amount == 0","metadata":{"emulator":{"name":"functions"},"function":{"name":"us-central1-api"},"extension":{},"message":"\u001b[90m> \u001b[39m payment request received for this amount == 0"}}
[debug] [2025-02-03T13:24:02.855Z] [work-queue] {"queuedWork":["/novemb-f2496/us-central1/api/payments/create-2025-02-03T13:24:02.855Z"],"queueLength":1,"runningWork":["/novemb-f2496/us-central1/api/payments/create-2025-02-03T13:24:02.843Z"],"workRunningCount":1}
[debug] [2025-02-03T13:24:02.855Z] [work-queue] {"queuedWork":[],"queueLength":0,"runningWork":["/novemb-f2496/us-central1/api/payments/create-2025-02-03T13:24:02.843Z","/novemb-f2496/us-central1/api/payments/create-2025-02-03T13:24:02.855Z"],"workRunningCount":2}
[debug] [2025-02-03T13:24:02.855Z] Accepted request POST /novemb-f2496/us-central1/api/payments/create?total=0 --> us-central1-api
[debug] [2025-02-03T13:24:02.856Z] [functions] Runtime ready! Sending request! {"metadata":{"emulator":{"name":"functions"},"message":"[functions] Runtime ready! Sending request!"}}
[debug] [2025-02-03T13:24:02.856Z] [functions] Got req.url=/novemb-f2496/us-central1/api/payments/create?total=0, mapping to path=/payments/create?total=0 {"metadata":{"emulator":{"name":"functions"},"message":"[functions] Got req.url=/novemb-f2496/us-central1/api/payments/create?total=0, mapping to path=/payments/create?total=0"}}
[debug] [2025-02-03T13:24:02.856Z] [worker-pool] submitRequest(triggerId=us-central1-api) {"metadata":{"emulator":{"name":"functions"},"message":"[worker-pool] submitRequest(triggerId=us-central1-api)"}}
[info] i  functions: Beginning execution of "us-central1-api" {"metadata":{"emulator":{"name":"functions"},"function":{"name":"us-central1-api"},"extension":{},"message":"Beginning execution of \"us-central1-api\""}}
[debug] [2025-02-03T13:24:02.858Z] [worker-us-central1-api-b84fc486-f755-4413-8680-a40b2d3838d0]: BUSY {"metadata":{"emulator":{"name":"functions"},"function":{"name":"us-central1-api"},"extension":{},"message":"[worker-us-central1-api-b84fc486-f755-4413-8680-a40b2d3838d0]: BUSY"}}
[info] >  payment request received for this amount == 0 {"user":"payment request received for this amount == 0","metadata":{"emulator":{"name":"functions"},"function":{"name":"us-central1-api"},"extension":{},"message":"\u001b[90m> \u001b[39m payment request received for this amount == 0"}}
[info] >  Error creating payment intent: StripeInvalidRequestError: The amount must be greater than or equal to the minimum charge amount allowed for your account and the currency set (https://docs.stripe.com/currencies#minimum-and-maximum-charge-amounts).  If you want to save a Payment Method for future use without an immediate payment, use a Setup Intent instead: https://docs.stripe.com/payments/setup-intents {"user":"Error creating payment intent: StripeInvalidRequestError: The amount must be greater than or equal to the minimum charge amount allowed for your account and the currency set (https://docs.stripe.com/currencies#minimum-and-maximum-charge-amounts).  If you want to save a Payment Method for future use without an immediate payment, use a Setup Intent instead: https://docs.stripe.com/payments/setup-intents","metadata":{"emulator":{"name":"functions"},"function":{"name":"us-central1-api"},"extension":{},"message":"\u001b[90m> \u001b[39m Error creating payment intent: StripeInvalidRequestError: The amount must be greater than or equal to the minimum charge amount allowed for your account and the currency set (https://docs.stripe.com/currencies#minimum-and-maximum-charge-amounts).  If you want to save a Payment Method for future use without an immediate payment, use a Setup Intent instead: https://docs.stripe.com/payments/setup-intents"}}
[info] >      at generateV1Error (C:\Users\sata\OneDrive\Desktop\phase-1\phase-5\Amazon-clone-2024\amazon-clone\functions\node_modules\stripe\cjs\Error.js:11:20) {"user":"    at generateV1Error (C:\\Users\\sata\\OneDrive\\Desktop\\phase-1\\phase-5\\Amazon-clone-2024\\amazon-clone\\functions\\node_modules\\stripe\\cjs\\Error.js:11:20)","metadata":{"emulator":{"name":"functions"},"function":{"name":"us-central1-api"},"extension":{},"message":"\u001b[90m> \u001b[39m     at generateV1Error (C:\\Users\\sata\\OneDrive\\Desktop\\phase-1\\phase-5\\Amazon-clone-2024\\amazon-clone\\functions\\node_modules\\stripe\\cjs\\Error.js:11:20)"}}
[info] >      at res.toJSON.then.Error_js_1.StripeAPIError.message (C:\Users\sata\OneDrive\Desktop\phase-1\phase-5\Amazon-clone-2024\amazon-clone\functions\node_modules\stripe\cjs\RequestSender.js:108:62) {"user":"    at res.toJSON.then.Error_js_1.StripeAPIError.message (C:\\Users\\sata\\OneDrive\\Desktop\\phase-1\\phase-5\\Amazon-clone-2024\\amazon-clone\\functions\\node_modules\\stripe\\cjs\\RequestSender.js:108:62)","metadata":{"emulator":{"name":"functions"},"function":{"name":"us-central1-api"},"extension":{},"message":"\u001b[90m> \u001b[39m     at res.toJSON.then.Error_js_1.StripeAPIError.message (C:\\Users\\sata\\OneDrive\\Desktop\\phase-1\\phase-5\\Amazon-clone-2024\\amazon-clone\\functions\\node_modules\\stripe\\cjs\\RequestSender.js:108:62)"}}
[info] >      at process.processTicksAndRejections (node:internal/process/task_queues:95:5) { {"user":"    at process.processTicksAndRejections (node:internal/process/task_queues:95:5) {","metadata":{"emulator":{"name":"functions"},"function":{"name":"us-central1-api"},"extension":{},"message":"\u001b[90m> \u001b[39m     at process.processTicksAndRejections (node:internal/process/task_queues:95:5) {"}}
[info] >    type: 'StripeInvalidRequestError', {"user":"  type: 'StripeInvalidRequestError',","metadata":{"emulator":{"name":"functions"},"function":{"name":"us-central1-api"},"extension":{},"message":"\u001b[90m> \u001b[39m   type: 'StripeInvalidRequestError',"}}
[info] >    raw: { {"user":"  raw: {","metadata":{"emulator":{"name":"functions"},"function":{"name":"us-central1-api"},"extension":{},"message":"\u001b[90m> \u001b[39m   raw: {"}}
[info] >      code: 'parameter_invalid_integer', {"user":"    code: 'parameter_invalid_integer',","metadata":{"emulator":{"name":"functions"},"function":{"name":"us-central1-api"},"extension":{},"message":"\u001b[90m> \u001b[39m     code: 'parameter_invalid_integer',"}}
[info] >      doc_url: 'https://stripe.com/docs/error-codes/parameter-invalid-integer', {"user":"    doc_url: 'https://stripe.com/docs/error-codes/parameter-invalid-integer',","metadata":{"emulator":{"name":"functions"},"function":{"name":"us-central1-api"},"extension":{},"message":"\u001b[90m> \u001b[39m     doc_url: 'https://stripe.com/docs/error-codes/parameter-invalid-integer',"}}
[info] >      message: 'The amount must be greater than or equal to the minimum charge amount allowed for your account and the currency set (https://docs.stripe.com/currencies#minimum-and-maximum-charge-amounts).  If you want to save a Payment Method for future use without an immediate payment, use a Setup Intent instead: https://docs.stripe.com/payments/setup-intents', {"user":"    message: 'The amount must be greater than or equal to the minimum charge amount allowed for your account and the currency set (https://docs.stripe.com/currencies#minimum-and-maximum-charge-amounts).  If you want to save a Payment Method for future use without an immediate payment, use a Setup Intent instead: https://docs.stripe.com/payments/setup-intents',","metadata":{"emulator":{"name":"functions"},"function":{"name":"us-central1-api"},"extension":{},"message":"\u001b[90m> \u001b[39m     message: 'The amount must be greater than or equal to the minimum charge amount allowed for your account and the currency set (https://docs.stripe.com/currencies#minimum-and-maximum-charge-amounts).  If you want to save a Payment Method for future use without an immediate payment, use a Setup Intent instead: https://docs.stripe.com/payments/setup-intents',"}}
[info] >      param: 'amount', {"user":"    param: 'amount',","metadata":{"emulator":{"name":"functions"},"function":{"name":"us-central1-api"},"extension":{},"message":"\u001b[90m> \u001b[39m     param: 'amount',"}}
[info] >      request_log_url: 'https://dashboard.stripe.com/test/logs/req_IIG1y9uXvsiCHR?t=1738589043', {"user":"    request_log_url: 'https://dashboard.stripe.com/test/logs/req_IIG1y9uXvsiCHR?t=1738589043',","metadata":{"emulator":{"name":"functions"},"function":{"name":"us-central1-api"},"extension":{},"message":"\u001b[90m> \u001b[39m     request_log_url: 'https://dashboard.stripe.com/test/logs/req_IIG1y9uXvsiCHR?t=1738589043',"}}
[info] >      type: 'invalid_request_error', {"user":"    type: 'invalid_request_error',","metadata":{"emulator":{"name":"functions"},"function":{"name":"us-central1-api"},"extension":{},"message":"\u001b[90m> \u001b[39m     type: 'invalid_request_error',"}}
[info] >      headers: { {"user":"    headers: {","metadata":{"emulator":{"name":"functions"},"function":{"name":"us-central1-api"},"extension":{},"message":"\u001b[90m> \u001b[39m     headers: {"}}
[info] >        server: 'nginx', {"user":"      server: 'nginx',","metadata":{"emulator":{"name":"functions"},"function":{"name":"us-central1-api"},"extension":{},"message":"\u001b[90m> \u001b[39m       server: 'nginx',"}}
[info] >        date: 'Mon, 03 Feb 2025 13:24:04 GMT', {"user":"      date: 'Mon, 03 Feb 2025 13:24:04 GMT',","metadata":{"emulator":{"name":"functions"},"function":{"name":"us-central1-api"},"extension":{},"message":"\u001b[90m> \u001b[39m       date: 'Mon, 03 Feb 2025 13:24:04 GMT',"}}
[info] >        'content-type': 'application/json', {"user":"      'content-type': 'application/json',","metadata":{"emulator":{"name":"functions"},"function":{"name":"us-central1-api"},"extension":{},"message":"\u001b[90m> \u001b[39m       'content-type': 'application/json',"}}
[info] >        'content-length': '663', {"user":"      'content-length': '663',","metadata":{"emulator":{"name":"functions"},"function":{"name":"us-central1-api"},"extension":{},"message":"\u001b[90m> \u001b[39m       'content-length': '663',"}}
[info] >        connection: 'keep-alive', {"user":"      connection: 'keep-alive',","metadata":{"emulator":{"name":"functions"},"function":{"name":"us-central1-api"},"extension":{},"message":"\u001b[90m> \u001b[39m       connection: 'keep-alive',"}}
[info] >        'access-control-allow-credentials': 'true', {"user":"      'access-control-allow-credentials': 'true',","metadata":{"emulator":{"name":"functions"},"function":{"name":"us-central1-api"},"extension":{},"message":"\u001b[90m> \u001b[39m       'access-control-allow-credentials': 'true',"}}
[info] >        'access-control-allow-methods': 'GET, HEAD, PUT, PATCH, POST, DELETE', {"user":"      'access-control-allow-methods': 'GET, HEAD, PUT, PATCH, POST, DELETE',","metadata":{"emulator":{"name":"functions"},"function":{"name":"us-central1-api"},"extension":{},"message":"\u001b[90m> \u001b[39m       'access-control-allow-methods': 'GET, HEAD, PUT, PATCH, POST, DELETE',"}}
[info] >        'access-control-allow-origin': '*', {"user":"      'access-control-allow-origin': '*',","metadata":{"emulator":{"name":"functions"},"function":{"name":"us-central1-api"},"extension":{},"message":"\u001b[90m> \u001b[39m       'access-control-allow-origin': '*',"}}
[info] >        'access-control-expose-headers': 'Request-Id, Stripe-Manage-Version, Stripe-Should-Retry, X-Stripe-External-Auth-Required, X-Stripe-Privileged-Session-Required', {"user":"      'access-control-expose-headers': 'Request-Id, Stripe-Manage-Version, Stripe-Should-Retry, X-Stripe-External-Auth-Required, X-Stripe-Privileged-Session-Required',","metadata":{"emulator":{"name":"functions"},"function":{"name":"us-central1-api"},"extension":{},"message":"\u001b[90m> \u001b[39m       'access-control-expose-headers': 'Request-Id, Stripe-Manage-Version, Stripe-Should-Retry, X-Stripe-External-Auth-Required, X-Stripe-Privileged-Session-Required',"}}
[info] >        'access-control-max-age': '300', {"user":"      'access-control-max-age': '300',","metadata":{"emulator":{"name":"functions"},"function":{"name":"us-central1-api"},"extension":{},"message":"\u001b[90m> \u001b[39m       'access-control-max-age': '300',"}}
[info] >        'cache-control': 'no-cache, no-store', {"user":"      'cache-control': 'no-cache, no-store',","metadata":{"emulator":{"name":"functions"},"function":{"name":"us-central1-api"},"extension":{},"message":"\u001b[90m> \u001b[39m       'cache-control': 'no-cache, no-store',"}}
[info] >        'content-security-policy': "base-uri 'none'; default-src 'none'; form-action 'none'; frame-ancestors 'none'; img-src 'self'; script-src 'self' 'report-sample'; style-src 'self'; upgrade-insecure-requests; report-uri https://q.stripe.com/csp-violation?q=escdwb97L9rNsxp5EpUDszEH3G4Wsh8uKeb7yv1IWfkEmx7DNamYI72xUwD59IUxm0u558QsV0rdnK0t", {"user":"      'content-security-policy': \"base-uri 'none'; default-src 'none'; form-action 'none'; frame-ancestors 'none'; img-src 'self'; script-src 'self' 'report-sample'; style-src 'self'; upgrade-insecure-requests; report-uri https://q.stripe.com/csp-violation?q=escdwb97L9rNsxp5EpUDszEH3G4Wsh8uKeb7yv1IWfkEmx7DNamYI72xUwD59IUxm0u558QsV0rdnK0t\",","metadata":{"emulator":{"name":"functions"},"function":{"name":"us-central1-api"},"extension":{},"message":"\u001b[90m> \u001b[39m       'content-security-policy': \"base-uri 'none'; default-src 'none'; form-action 'none'; frame-ancestors 'none'; img-src 'self'; script-src 'self' 'report-sample'; style-src 'self'; upgrade-insecure-requests; report-uri https://q.stripe.com/csp-violation?q=escdwb97L9rNsxp5EpUDszEH3G4Wsh8uKeb7yv1IWfkEmx7DNamYI72xUwD59IUxm0u558QsV0rdnK0t\","}}
[info] >        'cross-origin-opener-policy-report-only': 'same-origin; report-to="coop"', {"user":"      'cross-origin-opener-policy-report-only': 'same-origin; report-to=\"coop\"',","metadata":{"emulator":{"name":"functions"},"function":{"name":"us-central1-api"},"extension":{},"message":"\u001b[90m> \u001b[39m       'cross-origin-opener-policy-report-only': 'same-origin; report-to=\"coop\"',"}}
[info] >        'idempotency-key': 'stripe-node-retry-c1c039d9-b9a6-4d3c-bd3e-12a3088e0163', {"user":"      'idempotency-key': 'stripe-node-retry-c1c039d9-b9a6-4d3c-bd3e-12a3088e0163',","metadata":{"emulator":{"name":"functions"},"function":{"name":"us-central1-api"},"extension":{},"message":"\u001b[90m> \u001b[39m       'idempotency-key': 'stripe-node-retry-c1c039d9-b9a6-4d3c-bd3e-12a3088e0163',"}}
[info] >        'original-request': 'req_IIG1y9uXvsiCHR', {"user":"      'original-request': 'req_IIG1y9uXvsiCHR',","metadata":{"emulator":{"name":"functions"},"function":{"name":"us-central1-api"},"extension":{},"message":"\u001b[90m> \u001b[39m       'original-request': 'req_IIG1y9uXvsiCHR',"}}
[info] >        'report-to': '{"group":"coop","max_age":8640,"endpoints":[{"url":"https://q.stripe.com/coop-report"}],"include_subdomains":true}', {"user":"      'report-to': '{\"group\":\"coop\",\"max_age\":8640,\"endpoints\":[{\"url\":\"https://q.stripe.com/coop-report\"}],\"include_subdomains\":true}',","metadata":{"emulator":{"name":"functions"},"function":{"name":"us-central1-api"},"extension":{},"message":"\u001b[90m> \u001b[39m       'report-to': '{\"group\":\"coop\",\"max_age\":8640,\"endpoints\":[{\"url\":\"https://q.stripe.com/coop-report\"}],\"include_subdomains\":true}',"}}
[info] >        'reporting-endpoints': 'coop="https://q.stripe.com/coop-report"', {"user":"      'reporting-endpoints': 'coop=\"https://q.stripe.com/coop-report\"',","metadata":{"emulator":{"name":"functions"},"function":{"name":"us-central1-api"},"extension":{},"message":"\u001b[90m> \u001b[39m       'reporting-endpoints': 'coop=\"https://q.stripe.com/coop-report\"',"}}
[info] >        'request-id': 'req_IIG1y9uXvsiCHR', {"user":"      'request-id': 'req_IIG1y9uXvsiCHR',","metadata":{"emulator":{"name":"functions"},"function":{"name":"us-central1-api"},"extension":{},"message":"\u001b[90m> \u001b[39m       'request-id': 'req_IIG1y9uXvsiCHR',"}}
[info] >        'stripe-version': '2025-01-27.acacia', {"user":"      'stripe-version': '2025-01-27.acacia',","metadata":{"emulator":{"name":"functions"},"function":{"name":"us-central1-api"},"extension":{},"message":"\u001b[90m> \u001b[39m       'stripe-version': '2025-01-27.acacia',"}}
[info] >        vary: 'Origin', {"user":"      vary: 'Origin',","metadata":{"emulator":{"name":"functions"},"function":{"name":"us-central1-api"},"extension":{},"message":"\u001b[90m> \u001b[39m       vary: 'Origin',"}}
[info] >        'x-stripe-priority-routing-enabled': 'true', {"user":"      'x-stripe-priority-routing-enabled': 'true',","metadata":{"emulator":{"name":"functions"},"function":{"name":"us-central1-api"},"extension":{},"message":"\u001b[90m> \u001b[39m       'x-stripe-priority-routing-enabled': 'true',"}}
[info] >        'x-stripe-routing-context-priority-tier': 'api-testmode', {"user":"      'x-stripe-routing-context-priority-tier': 'api-testmode',","metadata":{"emulator":{"name":"functions"},"function":{"name":"us-central1-api"},"extension":{},"message":"\u001b[90m> \u001b[39m       'x-stripe-routing-context-priority-tier': 'api-testmode',"}}
[info] >        'x-wc': 'AB', {"user":"      'x-wc': 'AB',","metadata":{"emulator":{"name":"functions"},"function":{"name":"us-central1-api"},"extension":{},"message":"\u001b[90m> \u001b[39m       'x-wc': 'AB',"}}
[info] >        'strict-transport-security': 'max-age=63072000; includeSubDomains; preload' {"user":"      'strict-transport-security': 'max-age=63072000; includeSubDomains; preload'","metadata":{"emulator":{"name":"functions"},"function":{"name":"us-central1-api"},"extension":{},"message":"\u001b[90m> \u001b[39m       'strict-transport-security': 'max-age=63072000; includeSubDomains; preload'"}}
[info] >      }, {"user":"    },","metadata":{"emulator":{"name":"functions"},"function":{"name":"us-central1-api"},"extension":{},"message":"\u001b[90m> \u001b[39m     },"}}
[info] >      statusCode: 400, {"user":"    statusCode: 400,","metadata":{"emulator":{"name":"functions"},"function":{"name":"us-central1-api"},"extension":{},"message":"\u001b[90m> \u001b[39m     statusCode: 400,"}}
[info] >      requestId: 'req_IIG1y9uXvsiCHR' {"user":"    requestId: 'req_IIG1y9uXvsiCHR'","metadata":{"emulator":{"name":"functions"},"function":{"name":"us-central1-api"},"extension":{},"message":"\u001b[90m> \u001b[39m     requestId: 'req_IIG1y9uXvsiCHR'"}}
[info] >    }, {"user":"  },","metadata":{"emulator":{"name":"functions"},"function":{"name":"us-central1-api"},"extension":{},"message":"\u001b[90m> \u001b[39m   },"}}
[info] >    rawType: 'invalid_request_error', {"user":"  rawType: 'invalid_request_error',","metadata":{"emulator":{"name":"functions"},"function":{"name":"us-central1-api"},"extension":{},"message":"\u001b[90m> \u001b[39m   rawType: 'invalid_request_error',"}}
[info] >    code: 'parameter_invalid_integer', {"user":"  code: 'parameter_invalid_integer',","metadata":{"emulator":{"name":"functions"},"function":{"name":"us-central1-api"},"extension":{},"message":"\u001b[90m> \u001b[39m   code: 'parameter_invalid_integer',"}}
[info] >    doc_url: 'https://stripe.com/docs/error-codes/parameter-invalid-integer', {"user":"  doc_url: 'https://stripe.com/docs/error-codes/parameter-invalid-integer',","metadata":{"emulator":{"name":"functions"},"function":{"name":"us-central1-api"},"extension":{},"message":"\u001b[90m> \u001b[39m   doc_url: 'https://stripe.com/docs/error-codes/parameter-invalid-integer',"}}
[info] >    param: 'amount', {"user":"  param: 'amount',","metadata":{"emulator":{"name":"functions"},"function":{"name":"us-central1-api"},"extension":{},"message":"\u001b[90m> \u001b[39m   param: 'amount',"}}
[info] >    detail: undefined, {"user":"  detail: undefined,","metadata":{"emulator":{"name":"functions"},"function":{"name":"us-central1-api"},"extension":{},"message":"\u001b[90m> \u001b[39m   detail: undefined,"}}
[info] >    headers: { {"user":"  headers: {","metadata":{"emulator":{"name":"functions"},"function":{"name":"us-central1-api"},"extension":{},"message":"\u001b[90m> \u001b[39m   headers: {"}}
[info] >      server: 'nginx', {"user":"    server: 'nginx',","metadata":{"emulator":{"name":"functions"},"function":{"name":"us-central1-api"},"extension":{},"message":"\u001b[90m> \u001b[39m     server: 'nginx',"}}
[info] >      date: 'Mon, 03 Feb 2025 13:24:04 GMT', {"user":"    date: 'Mon, 03 Feb 2025 13:24:04 GMT',","metadata":{"emulator":{"name":"functions"},"function":{"name":"us-central1-api"},"extension":{},"message":"\u001b[90m> \u001b[39m     date: 'Mon, 03 Feb 2025 13:24:04 GMT',"}}
[info] >      'content-type': 'application/json', {"user":"    'content-type': 'application/json',","metadata":{"emulator":{"name":"functions"},"function":{"name":"us-central1-api"},"extension":{},"message":"\u001b[90m> \u001b[39m     'content-type': 'application/json',"}}
[info] >      'content-length': '663', {"user":"    'content-length': '663',","metadata":{"emulator":{"name":"functions"},"function":{"name":"us-central1-api"},"extension":{},"message":"\u001b[90m> \u001b[39m     'content-length': '663',"}}
[info] >      connection: 'keep-alive', {"user":"    connection: 'keep-alive',","metadata":{"emulator":{"name":"functions"},"function":{"name":"us-central1-api"},"extension":{},"message":"\u001b[90m> \u001b[39m     connection: 'keep-alive',"}}
[info] >      'access-control-allow-credentials': 'true', {"user":"    'access-control-allow-credentials': 'true',","metadata":{"emulator":{"name":"functions"},"function":{"name":"us-central1-api"},"extension":{},"message":"\u001b[90m> \u001b[39m     'access-control-allow-credentials': 'true',"}}
[info] >      'access-control-allow-methods': 'GET, HEAD, PUT, PATCH, POST, DELETE', {"user":"    'access-control-allow-methods': 'GET, HEAD, PUT, PATCH, POST, DELETE',","metadata":{"emulator":{"name":"functions"},"function":{"name":"us-central1-api"},"extension":{},"message":"\u001b[90m> \u001b[39m     'access-control-allow-methods': 'GET, HEAD, PUT, PATCH, POST, DELETE',"}}
[info] >      'access-control-allow-origin': '*', {"user":"    'access-control-allow-origin': '*',","metadata":{"emulator":{"name":"functions"},"function":{"name":"us-central1-api"},"extension":{},"message":"\u001b[90m> \u001b[39m     'access-control-allow-origin': '*',"}}
[info] >      'access-control-expose-headers': 'Request-Id, Stripe-Manage-Version, Stripe-Should-Retry, X-Stripe-External-Auth-Required, X-Stripe-Privileged-Session-Required', {"user":"    'access-control-expose-headers': 'Request-Id, Stripe-Manage-Version, Stripe-Should-Retry, X-Stripe-External-Auth-Required, X-Stripe-Privileged-Session-Required',","metadata":{"emulator":{"name":"functions"},"function":{"name":"us-central1-api"},"extension":{},"message":"\u001b[90m> \u001b[39m     'access-control-expose-headers': 'Request-Id, Stripe-Manage-Version, Stripe-Should-Retry, X-Stripe-External-Auth-Required, X-Stripe-Privileged-Session-Required',"}}
[info] >      'access-control-max-age': '300', {"user":"    'access-control-max-age': '300',","metadata":{"emulator":{"name":"functions"},"function":{"name":"us-central1-api"},"extension":{},"message":"\u001b[90m> \u001b[39m     'access-control-max-age': '300',"}}
[info] >      'cache-control': 'no-cache, no-store', {"user":"    'cache-control': 'no-cache, no-store',","metadata":{"emulator":{"name":"functions"},"function":{"name":"us-central1-api"},"extension":{},"message":"\u001b[90m> \u001b[39m     'cache-control': 'no-cache, no-store',"}}
[info] >      'content-security-policy': "base-uri 'none'; default-src 'none'; form-action 'none'; frame-ancestors 'none'; img-src 'self'; script-src 'self' 'report-sample'; style-src 'self'; upgrade-insecure-requests; report-uri https://q.stripe.com/csp-violation?q=escdwb97L9rNsxp5EpUDszEH3G4Wsh8uKeb7yv1IWfkEmx7DNamYI72xUwD59IUxm0u558QsV0rdnK0t", {"user":"    'content-security-policy': \"base-uri 'none'; default-src 'none'; form-action 'none'; frame-ancestors 'none'; img-src 'self'; script-src 'self' 'report-sample'; style-src 'self'; upgrade-insecure-requests; report-uri https://q.stripe.com/csp-violation?q=escdwb97L9rNsxp5EpUDszEH3G4Wsh8uKeb7yv1IWfkEmx7DNamYI72xUwD59IUxm0u558QsV0rdnK0t\",","metadata":{"emulator":{"name":"functions"},"function":{"name":"us-central1-api"},"extension":{},"message":"\u001b[90m> \u001b[39m     'content-security-policy': \"base-uri 'none'; default-src 'none'; form-action 'none'; frame-ancestors 'none'; img-src 'self'; script-src 'self' 'report-sample'; style-src 'self'; upgrade-insecure-requests; report-uri https://q.stripe.com/csp-violation?q=escdwb97L9rNsxp5EpUDszEH3G4Wsh8uKeb7yv1IWfkEmx7DNamYI72xUwD59IUxm0u558QsV0rdnK0t\","}}
[info] >      'cross-origin-opener-policy-report-only': 'same-origin; report-to="coop"', {"user":"    'cross-origin-opener-policy-report-only': 'same-origin; report-to=\"coop\"',","metadata":{"emulator":{"name":"functions"},"function":{"name":"us-central1-api"},"extension":{},"message":"\u001b[90m> \u001b[39m     'cross-origin-opener-policy-report-only': 'same-origin; report-to=\"coop\"',"}}
[info] >      'idempotency-key': 'stripe-node-retry-c1c039d9-b9a6-4d3c-bd3e-12a3088e0163', {"user":"    'idempotency-key': 'stripe-node-retry-c1c039d9-b9a6-4d3c-bd3e-12a3088e0163',","metadata":{"emulator":{"name":"functions"},"function":{"name":"us-central1-api"},"extension":{},"message":"\u001b[90m> \u001b[39m     'idempotency-key': 'stripe-node-retry-c1c039d9-b9a6-4d3c-bd3e-12a3088e0163',"}}
[info] >      'original-request': 'req_IIG1y9uXvsiCHR', {"user":"    'original-request': 'req_IIG1y9uXvsiCHR',","metadata":{"emulator":{"name":"functions"},"function":{"name":"us-central1-api"},"extension":{},"message":"\u001b[90m> \u001b[39m     'original-request': 'req_IIG1y9uXvsiCHR',"}}
[info] >      'report-to': '{"group":"coop","max_age":8640,"endpoints":[{"url":"https://q.stripe.com/coop-report"}],"include_subdomains":true}', {"user":"    'report-to': '{\"group\":\"coop\",\"max_age\":8640,\"endpoints\":[{\"url\":\"https://q.stripe.com/coop-report\"}],\"include_subdomains\":true}',","metadata":{"emulator":{"name":"functions"},"function":{"name":"us-central1-api"},"extension":{},"message":"\u001b[90m> \u001b[39m     'report-to': '{\"group\":\"coop\",\"max_age\":8640,\"endpoints\":[{\"url\":\"https://q.stripe.com/coop-report\"}],\"include_subdomains\":true}',"}}
[info] >      'reporting-endpoints': 'coop="https://q.stripe.com/coop-report"', {"user":"    'reporting-endpoints': 'coop=\"https://q.stripe.com/coop-report\"',","metadata":{"emulator":{"name":"functions"},"function":{"name":"us-central1-api"},"extension":{},"message":"\u001b[90m> \u001b[39m     'reporting-endpoints': 'coop=\"https://q.stripe.com/coop-report\"',"}}
[info] >      'request-id': 'req_IIG1y9uXvsiCHR', {"user":"    'request-id': 'req_IIG1y9uXvsiCHR',","metadata":{"emulator":{"name":"functions"},"function":{"name":"us-central1-api"},"extension":{},"message":"\u001b[90m> \u001b[39m     'request-id': 'req_IIG1y9uXvsiCHR',"}}
[info] >      'stripe-version': '2025-01-27.acacia', {"user":"    'stripe-version': '2025-01-27.acacia',","metadata":{"emulator":{"name":"functions"},"function":{"name":"us-central1-api"},"extension":{},"message":"\u001b[90m> \u001b[39m     'stripe-version': '2025-01-27.acacia',"}}
[info] >      vary: 'Origin', {"user":"    vary: 'Origin',","metadata":{"emulator":{"name":"functions"},"function":{"name":"us-central1-api"},"extension":{},"message":"\u001b[90m> \u001b[39m     vary: 'Origin',"}}
[info] >      'x-stripe-priority-routing-enabled': 'true', {"user":"    'x-stripe-priority-routing-enabled': 'true',","metadata":{"emulator":{"name":"functions"},"function":{"name":"us-central1-api"},"extension":{},"message":"\u001b[90m> \u001b[39m     'x-stripe-priority-routing-enabled': 'true',"}}
[info] >      'x-stripe-routing-context-priority-tier': 'api-testmode', {"user":"    'x-stripe-routing-context-priority-tier': 'api-testmode',","metadata":{"emulator":{"name":"functions"},"function":{"name":"us-central1-api"},"extension":{},"message":"\u001b[90m> \u001b[39m     'x-stripe-routing-context-priority-tier': 'api-testmode',"}}
[info] >      'x-wc': 'AB', {"user":"    'x-wc': 'AB',","metadata":{"emulator":{"name":"functions"},"function":{"name":"us-central1-api"},"extension":{},"message":"\u001b[90m> \u001b[39m     'x-wc': 'AB',"}}
[info] >      'strict-transport-security': 'max-age=63072000; includeSubDomains; preload' {"user":"    'strict-transport-security': 'max-age=63072000; includeSubDomains; preload'","metadata":{"emulator":{"name":"functions"},"function":{"name":"us-central1-api"},"extension":{},"message":"\u001b[90m> \u001b[39m     'strict-transport-security': 'max-age=63072000; includeSubDomains; preload'"}}
[info] >    }, {"user":"  },","metadata":{"emulator":{"name":"functions"},"function":{"name":"us-central1-api"},"extension":{},"message":"\u001b[90m> \u001b[39m   },"}}
[info] >    requestId: 'req_IIG1y9uXvsiCHR', {"user":"  requestId: 'req_IIG1y9uXvsiCHR',","metadata":{"emulator":{"name":"functions"},"function":{"name":"us-central1-api"},"extension":{},"message":"\u001b[90m> \u001b[39m   requestId: 'req_IIG1y9uXvsiCHR',"}}
[info] >    statusCode: 400, {"user":"  statusCode: 400,","metadata":{"emulator":{"name":"functions"},"function":{"name":"us-central1-api"},"extension":{},"message":"\u001b[90m> \u001b[39m   statusCode: 400,"}}
[info] >    userMessage: undefined, {"user":"  userMessage: undefined,","metadata":{"emulator":{"name":"functions"},"function":{"name":"us-central1-api"},"extension":{},"message":"\u001b[90m> \u001b[39m   userMessage: undefined,"}}
[info] >    charge: undefined, {"user":"  charge: undefined,","metadata":{"emulator":{"name":"functions"},"function":{"name":"us-central1-api"},"extension":{},"message":"\u001b[90m> \u001b[39m   charge: undefined,"}}
[info] >    decline_code: undefined, {"user":"  decline_code: undefined,","metadata":{"emulator":{"name":"functions"},"function":{"name":"us-central1-api"},"extension":{},"message":"\u001b[90m> \u001b[39m   decline_code: undefined,"}}
[info] >    payment_intent: undefined, {"user":"  payment_intent: undefined,","metadata":{"emulator":{"name":"functions"},"function":{"name":"us-central1-api"},"extension":{},"message":"\u001b[90m> \u001b[39m   payment_intent: undefined,"}}
[info] >    payment_method: undefined, {"user":"  payment_method: undefined,","metadata":{"emulator":{"name":"functions"},"function":{"name":"us-central1-api"},"extension":{},"message":"\u001b[90m> \u001b[39m   payment_method: undefined,"}}
[info] >    payment_method_type: undefined, {"user":"  payment_method_type: undefined,","metadata":{"emulator":{"name":"functions"},"function":{"name":"us-central1-api"},"extension":{},"message":"\u001b[90m> \u001b[39m   payment_method_type: undefined,"}}
[info] >    setup_intent: undefined, {"user":"  setup_intent: undefined,","metadata":{"emulator":{"name":"functions"},"function":{"name":"us-central1-api"},"extension":{},"message":"\u001b[90m> \u001b[39m   setup_intent: undefined,"}}
[info] >    source: undefined {"user":"  source: undefined","metadata":{"emulator":{"name":"functions"},"function":{"name":"us-central1-api"},"extension":{},"message":"\u001b[90m> \u001b[39m   source: undefined"}}
[info] >  } {"user":"}","metadata":{"emulator":{"name":"functions"},"function":{"name":"us-central1-api"},"extension":{},"message":"\u001b[90m> \u001b[39m }"}}
[debug] [2025-02-03T13:24:03.351Z] Finishing up request with event=pause {"metadata":{"emulator":{"name":"functions"},"function":{"name":"us-central1-api"},"extension":{},"message":"Finishing up request with event=pause"}}
[info] i  functions: Finished "us-central1-api" in 505.3821ms {"metadata":{"emulator":{"name":"functions"},"function":{"name":"us-central1-api"},"extension":{},"message":"Finished \"us-central1-api\" in 505.3821ms"}}
[debug] [2025-02-03T13:24:03.355Z] [worker-us-central1-api-f2df7793-dd30-4128-aa50-a5fdcf6772d2]: IDLE {"metadata":{"emulator":{"name":"functions"},"function":{"name":"us-central1-api"},"extension":{},"message":"[worker-us-central1-api-f2df7793-dd30-4128-aa50-a5fdcf6772d2]: IDLE"}}
[debug] [2025-02-03T13:24:03.355Z] Finishing up request with event=finish {"metadata":{"emulator":{"name":"functions"},"function":{"name":"us-central1-api"},"extension":{},"message":"Finishing up request with event=finish"}}
[debug] [2025-02-03T13:24:03.355Z] Finishing up request with event=close {"metadata":{"emulator":{"name":"functions"},"function":{"name":"us-central1-api"},"extension":{},"message":"Finishing up request with event=close"}}
[debug] [2025-02-03T13:24:03.355Z] [work-queue] {"queuedWork":[],"queueLength":0,"runningWork":["/novemb-f2496/us-central1/api/payments/create-2025-02-03T13:24:02.855Z"],"workRunningCount":1}
[info] >  Error creating payment intent: StripeInvalidRequestError: The amount must be greater than or equal to the minimum charge amount allowed for your account and the currency set (https://docs.stripe.com/currencies#minimum-and-maximum-charge-amounts).  If you want to save a Payment Method for future use without an immediate payment, use a Setup Intent instead: https://docs.stripe.com/payments/setup-intents {"user":"Error creating payment intent: StripeInvalidRequestError: The amount must be greater than or equal to the minimum charge amount allowed for your account and the currency set (https://docs.stripe.com/currencies#minimum-and-maximum-charge-amounts).  If you want to save a Payment Method for future use without an immediate payment, use a Setup Intent instead: https://docs.stripe.com/payments/setup-intents","metadata":{"emulator":{"name":"functions"},"function":{"name":"us-central1-api"},"extension":{},"message":"\u001b[90m> \u001b[39m Error creating payment intent: StripeInvalidRequestError: The amount must be greater than or equal to the minimum charge amount allowed for your account and the currency set (https://docs.stripe.com/currencies#minimum-and-maximum-charge-amounts).  If you want to save a Payment Method for future use without an immediate payment, use a Setup Intent instead: https://docs.stripe.com/payments/setup-intents"}}
[info] >      at generateV1Error (C:\Users\sata\OneDrive\Desktop\phase-1\phase-5\Amazon-clone-2024\amazon-clone\functions\node_modules\stripe\cjs\Error.js:11:20) {"user":"    at generateV1Error (C:\\Users\\sata\\OneDrive\\Desktop\\phase-1\\phase-5\\Amazon-clone-2024\\amazon-clone\\functions\\node_modules\\stripe\\cjs\\Error.js:11:20)","metadata":{"emulator":{"name":"functions"},"function":{"name":"us-central1-api"},"extension":{},"message":"\u001b[90m> \u001b[39m     at generateV1Error (C:\\Users\\sata\\OneDrive\\Desktop\\phase-1\\phase-5\\Amazon-clone-2024\\amazon-clone\\functions\\node_modules\\stripe\\cjs\\Error.js:11:20)"}}
[info] >      at res.toJSON.then.Error_js_1.StripeAPIError.message (C:\Users\sata\OneDrive\Desktop\phase-1\phase-5\Amazon-clone-2024\amazon-clone\functions\node_modules\stripe\cjs\RequestSender.js:108:62) {"user":"    at res.toJSON.then.Error_js_1.StripeAPIError.message (C:\\Users\\sata\\OneDrive\\Desktop\\phase-1\\phase-5\\Amazon-clone-2024\\amazon-clone\\functions\\node_modules\\stripe\\cjs\\RequestSender.js:108:62)","metadata":{"emulator":{"name":"functions"},"function":{"name":"us-central1-api"},"extension":{},"message":"\u001b[90m> \u001b[39m     at res.toJSON.then.Error_js_1.StripeAPIError.message (C:\\Users\\sata\\OneDrive\\Desktop\\phase-1\\phase-5\\Amazon-clone-2024\\amazon-clone\\functions\\node_modules\\stripe\\cjs\\RequestSender.js:108:62)"}}
[info] >      at process.processTicksAndRejections (node:internal/process/task_queues:95:5) { {"user":"    at process.processTicksAndRejections (node:internal/process/task_queues:95:5) {","metadata":{"emulator":{"name":"functions"},"function":{"name":"us-central1-api"},"extension":{},"message":"\u001b[90m> \u001b[39m     at process.processTicksAndRejections (node:internal/process/task_queues:95:5) {"}}
[info] >    type: 'StripeInvalidRequestError', {"user":"  type: 'StripeInvalidRequestError',","metadata":{"emulator":{"name":"functions"},"function":{"name":"us-central1-api"},"extension":{},"message":"\u001b[90m> \u001b[39m   type: 'StripeInvalidRequestError',"}}
[info] >    raw: { {"user":"  raw: {","metadata":{"emulator":{"name":"functions"},"function":{"name":"us-central1-api"},"extension":{},"message":"\u001b[90m> \u001b[39m   raw: {"}}
[info] >      code: 'parameter_invalid_integer', {"user":"    code: 'parameter_invalid_integer',","metadata":{"emulator":{"name":"functions"},"function":{"name":"us-central1-api"},"extension":{},"message":"\u001b[90m> \u001b[39m     code: 'parameter_invalid_integer',"}}
[info] >      doc_url: 'https://stripe.com/docs/error-codes/parameter-invalid-integer', {"user":"    doc_url: 'https://stripe.com/docs/error-codes/parameter-invalid-integer',","metadata":{"emulator":{"name":"functions"},"function":{"name":"us-central1-api"},"extension":{},"message":"\u001b[90m> \u001b[39m     doc_url: 'https://stripe.com/docs/error-codes/parameter-invalid-integer',"}}
[info] >      message: 'The amount must be greater than or equal to the minimum charge amount allowed for your account and the currency set (https://docs.stripe.com/currencies#minimum-and-maximum-charge-amounts).  If you want to save a Payment Method for future use without an immediate payment, use a Setup Intent instead: https://docs.stripe.com/payments/setup-intents', {"user":"    message: 'The amount must be greater than or equal to the minimum charge amount allowed for your account and the currency set (https://docs.stripe.com/currencies#minimum-and-maximum-charge-amounts).  If you want to save a Payment Method for future use without an immediate payment, use a Setup Intent instead: https://docs.stripe.com/payments/setup-intents',","metadata":{"emulator":{"name":"functions"},"function":{"name":"us-central1-api"},"extension":{},"message":"\u001b[90m> \u001b[39m     message: 'The amount must be greater than or equal to the minimum charge amount allowed for your account and the currency set (https://docs.stripe.com/currencies#minimum-and-maximum-charge-amounts).  If you want to save a Payment Method for future use without an immediate payment, use a Setup Intent instead: https://docs.stripe.com/payments/setup-intents',"}}
[info] >      param: 'amount', {"user":"    param: 'amount',","metadata":{"emulator":{"name":"functions"},"function":{"name":"us-central1-api"},"extension":{},"message":"\u001b[90m> \u001b[39m     param: 'amount',"}}
[info] >      request_log_url: 'https://dashboard.stripe.com/test/logs/req_3Fde6494Ni1o3x?t=1738589044', {"user":"    request_log_url: 'https://dashboard.stripe.com/test/logs/req_3Fde6494Ni1o3x?t=1738589044',","metadata":{"emulator":{"name":"functions"},"function":{"name":"us-central1-api"},"extension":{},"message":"\u001b[90m> \u001b[39m     request_log_url: 'https://dashboard.stripe.com/test/logs/req_3Fde6494Ni1o3x?t=1738589044',"}}
[info] >      type: 'invalid_request_error', {"user":"    type: 'invalid_request_error',","metadata":{"emulator":{"name":"functions"},"function":{"name":"us-central1-api"},"extension":{},"message":"\u001b[90m> \u001b[39m     type: 'invalid_request_error',"}}
[info] >      headers: { {"user":"    headers: {","metadata":{"emulator":{"name":"functions"},"function":{"name":"us-central1-api"},"extension":{},"message":"\u001b[90m> \u001b[39m     headers: {"}}
[info] >        server: 'nginx', {"user":"      server: 'nginx',","metadata":{"emulator":{"name":"functions"},"function":{"name":"us-central1-api"},"extension":{},"message":"\u001b[90m> \u001b[39m       server: 'nginx',"}}
[info] >        date: 'Mon, 03 Feb 2025 13:24:04 GMT', {"user":"      date: 'Mon, 03 Feb 2025 13:24:04 GMT',","metadata":{"emulator":{"name":"functions"},"function":{"name":"us-central1-api"},"extension":{},"message":"\u001b[90m> \u001b[39m       date: 'Mon, 03 Feb 2025 13:24:04 GMT',"}}
[info] >        'content-type': 'application/json', {"user":"      'content-type': 'application/json',","metadata":{"emulator":{"name":"functions"},"function":{"name":"us-central1-api"},"extension":{},"message":"\u001b[90m> \u001b[39m       'content-type': 'application/json',"}}
[info] >        'content-length': '663', {"user":"      'content-length': '663',","metadata":{"emulator":{"name":"functions"},"function":{"name":"us-central1-api"},"extension":{},"message":"\u001b[90m> \u001b[39m       'content-length': '663',"}}
[info] >        connection: 'keep-alive', {"user":"      connection: 'keep-alive',","metadata":{"emulator":{"name":"functions"},"function":{"name":"us-central1-api"},"extension":{},"message":"\u001b[90m> \u001b[39m       connection: 'keep-alive',"}}
[info] >        'access-control-allow-credentials': 'true', {"user":"      'access-control-allow-credentials': 'true',","metadata":{"emulator":{"name":"functions"},"function":{"name":"us-central1-api"},"extension":{},"message":"\u001b[90m> \u001b[39m       'access-control-allow-credentials': 'true',"}}
[info] >        'access-control-allow-methods': 'GET, HEAD, PUT, PATCH, POST, DELETE', {"user":"      'access-control-allow-methods': 'GET, HEAD, PUT, PATCH, POST, DELETE',","metadata":{"emulator":{"name":"functions"},"function":{"name":"us-central1-api"},"extension":{},"message":"\u001b[90m> \u001b[39m       'access-control-allow-methods': 'GET, HEAD, PUT, PATCH, POST, DELETE',"}}
[info] >        'access-control-allow-origin': '*', {"user":"      'access-control-allow-origin': '*',","metadata":{"emulator":{"name":"functions"},"function":{"name":"us-central1-api"},"extension":{},"message":"\u001b[90m> \u001b[39m       'access-control-allow-origin': '*',"}}
[info] >        'access-control-expose-headers': 'Request-Id, Stripe-Manage-Version, Stripe-Should-Retry, X-Stripe-External-Auth-Required, X-Stripe-Privileged-Session-Required', {"user":"      'access-control-expose-headers': 'Request-Id, Stripe-Manage-Version, Stripe-Should-Retry, X-Stripe-External-Auth-Required, X-Stripe-Privileged-Session-Required',","metadata":{"emulator":{"name":"functions"},"function":{"name":"us-central1-api"},"extension":{},"message":"\u001b[90m> \u001b[39m       'access-control-expose-headers': 'Request-Id, Stripe-Manage-Version, Stripe-Should-Retry, X-Stripe-External-Auth-Required, X-Stripe-Privileged-Session-Required',"}}
[info] >        'access-control-max-age': '300', {"user":"      'access-control-max-age': '300',","metadata":{"emulator":{"name":"functions"},"function":{"name":"us-central1-api"},"extension":{},"message":"\u001b[90m> \u001b[39m       'access-control-max-age': '300',"}}
[info] >        'cache-control': 'no-cache, no-store', {"user":"      'cache-control': 'no-cache, no-store',","metadata":{"emulator":{"name":"functions"},"function":{"name":"us-central1-api"},"extension":{},"message":"\u001b[90m> \u001b[39m       'cache-control': 'no-cache, no-store',"}}
[info] >        'content-security-policy': "base-uri 'none'; default-src 'none'; form-action 'none'; frame-ancestors 'none'; img-src 'self'; script-src 'self' 'report-sample'; style-src 'self'; upgrade-insecure-requests; report-uri https://q.stripe.com/csp-violation?q=Ot721KErCxpv-t-kUvxoOC_mUr0JwLjEG__h1VFdQnRYfmHAcBYi8_AScM3BTdpmEteeildW0WLyd86Q", {"user":"      'content-security-policy': \"base-uri 'none'; default-src 'none'; form-action 'none'; frame-ancestors 'none'; img-src 'self'; script-src 'self' 'report-sample'; style-src 'self'; upgrade-insecure-requests; report-uri https://q.stripe.com/csp-violation?q=Ot721KErCxpv-t-kUvxoOC_mUr0JwLjEG__h1VFdQnRYfmHAcBYi8_AScM3BTdpmEteeildW0WLyd86Q\",","metadata":{"emulator":{"name":"functions"},"function":{"name":"us-central1-api"},"extension":{},"message":"\u001b[90m> \u001b[39m       'content-security-policy': \"base-uri 'none'; default-src 'none'; form-action 'none'; frame-ancestors 'none'; img-src 'self'; script-src 'self' 'report-sample'; style-src 'self'; upgrade-insecure-requests; report-uri https://q.stripe.com/csp-violation?q=Ot721KErCxpv-t-kUvxoOC_mUr0JwLjEG__h1VFdQnRYfmHAcBYi8_AScM3BTdpmEteeildW0WLyd86Q\","}}
[info] >        'cross-origin-opener-policy-report-only': 'same-origin; report-to="coop"', {"user":"      'cross-origin-opener-policy-report-only': 'same-origin; report-to=\"coop\"',","metadata":{"emulator":{"name":"functions"},"function":{"name":"us-central1-api"},"extension":{},"message":"\u001b[90m> \u001b[39m       'cross-origin-opener-policy-report-only': 'same-origin; report-to=\"coop\"',"}}
[info] >        'idempotency-key': 'stripe-node-retry-1a0f421a-9691-4d3f-93c3-dc13ada1969b', {"user":"      'idempotency-key': 'stripe-node-retry-1a0f421a-9691-4d3f-93c3-dc13ada1969b',","metadata":{"emulator":{"name":"functions"},"function":{"name":"us-central1-api"},"extension":{},"message":"\u001b[90m> \u001b[39m       'idempotency-key': 'stripe-node-retry-1a0f421a-9691-4d3f-93c3-dc13ada1969b',"}}
[info] >        'original-request': 'req_3Fde6494Ni1o3x', {"user":"      'original-request': 'req_3Fde6494Ni1o3x',","metadata":{"emulator":{"name":"functions"},"function":{"name":"us-central1-api"},"extension":{},"message":"\u001b[90m> \u001b[39m       'original-request': 'req_3Fde6494Ni1o3x',"}}
[info] >        'report-to': '{"group":"coop","max_age":8640,"endpoints":[{"url":"https://q.stripe.com/coop-report"}],"include_subdomains":true}', {"user":"      'report-to': '{\"group\":\"coop\",\"max_age\":8640,\"endpoints\":[{\"url\":\"https://q.stripe.com/coop-report\"}],\"include_subdomains\":true}',","metadata":{"emulator":{"name":"functions"},"function":{"name":"us-central1-api"},"extension":{},"message":"\u001b[90m> \u001b[39m       'report-to': '{\"group\":\"coop\",\"max_age\":8640,\"endpoints\":[{\"url\":\"https://q.stripe.com/coop-report\"}],\"include_subdomains\":true}',"}}
[info] >        'reporting-endpoints': 'coop="https://q.stripe.com/coop-report"', {"user":"      'reporting-endpoints': 'coop=\"https://q.stripe.com/coop-report\"',","metadata":{"emulator":{"name":"functions"},"function":{"name":"us-central1-api"},"extension":{},"message":"\u001b[90m> \u001b[39m       'reporting-endpoints': 'coop=\"https://q.stripe.com/coop-report\"',"}}
[info] >        'request-id': 'req_3Fde6494Ni1o3x', {"user":"      'request-id': 'req_3Fde6494Ni1o3x',","metadata":{"emulator":{"name":"functions"},"function":{"name":"us-central1-api"},"extension":{},"message":"\u001b[90m> \u001b[39m       'request-id': 'req_3Fde6494Ni1o3x',"}}
[info] >        'stripe-version': '2025-01-27.acacia', {"user":"      'stripe-version': '2025-01-27.acacia',","metadata":{"emulator":{"name":"functions"},"function":{"name":"us-central1-api"},"extension":{},"message":"\u001b[90m> \u001b[39m       'stripe-version': '2025-01-27.acacia',"}}
[info] >        vary: 'Origin', {"user":"      vary: 'Origin',","metadata":{"emulator":{"name":"functions"},"function":{"name":"us-central1-api"},"extension":{},"message":"\u001b[90m> \u001b[39m       vary: 'Origin',"}}
[info] >        'x-stripe-priority-routing-enabled': 'true', {"user":"      'x-stripe-priority-routing-enabled': 'true',","metadata":{"emulator":{"name":"functions"},"function":{"name":"us-central1-api"},"extension":{},"message":"\u001b[90m> \u001b[39m       'x-stripe-priority-routing-enabled': 'true',"}}
[info] >        'x-stripe-routing-context-priority-tier': 'api-testmode', {"user":"      'x-stripe-routing-context-priority-tier': 'api-testmode',","metadata":{"emulator":{"name":"functions"},"function":{"name":"us-central1-api"},"extension":{},"message":"\u001b[90m> \u001b[39m       'x-stripe-routing-context-priority-tier': 'api-testmode',"}}
[info] >        'x-wc': 'AB', {"user":"      'x-wc': 'AB',","metadata":{"emulator":{"name":"functions"},"function":{"name":"us-central1-api"},"extension":{},"message":"\u001b[90m> \u001b[39m       'x-wc': 'AB',"}}
[info] >        'strict-transport-security': 'max-age=63072000; includeSubDomains; preload' {"user":"      'strict-transport-security': 'max-age=63072000; includeSubDomains; preload'","metadata":{"emulator":{"name":"functions"},"function":{"name":"us-central1-api"},"extension":{},"message":"\u001b[90m> \u001b[39m       'strict-transport-security': 'max-age=63072000; includeSubDomains; preload'"}}
[info] >      }, {"user":"    },","metadata":{"emulator":{"name":"functions"},"function":{"name":"us-central1-api"},"extension":{},"message":"\u001b[90m> \u001b[39m     },"}}
[info] >      statusCode: 400, {"user":"    statusCode: 400,","metadata":{"emulator":{"name":"functions"},"function":{"name":"us-central1-api"},"extension":{},"message":"\u001b[90m> \u001b[39m     statusCode: 400,"}}
[info] >      requestId: 'req_3Fde6494Ni1o3x' {"user":"    requestId: 'req_3Fde6494Ni1o3x'","metadata":{"emulator":{"name":"functions"},"function":{"name":"us-central1-api"},"extension":{},"message":"\u001b[90m> \u001b[39m     requestId: 'req_3Fde6494Ni1o3x'"}}
[info] >    }, {"user":"  },","metadata":{"emulator":{"name":"functions"},"function":{"name":"us-central1-api"},"extension":{},"message":"\u001b[90m> \u001b[39m   },"}}
[info] >    rawType: 'invalid_request_error', {"user":"  rawType: 'invalid_request_error',","metadata":{"emulator":{"name":"functions"},"function":{"name":"us-central1-api"},"extension":{},"message":"\u001b[90m> \u001b[39m   rawType: 'invalid_request_error',"}}
[info] >    code: 'parameter_invalid_integer', {"user":"  code: 'parameter_invalid_integer',","metadata":{"emulator":{"name":"functions"},"function":{"name":"us-central1-api"},"extension":{},"message":"\u001b[90m> \u001b[39m   code: 'parameter_invalid_integer',"}}
[info] >    doc_url: 'https://stripe.com/docs/error-codes/parameter-invalid-integer', {"user":"  doc_url: 'https://stripe.com/docs/error-codes/parameter-invalid-integer',","metadata":{"emulator":{"name":"functions"},"function":{"name":"us-central1-api"},"extension":{},"message":"\u001b[90m> \u001b[39m   doc_url: 'https://stripe.com/docs/error-codes/parameter-invalid-integer',"}}
[info] >    param: 'amount', {"user":"  param: 'amount',","metadata":{"emulator":{"name":"functions"},"function":{"name":"us-central1-api"},"extension":{},"message":"\u001b[90m> \u001b[39m   param: 'amount',"}}
[info] >    detail: undefined, {"user":"  detail: undefined,","metadata":{"emulator":{"name":"functions"},"function":{"name":"us-central1-api"},"extension":{},"message":"\u001b[90m> \u001b[39m   detail: undefined,"}}
[info] >    headers: { {"user":"  headers: {","metadata":{"emulator":{"name":"functions"},"function":{"name":"us-central1-api"},"extension":{},"message":"\u001b[90m> \u001b[39m   headers: {"}}
[info] >      server: 'nginx', {"user":"    server: 'nginx',","metadata":{"emulator":{"name":"functions"},"function":{"name":"us-central1-api"},"extension":{},"message":"\u001b[90m> \u001b[39m     server: 'nginx',"}}
[info] >      date: 'Mon, 03 Feb 2025 13:24:04 GMT', {"user":"    date: 'Mon, 03 Feb 2025 13:24:04 GMT',","metadata":{"emulator":{"name":"functions"},"function":{"name":"us-central1-api"},"extension":{},"message":"\u001b[90m> \u001b[39m     date: 'Mon, 03 Feb 2025 13:24:04 GMT',"}}
[info] >      'content-type': 'application/json', {"user":"    'content-type': 'application/json',","metadata":{"emulator":{"name":"functions"},"function":{"name":"us-central1-api"},"extension":{},"message":"\u001b[90m> \u001b[39m     'content-type': 'application/json',"}}
[info] >      'content-length': '663', {"user":"    'content-length': '663',","metadata":{"emulator":{"name":"functions"},"function":{"name":"us-central1-api"},"extension":{},"message":"\u001b[90m> \u001b[39m     'content-length': '663',"}}
[info] >      connection: 'keep-alive', {"user":"    connection: 'keep-alive',","metadata":{"emulator":{"name":"functions"},"function":{"name":"us-central1-api"},"extension":{},"message":"\u001b[90m> \u001b[39m     connection: 'keep-alive',"}}
[info] >      'access-control-allow-credentials': 'true', {"user":"    'access-control-allow-credentials': 'true',","metadata":{"emulator":{"name":"functions"},"function":{"name":"us-central1-api"},"extension":{},"message":"\u001b[90m> \u001b[39m     'access-control-allow-credentials': 'true',"}}
[info] >      'access-control-allow-methods': 'GET, HEAD, PUT, PATCH, POST, DELETE', {"user":"    'access-control-allow-methods': 'GET, HEAD, PUT, PATCH, POST, DELETE',","metadata":{"emulator":{"name":"functions"},"function":{"name":"us-central1-api"},"extension":{},"message":"\u001b[90m> \u001b[39m     'access-control-allow-methods': 'GET, HEAD, PUT, PATCH, POST, DELETE',"}}
[info] >      'access-control-allow-origin': '*', {"user":"    'access-control-allow-origin': '*',","metadata":{"emulator":{"name":"functions"},"function":{"name":"us-central1-api"},"extension":{},"message":"\u001b[90m> \u001b[39m     'access-control-allow-origin': '*',"}}
[info] >      'access-control-expose-headers': 'Request-Id, Stripe-Manage-Version, Stripe-Should-Retry, X-Stripe-External-Auth-Required, X-Stripe-Privileged-Session-Required', {"user":"    'access-control-expose-headers': 'Request-Id, Stripe-Manage-Version, Stripe-Should-Retry, X-Stripe-External-Auth-Required, X-Stripe-Privileged-Session-Required',","metadata":{"emulator":{"name":"functions"},"function":{"name":"us-central1-api"},"extension":{},"message":"\u001b[90m> \u001b[39m     'access-control-expose-headers': 'Request-Id, Stripe-Manage-Version, Stripe-Should-Retry, X-Stripe-External-Auth-Required, X-Stripe-Privileged-Session-Required',"}}
[info] >      'access-control-max-age': '300', {"user":"    'access-control-max-age': '300',","metadata":{"emulator":{"name":"functions"},"function":{"name":"us-central1-api"},"extension":{},"message":"\u001b[90m> \u001b[39m     'access-control-max-age': '300',"}}
[info] >      'cache-control': 'no-cache, no-store', {"user":"    'cache-control': 'no-cache, no-store',","metadata":{"emulator":{"name":"functions"},"function":{"name":"us-central1-api"},"extension":{},"message":"\u001b[90m> \u001b[39m     'cache-control': 'no-cache, no-store',"}}
[info] >      'content-security-policy': "base-uri 'none'; default-src 'none'; form-action 'none'; frame-ancestors 'none'; img-src 'self'; script-src 'self' 'report-sample'; style-src 'self'; upgrade-insecure-requests; report-uri https://q.stripe.com/csp-violation?q=Ot721KErCxpv-t-kUvxoOC_mUr0JwLjEG__h1VFdQnRYfmHAcBYi8_AScM3BTdpmEteeildW0WLyd86Q", {"user":"    'content-security-policy': \"base-uri 'none'; default-src 'none'; form-action 'none'; frame-ancestors 'none'; img-src 'self'; script-src 'self' 'report-sample'; style-src 'self'; upgrade-insecure-requests; report-uri https://q.stripe.com/csp-violation?q=Ot721KErCxpv-t-kUvxoOC_mUr0JwLjEG__h1VFdQnRYfmHAcBYi8_AScM3BTdpmEteeildW0WLyd86Q\",","metadata":{"emulator":{"name":"functions"},"function":{"name":"us-central1-api"},"extension":{},"message":"\u001b[90m> \u001b[39m     'content-security-policy': \"base-uri 'none'; default-src 'none'; form-action 'none'; frame-ancestors 'none'; img-src 'self'; script-src 'self' 'report-sample'; style-src 'self'; upgrade-insecure-requests; report-uri https://q.stripe.com/csp-violation?q=Ot721KErCxpv-t-kUvxoOC_mUr0JwLjEG__h1VFdQnRYfmHAcBYi8_AScM3BTdpmEteeildW0WLyd86Q\","}}
[info] >      'cross-origin-opener-policy-report-only': 'same-origin; report-to="coop"', {"user":"    'cross-origin-opener-policy-report-only': 'same-origin; report-to=\"coop\"',","metadata":{"emulator":{"name":"functions"},"function":{"name":"us-central1-api"},"extension":{},"message":"\u001b[90m> \u001b[39m     'cross-origin-opener-policy-report-only': 'same-origin; report-to=\"coop\"',"}}
[info] >      'idempotency-key': 'stripe-node-retry-1a0f421a-9691-4d3f-93c3-dc13ada1969b', {"user":"    'idempotency-key': 'stripe-node-retry-1a0f421a-9691-4d3f-93c3-dc13ada1969b',","metadata":{"emulator":{"name":"functions"},"function":{"name":"us-central1-api"},"extension":{},"message":"\u001b[90m> \u001b[39m     'idempotency-key': 'stripe-node-retry-1a0f421a-9691-4d3f-93c3-dc13ada1969b',"}}
[info] >      'original-request': 'req_3Fde6494Ni1o3x', {"user":"    'original-request': 'req_3Fde6494Ni1o3x',","metadata":{"emulator":{"name":"functions"},"function":{"name":"us-central1-api"},"extension":{},"message":"\u001b[90m> \u001b[39m     'original-request': 'req_3Fde6494Ni1o3x',"}}
[info] >      'report-to': '{"group":"coop","max_age":8640,"endpoints":[{"url":"https://q.stripe.com/coop-report"}],"include_subdomains":true}', {"user":"    'report-to': '{\"group\":\"coop\",\"max_age\":8640,\"endpoints\":[{\"url\":\"https://q.stripe.com/coop-report\"}],\"include_subdomains\":true}',","metadata":{"emulator":{"name":"functions"},"function":{"name":"us-central1-api"},"extension":{},"message":"\u001b[90m> \u001b[39m     'report-to': '{\"group\":\"coop\",\"max_age\":8640,\"endpoints\":[{\"url\":\"https://q.stripe.com/coop-report\"}],\"include_subdomains\":true}',"}}
[info] >      'reporting-endpoints': 'coop="https://q.stripe.com/coop-report"', {"user":"    'reporting-endpoints': 'coop=\"https://q.stripe.com/coop-report\"',","metadata":{"emulator":{"name":"functions"},"function":{"name":"us-central1-api"},"extension":{},"message":"\u001b[90m> \u001b[39m     'reporting-endpoints': 'coop=\"https://q.stripe.com/coop-report\"',"}}
[info] >      'request-id': 'req_3Fde6494Ni1o3x', {"user":"    'request-id': 'req_3Fde6494Ni1o3x',","metadata":{"emulator":{"name":"functions"},"function":{"name":"us-central1-api"},"extension":{},"message":"\u001b[90m> \u001b[39m     'request-id': 'req_3Fde6494Ni1o3x',"}}
[info] >      'stripe-version': '2025-01-27.acacia', {"user":"    'stripe-version': '2025-01-27.acacia',","metadata":{"emulator":{"name":"functions"},"function":{"name":"us-central1-api"},"extension":{},"message":"\u001b[90m> \u001b[39m     'stripe-version': '2025-01-27.acacia',"}}
[info] >      vary: 'Origin', {"user":"    vary: 'Origin',","metadata":{"emulator":{"name":"functions"},"function":{"name":"us-central1-api"},"extension":{},"message":"\u001b[90m> \u001b[39m     vary: 'Origin',"}}
[info] >      'x-stripe-priority-routing-enabled': 'true', {"user":"    'x-stripe-priority-routing-enabled': 'true',","metadata":{"emulator":{"name":"functions"},"function":{"name":"us-central1-api"},"extension":{},"message":"\u001b[90m> \u001b[39m     'x-stripe-priority-routing-enabled': 'true',"}}
[info] >      'x-stripe-routing-context-priority-tier': 'api-testmode', {"user":"    'x-stripe-routing-context-priority-tier': 'api-testmode',","metadata":{"emulator":{"name":"functions"},"function":{"name":"us-central1-api"},"extension":{},"message":"\u001b[90m> \u001b[39m     'x-stripe-routing-context-priority-tier': 'api-testmode',"}}
[info] >      'x-wc': 'AB', {"user":"    'x-wc': 'AB',","metadata":{"emulator":{"name":"functions"},"function":{"name":"us-central1-api"},"extension":{},"message":"\u001b[90m> \u001b[39m     'x-wc': 'AB',"}}
[info] >      'strict-transport-security': 'max-age=63072000; includeSubDomains; preload' {"user":"    'strict-transport-security': 'max-age=63072000; includeSubDomains; preload'","metadata":{"emulator":{"name":"functions"},"function":{"name":"us-central1-api"},"extension":{},"message":"\u001b[90m> \u001b[39m     'strict-transport-security': 'max-age=63072000; includeSubDomains; preload'"}}
[info] >    }, {"user":"  },","metadata":{"emulator":{"name":"functions"},"function":{"name":"us-central1-api"},"extension":{},"message":"\u001b[90m> \u001b[39m   },"}}
[info] >    requestId: 'req_3Fde6494Ni1o3x', {"user":"  requestId: 'req_3Fde6494Ni1o3x',","metadata":{"emulator":{"name":"functions"},"function":{"name":"us-central1-api"},"extension":{},"message":"\u001b[90m> \u001b[39m   requestId: 'req_3Fde6494Ni1o3x',"}}
[info] >    statusCode: 400, {"user":"  statusCode: 400,","metadata":{"emulator":{"name":"functions"},"function":{"name":"us-central1-api"},"extension":{},"message":"\u001b[90m> \u001b[39m   statusCode: 400,"}}
[info] >    userMessage: undefined, {"user":"  userMessage: undefined,","metadata":{"emulator":{"name":"functions"},"function":{"name":"us-central1-api"},"extension":{},"message":"\u001b[90m> \u001b[39m   userMessage: undefined,"}}
[info] >    charge: undefined, {"user":"  charge: undefined,","metadata":{"emulator":{"name":"functions"},"function":{"name":"us-central1-api"},"extension":{},"message":"\u001b[90m> \u001b[39m   charge: undefined,"}}
[info] >    decline_code: undefined, {"user":"  decline_code: undefined,","metadata":{"emulator":{"name":"functions"},"function":{"name":"us-central1-api"},"extension":{},"message":"\u001b[90m> \u001b[39m   decline_code: undefined,"}}
[info] >    payment_intent: undefined, {"user":"  payment_intent: undefined,","metadata":{"emulator":{"name":"functions"},"function":{"name":"us-central1-api"},"extension":{},"message":"\u001b[90m> \u001b[39m   payment_intent: undefined,"}}
[info] >    payment_method: undefined, {"user":"  payment_method: undefined,","metadata":{"emulator":{"name":"functions"},"function":{"name":"us-central1-api"},"extension":{},"message":"\u001b[90m> \u001b[39m   payment_method: undefined,"}}
[info] >    payment_method_type: undefined, {"user":"  payment_method_type: undefined,","metadata":{"emulator":{"name":"functions"},"function":{"name":"us-central1-api"},"extension":{},"message":"\u001b[90m> \u001b[39m   payment_method_type: undefined,"}}
[info] >    setup_intent: undefined, {"user":"  setup_intent: undefined,","metadata":{"emulator":{"name":"functions"},"function":{"name":"us-central1-api"},"extension":{},"message":"\u001b[90m> \u001b[39m   setup_intent: undefined,"}}
[info] >    source: undefined {"user":"  source: undefined","metadata":{"emulator":{"name":"functions"},"function":{"name":"us-central1-api"},"extension":{},"message":"\u001b[90m> \u001b[39m   source: undefined"}}
[info] >  } {"user":"}","metadata":{"emulator":{"name":"functions"},"function":{"name":"us-central1-api"},"extension":{},"message":"\u001b[90m> \u001b[39m }"}}
[debug] [2025-02-03T13:24:03.596Z] Finishing up request with event=pause {"metadata":{"emulator":{"name":"functions"},"function":{"name":"us-central1-api"},"extension":{},"message":"Finishing up request with event=pause"}}
[info] i  functions: Finished "us-central1-api" in 739.0248ms {"metadata":{"emulator":{"name":"functions"},"function":{"name":"us-central1-api"},"extension":{},"message":"Finished \"us-central1-api\" in 739.0248ms"}}
[debug] [2025-02-03T13:24:03.601Z] [worker-us-central1-api-b84fc486-f755-4413-8680-a40b2d3838d0]: IDLE {"metadata":{"emulator":{"name":"functions"},"function":{"name":"us-central1-api"},"extension":{},"message":"[worker-us-central1-api-b84fc486-f755-4413-8680-a40b2d3838d0]: IDLE"}}
[debug] [2025-02-03T13:24:03.602Z] Finishing up request with event=finish {"metadata":{"emulator":{"name":"functions"},"function":{"name":"us-central1-api"},"extension":{},"message":"Finishing up request with event=finish"}}
[debug] [2025-02-03T13:24:03.602Z] Finishing up request with event=close {"metadata":{"emulator":{"name":"functions"},"function":{"name":"us-central1-api"},"extension":{},"message":"Finishing up request with event=close"}}
[debug] [2025-02-03T13:24:03.603Z] [work-queue] {"queuedWork":[],"queueLength":0,"runningWork":[],"workRunningCount":0}
[debug] [2025-02-03T13:24:26.621Z] [work-queue] {"queuedWork":["/novemb-f2496/us-central1/api/payments/create-2025-02-03T13:24:26.621Z"],"queueLength":1,"runningWork":[],"workRunningCount":0}
[debug] [2025-02-03T13:24:26.622Z] [work-queue] {"queuedWork":[],"queueLength":0,"runningWork":["/novemb-f2496/us-central1/api/payments/create-2025-02-03T13:24:26.621Z"],"workRunningCount":1}
[debug] [2025-02-03T13:24:26.622Z] Accepted request POST /novemb-f2496/us-central1/api/payments/create?total=4400 --> us-central1-api
[debug] [2025-02-03T13:24:26.624Z] [functions] Runtime ready! Sending request! {"metadata":{"emulator":{"name":"functions"},"message":"[functions] Runtime ready! Sending request!"}}
[debug] [2025-02-03T13:24:26.625Z] [functions] Got req.url=/novemb-f2496/us-central1/api/payments/create?total=4400, mapping to path=/payments/create?total=4400 {"metadata":{"emulator":{"name":"functions"},"message":"[functions] Got req.url=/novemb-f2496/us-central1/api/payments/create?total=4400, mapping to path=/payments/create?total=4400"}}
[debug] [2025-02-03T13:24:26.625Z] [worker-pool] submitRequest(triggerId=us-central1-api) {"metadata":{"emulator":{"name":"functions"},"message":"[worker-pool] submitRequest(triggerId=us-central1-api)"}}
[info] i  functions: Beginning execution of "us-central1-api" {"metadata":{"emulator":{"name":"functions"},"function":{"name":"us-central1-api"},"extension":{},"message":"Beginning execution of \"us-central1-api\""}}
[debug] [2025-02-03T13:24:26.631Z] [worker-us-central1-api-f2df7793-dd30-4128-aa50-a5fdcf6772d2]: BUSY {"metadata":{"emulator":{"name":"functions"},"function":{"name":"us-central1-api"},"extension":{},"message":"[worker-us-central1-api-f2df7793-dd30-4128-aa50-a5fdcf6772d2]: BUSY"}}
[debug] [2025-02-03T13:24:26.636Z] [work-queue] {"queuedWork":["/novemb-f2496/us-central1/api/payments/create-2025-02-03T13:24:26.636Z"],"queueLength":1,"runningWork":["/novemb-f2496/us-central1/api/payments/create-2025-02-03T13:24:26.621Z"],"workRunningCount":1}
[debug] [2025-02-03T13:24:26.637Z] [work-queue] {"queuedWork":[],"queueLength":0,"runningWork":["/novemb-f2496/us-central1/api/payments/create-2025-02-03T13:24:26.621Z","/novemb-f2496/us-central1/api/payments/create-2025-02-03T13:24:26.636Z"],"workRunningCount":2}
[debug] [2025-02-03T13:24:26.637Z] Accepted request POST /novemb-f2496/us-central1/api/payments/create?total=4400 --> us-central1-api
[debug] [2025-02-03T13:24:26.640Z] [functions] Runtime ready! Sending request! {"metadata":{"emulator":{"name":"functions"},"message":"[functions] Runtime ready! Sending request!"}}
[debug] [2025-02-03T13:24:26.641Z] [functions] Got req.url=/novemb-f2496/us-central1/api/payments/create?total=4400, mapping to path=/payments/create?total=4400 {"metadata":{"emulator":{"name":"functions"},"message":"[functions] Got req.url=/novemb-f2496/us-central1/api/payments/create?total=4400, mapping to path=/payments/create?total=4400"}}
[debug] [2025-02-03T13:24:26.641Z] [worker-pool] submitRequest(triggerId=us-central1-api) {"metadata":{"emulator":{"name":"functions"},"message":"[worker-pool] submitRequest(triggerId=us-central1-api)"}}
[info] i  functions: Beginning execution of "us-central1-api" {"metadata":{"emulator":{"name":"functions"},"function":{"name":"us-central1-api"},"extension":{},"message":"Beginning execution of \"us-central1-api\""}}
[debug] [2025-02-03T13:24:26.651Z] [worker-us-central1-api-b84fc486-f755-4413-8680-a40b2d3838d0]: BUSY {"metadata":{"emulator":{"name":"functions"},"function":{"name":"us-central1-api"},"extension":{},"message":"[worker-us-central1-api-b84fc486-f755-4413-8680-a40b2d3838d0]: BUSY"}}
[info] >  payment request received for this amount == 4400 {"user":"payment request received for this amount == 4400","metadata":{"emulator":{"name":"functions"},"function":{"name":"us-central1-api"},"extension":{},"message":"\u001b[90m> \u001b[39m payment request received for this amount == 4400"}}
[info] >  payment request received for this amount == 4400 {"user":"payment request received for this amount == 4400","metadata":{"emulator":{"name":"functions"},"function":{"name":"us-central1-api"},"extension":{},"message":"\u001b[90m> \u001b[39m payment request received for this amount == 4400"}}
[debug] [2025-02-03T13:24:27.095Z] Finishing up request with event=pause {"metadata":{"emulator":{"name":"functions"},"function":{"name":"us-central1-api"},"extension":{},"message":"Finishing up request with event=pause"}}
[info] i  functions: Finished "us-central1-api" in 444.7498ms {"metadata":{"emulator":{"name":"functions"},"function":{"name":"us-central1-api"},"extension":{},"message":"Finished \"us-central1-api\" in 444.7498ms"}}
[debug] [2025-02-03T13:24:27.099Z] [worker-us-central1-api-b84fc486-f755-4413-8680-a40b2d3838d0]: IDLE {"metadata":{"emulator":{"name":"functions"},"function":{"name":"us-central1-api"},"extension":{},"message":"[worker-us-central1-api-b84fc486-f755-4413-8680-a40b2d3838d0]: IDLE"}}
[debug] [2025-02-03T13:24:27.099Z] Finishing up request with event=finish {"metadata":{"emulator":{"name":"functions"},"function":{"name":"us-central1-api"},"extension":{},"message":"Finishing up request with event=finish"}}
[debug] [2025-02-03T13:24:27.100Z] Finishing up request with event=close {"metadata":{"emulator":{"name":"functions"},"function":{"name":"us-central1-api"},"extension":{},"message":"Finishing up request with event=close"}}
[debug] [2025-02-03T13:24:27.100Z] [work-queue] {"queuedWork":[],"queueLength":0,"runningWork":["/novemb-f2496/us-central1/api/payments/create-2025-02-03T13:24:26.621Z"],"workRunningCount":1}
[debug] [2025-02-03T13:24:27.113Z] Finishing up request with event=pause {"metadata":{"emulator":{"name":"functions"},"function":{"name":"us-central1-api"},"extension":{},"message":"Finishing up request with event=pause"}}
[info] i  functions: Finished "us-central1-api" in 485.6167ms {"metadata":{"emulator":{"name":"functions"},"function":{"name":"us-central1-api"},"extension":{},"message":"Finished \"us-central1-api\" in 485.6167ms"}}
[debug] [2025-02-03T13:24:27.121Z] [worker-us-central1-api-f2df7793-dd30-4128-aa50-a5fdcf6772d2]: IDLE {"metadata":{"emulator":{"name":"functions"},"function":{"name":"us-central1-api"},"extension":{},"message":"[worker-us-central1-api-f2df7793-dd30-4128-aa50-a5fdcf6772d2]: IDLE"}}
[debug] [2025-02-03T13:24:27.122Z] Finishing up request with event=finish {"metadata":{"emulator":{"name":"functions"},"function":{"name":"us-central1-api"},"extension":{},"message":"Finishing up request with event=finish"}}
[debug] [2025-02-03T13:24:27.122Z] Finishing up request with event=close {"metadata":{"emulator":{"name":"functions"},"function":{"name":"us-central1-api"},"extension":{},"message":"Finishing up request with event=close"}}
[debug] [2025-02-03T13:24:27.123Z] [work-queue] {"queuedWork":[],"queueLength":0,"runningWork":[],"workRunningCount":0}
[debug] [2025-02-03T13:26:41.119Z] [work-queue] {"queuedWork":["/novemb-f2496/us-central1/api/payments/create-2025-02-03T13:26:41.118Z"],"queueLength":1,"runningWork":[],"workRunningCount":0}
[debug] [2025-02-03T13:26:41.120Z] [work-queue] {"queuedWork":[],"queueLength":0,"runningWork":["/novemb-f2496/us-central1/api/payments/create-2025-02-03T13:26:41.118Z"],"workRunningCount":1}
[debug] [2025-02-03T13:26:41.120Z] Accepted request POST /novemb-f2496/us-central1/api/payments/create?total=4400 --> us-central1-api
[debug] [2025-02-03T13:26:41.122Z] [functions] Runtime ready! Sending request! {"metadata":{"emulator":{"name":"functions"},"message":"[functions] Runtime ready! Sending request!"}}
[debug] [2025-02-03T13:26:41.123Z] [functions] Got req.url=/novemb-f2496/us-central1/api/payments/create?total=4400, mapping to path=/payments/create?total=4400 {"metadata":{"emulator":{"name":"functions"},"message":"[functions] Got req.url=/novemb-f2496/us-central1/api/payments/create?total=4400, mapping to path=/payments/create?total=4400"}}
[debug] [2025-02-03T13:26:41.123Z] [worker-pool] submitRequest(triggerId=us-central1-api) {"metadata":{"emulator":{"name":"functions"},"message":"[worker-pool] submitRequest(triggerId=us-central1-api)"}}
[info] i  functions: Beginning execution of "us-central1-api" {"metadata":{"emulator":{"name":"functions"},"function":{"name":"us-central1-api"},"extension":{},"message":"Beginning execution of \"us-central1-api\""}}
[debug] [2025-02-03T13:26:41.126Z] [worker-us-central1-api-f2df7793-dd30-4128-aa50-a5fdcf6772d2]: BUSY {"metadata":{"emulator":{"name":"functions"},"function":{"name":"us-central1-api"},"extension":{},"message":"[worker-us-central1-api-f2df7793-dd30-4128-aa50-a5fdcf6772d2]: BUSY"}}
[info] >  payment request received for this amount == 4400 {"user":"payment request received for this amount == 4400","metadata":{"emulator":{"name":"functions"},"function":{"name":"us-central1-api"},"extension":{},"message":"\u001b[90m> \u001b[39m payment request received for this amount == 4400"}}
[debug] [2025-02-03T13:26:42.018Z] Finishing up request with event=pause {"metadata":{"emulator":{"name":"functions"},"function":{"name":"us-central1-api"},"extension":{},"message":"Finishing up request with event=pause"}}
[info] i  functions: Finished "us-central1-api" in 893.3493ms {"metadata":{"emulator":{"name":"functions"},"function":{"name":"us-central1-api"},"extension":{},"message":"Finished \"us-central1-api\" in 893.3493ms"}}
[debug] [2025-02-03T13:26:42.024Z] [worker-us-central1-api-f2df7793-dd30-4128-aa50-a5fdcf6772d2]: IDLE {"metadata":{"emulator":{"name":"functions"},"function":{"name":"us-central1-api"},"extension":{},"message":"[worker-us-central1-api-f2df7793-dd30-4128-aa50-a5fdcf6772d2]: IDLE"}}
[debug] [2025-02-03T13:26:42.024Z] Finishing up request with event=finish {"metadata":{"emulator":{"name":"functions"},"function":{"name":"us-central1-api"},"extension":{},"message":"Finishing up request with event=finish"}}
[debug] [2025-02-03T13:26:42.025Z] Finishing up request with event=close {"metadata":{"emulator":{"name":"functions"},"function":{"name":"us-central1-api"},"extension":{},"message":"Finishing up request with event=close"}}
[debug] [2025-02-03T13:26:42.025Z] [work-queue] {"queuedWork":[],"queueLength":0,"runningWork":[],"workRunningCount":0}
[debug] [2025-02-03T13:29:39.110Z] [work-queue] {"queuedWork":["/novemb-f2496/us-central1/api/payments/create-2025-02-03T13:29:39.110Z"],"queueLength":1,"runningWork":[],"workRunningCount":0}
[debug] [2025-02-03T13:29:39.110Z] [work-queue] {"queuedWork":[],"queueLength":0,"runningWork":["/novemb-f2496/us-central1/api/payments/create-2025-02-03T13:29:39.110Z"],"workRunningCount":1}
[debug] [2025-02-03T13:29:39.111Z] Accepted request POST /novemb-f2496/us-central1/api/payments/create?total=4400 --> us-central1-api
[debug] [2025-02-03T13:29:39.111Z] [functions] Runtime ready! Sending request! {"metadata":{"emulator":{"name":"functions"},"message":"[functions] Runtime ready! Sending request!"}}
[debug] [2025-02-03T13:29:39.112Z] [functions] Got req.url=/novemb-f2496/us-central1/api/payments/create?total=4400, mapping to path=/payments/create?total=4400 {"metadata":{"emulator":{"name":"functions"},"message":"[functions] Got req.url=/novemb-f2496/us-central1/api/payments/create?total=4400, mapping to path=/payments/create?total=4400"}}
[debug] [2025-02-03T13:29:39.112Z] [worker-pool] submitRequest(triggerId=us-central1-api) {"metadata":{"emulator":{"name":"functions"},"message":"[worker-pool] submitRequest(triggerId=us-central1-api)"}}
[info] i  functions: Beginning execution of "us-central1-api" {"metadata":{"emulator":{"name":"functions"},"function":{"name":"us-central1-api"},"extension":{},"message":"Beginning execution of \"us-central1-api\""}}
[debug] [2025-02-03T13:29:39.113Z] [worker-us-central1-api-f2df7793-dd30-4128-aa50-a5fdcf6772d2]: BUSY {"metadata":{"emulator":{"name":"functions"},"function":{"name":"us-central1-api"},"extension":{},"message":"[worker-us-central1-api-f2df7793-dd30-4128-aa50-a5fdcf6772d2]: BUSY"}}
[info] >  payment request received for this amount == 4400 {"user":"payment request received for this amount == 4400","metadata":{"emulator":{"name":"functions"},"function":{"name":"us-central1-api"},"extension":{},"message":"\u001b[90m> \u001b[39m payment request received for this amount == 4400"}}
[debug] [2025-02-03T13:29:39.979Z] Finishing up request with event=pause {"metadata":{"emulator":{"name":"functions"},"function":{"name":"us-central1-api"},"extension":{},"message":"Finishing up request with event=pause"}}
[info] i  functions: Finished "us-central1-api" in 866.3276ms {"metadata":{"emulator":{"name":"functions"},"function":{"name":"us-central1-api"},"extension":{},"message":"Finished \"us-central1-api\" in 866.3276ms"}}
[debug] [2025-02-03T13:29:39.982Z] [worker-us-central1-api-f2df7793-dd30-4128-aa50-a5fdcf6772d2]: IDLE {"metadata":{"emulator":{"name":"functions"},"function":{"name":"us-central1-api"},"extension":{},"message":"[worker-us-central1-api-f2df7793-dd30-4128-aa50-a5fdcf6772d2]: IDLE"}}
[debug] [2025-02-03T13:29:39.982Z] Finishing up request with event=finish {"metadata":{"emulator":{"name":"functions"},"function":{"name":"us-central1-api"},"extension":{},"message":"Finishing up request with event=finish"}}
[debug] [2025-02-03T13:29:39.982Z] Finishing up request with event=close {"metadata":{"emulator":{"name":"functions"},"function":{"name":"us-central1-api"},"extension":{},"message":"Finishing up request with event=close"}}
[debug] [2025-02-03T13:29:39.983Z] [work-queue] {"queuedWork":[],"queueLength":0,"runningWork":[],"workRunningCount":0}
[debug] [2025-02-03T13:30:16.113Z] [work-queue] {"queuedWork":["/novemb-f2496/us-central1/api/payments/create-2025-02-03T13:30:16.113Z"],"queueLength":1,"runningWork":[],"workRunningCount":0}
[debug] [2025-02-03T13:30:16.114Z] [work-queue] {"queuedWork":[],"queueLength":0,"runningWork":["/novemb-f2496/us-central1/api/payments/create-2025-02-03T13:30:16.113Z"],"workRunningCount":1}
[debug] [2025-02-03T13:30:16.114Z] Accepted request POST /novemb-f2496/us-central1/api/payments/create?total=4400 --> us-central1-api
[debug] [2025-02-03T13:30:16.116Z] [functions] Runtime ready! Sending request! {"metadata":{"emulator":{"name":"functions"},"message":"[functions] Runtime ready! Sending request!"}}
[debug] [2025-02-03T13:30:16.116Z] [functions] Got req.url=/novemb-f2496/us-central1/api/payments/create?total=4400, mapping to path=/payments/create?total=4400 {"metadata":{"emulator":{"name":"functions"},"message":"[functions] Got req.url=/novemb-f2496/us-central1/api/payments/create?total=4400, mapping to path=/payments/create?total=4400"}}
[debug] [2025-02-03T13:30:16.116Z] [worker-pool] submitRequest(triggerId=us-central1-api) {"metadata":{"emulator":{"name":"functions"},"message":"[worker-pool] submitRequest(triggerId=us-central1-api)"}}
[info] i  functions: Beginning execution of "us-central1-api" {"metadata":{"emulator":{"name":"functions"},"function":{"name":"us-central1-api"},"extension":{},"message":"Beginning execution of \"us-central1-api\""}}
[debug] [2025-02-03T13:30:16.119Z] [worker-us-central1-api-f2df7793-dd30-4128-aa50-a5fdcf6772d2]: BUSY {"metadata":{"emulator":{"name":"functions"},"function":{"name":"us-central1-api"},"extension":{},"message":"[worker-us-central1-api-f2df7793-dd30-4128-aa50-a5fdcf6772d2]: BUSY"}}
[info] >  payment request received for this amount == 4400 {"user":"payment request received for this amount == 4400","metadata":{"emulator":{"name":"functions"},"function":{"name":"us-central1-api"},"extension":{},"message":"\u001b[90m> \u001b[39m payment request received for this amount == 4400"}}
[debug] [2025-02-03T13:30:16.552Z] Finishing up request with event=pause {"metadata":{"emulator":{"name":"functions"},"function":{"name":"us-central1-api"},"extension":{},"message":"Finishing up request with event=pause"}}
[info] i  functions: Finished "us-central1-api" in 433.1511ms {"metadata":{"emulator":{"name":"functions"},"function":{"name":"us-central1-api"},"extension":{},"message":"Finished \"us-central1-api\" in 433.1511ms"}}
[debug] [2025-02-03T13:30:16.553Z] [worker-us-central1-api-f2df7793-dd30-4128-aa50-a5fdcf6772d2]: IDLE {"metadata":{"emulator":{"name":"functions"},"function":{"name":"us-central1-api"},"extension":{},"message":"[worker-us-central1-api-f2df7793-dd30-4128-aa50-a5fdcf6772d2]: IDLE"}}
[debug] [2025-02-03T13:30:16.554Z] Finishing up request with event=finish {"metadata":{"emulator":{"name":"functions"},"function":{"name":"us-central1-api"},"extension":{},"message":"Finishing up request with event=finish"}}
[debug] [2025-02-03T13:30:16.554Z] Finishing up request with event=close {"metadata":{"emulator":{"name":"functions"},"function":{"name":"us-central1-api"},"extension":{},"message":"Finishing up request with event=close"}}
[debug] [2025-02-03T13:30:16.554Z] [work-queue] {"queuedWork":[],"queueLength":0,"runningWork":[],"workRunningCount":0}
[debug] [2025-02-03T13:30:49.621Z] [work-queue] {"queuedWork":["/novemb-f2496/us-central1/api/payments/create-2025-02-03T13:30:49.620Z"],"queueLength":1,"runningWork":[],"workRunningCount":0}
[debug] [2025-02-03T13:30:49.621Z] [work-queue] {"queuedWork":[],"queueLength":0,"runningWork":["/novemb-f2496/us-central1/api/payments/create-2025-02-03T13:30:49.620Z"],"workRunningCount":1}
[debug] [2025-02-03T13:30:49.622Z] Accepted request POST /novemb-f2496/us-central1/api/payments/create?total=6600 --> us-central1-api
[debug] [2025-02-03T13:30:49.623Z] [functions] Runtime ready! Sending request! {"metadata":{"emulator":{"name":"functions"},"message":"[functions] Runtime ready! Sending request!"}}
[debug] [2025-02-03T13:30:49.623Z] [functions] Got req.url=/novemb-f2496/us-central1/api/payments/create?total=6600, mapping to path=/payments/create?total=6600 {"metadata":{"emulator":{"name":"functions"},"message":"[functions] Got req.url=/novemb-f2496/us-central1/api/payments/create?total=6600, mapping to path=/payments/create?total=6600"}}
[debug] [2025-02-03T13:30:49.624Z] [worker-pool] submitRequest(triggerId=us-central1-api) {"metadata":{"emulator":{"name":"functions"},"message":"[worker-pool] submitRequest(triggerId=us-central1-api)"}}
[info] i  functions: Beginning execution of "us-central1-api" {"metadata":{"emulator":{"name":"functions"},"function":{"name":"us-central1-api"},"extension":{},"message":"Beginning execution of \"us-central1-api\""}}
[debug] [2025-02-03T13:30:49.627Z] [worker-us-central1-api-f2df7793-dd30-4128-aa50-a5fdcf6772d2]: BUSY {"metadata":{"emulator":{"name":"functions"},"function":{"name":"us-central1-api"},"extension":{},"message":"[worker-us-central1-api-f2df7793-dd30-4128-aa50-a5fdcf6772d2]: BUSY"}}
[debug] [2025-02-03T13:30:49.634Z] [work-queue] {"queuedWork":["/novemb-f2496/us-central1/api/payments/create-2025-02-03T13:30:49.633Z"],"queueLength":1,"runningWork":["/novemb-f2496/us-central1/api/payments/create-2025-02-03T13:30:49.620Z"],"workRunningCount":1}
[debug] [2025-02-03T13:30:49.635Z] [work-queue] {"queuedWork":[],"queueLength":0,"runningWork":["/novemb-f2496/us-central1/api/payments/create-2025-02-03T13:30:49.620Z","/novemb-f2496/us-central1/api/payments/create-2025-02-03T13:30:49.633Z"],"workRunningCount":2}
[debug] [2025-02-03T13:30:49.635Z] Accepted request POST /novemb-f2496/us-central1/api/payments/create?total=6600 --> us-central1-api
[debug] [2025-02-03T13:30:49.636Z] [functions] Runtime ready! Sending request! {"metadata":{"emulator":{"name":"functions"},"message":"[functions] Runtime ready! Sending request!"}}
[debug] [2025-02-03T13:30:49.637Z] [functions] Got req.url=/novemb-f2496/us-central1/api/payments/create?total=6600, mapping to path=/payments/create?total=6600 {"metadata":{"emulator":{"name":"functions"},"message":"[functions] Got req.url=/novemb-f2496/us-central1/api/payments/create?total=6600, mapping to path=/payments/create?total=6600"}}
[debug] [2025-02-03T13:30:49.637Z] [worker-pool] submitRequest(triggerId=us-central1-api) {"metadata":{"emulator":{"name":"functions"},"message":"[worker-pool] submitRequest(triggerId=us-central1-api)"}}
[info] i  functions: Beginning execution of "us-central1-api" {"metadata":{"emulator":{"name":"functions"},"function":{"name":"us-central1-api"},"extension":{},"message":"Beginning execution of \"us-central1-api\""}}
[debug] [2025-02-03T13:30:49.640Z] [worker-us-central1-api-b84fc486-f755-4413-8680-a40b2d3838d0]: BUSY {"metadata":{"emulator":{"name":"functions"},"function":{"name":"us-central1-api"},"extension":{},"message":"[worker-us-central1-api-b84fc486-f755-4413-8680-a40b2d3838d0]: BUSY"}}
[info] >  payment request received for this amount == 6600 {"user":"payment request received for this amount == 6600","metadata":{"emulator":{"name":"functions"},"function":{"name":"us-central1-api"},"extension":{},"message":"\u001b[90m> \u001b[39m payment request received for this amount == 6600"}}
[info] >  payment request received for this amount == 6600 {"user":"payment request received for this amount == 6600","metadata":{"emulator":{"name":"functions"},"function":{"name":"us-central1-api"},"extension":{},"message":"\u001b[90m> \u001b[39m payment request received for this amount == 6600"}}
[debug] [2025-02-03T13:30:50.107Z] Finishing up request with event=pause {"metadata":{"emulator":{"name":"functions"},"function":{"name":"us-central1-api"},"extension":{},"message":"Finishing up request with event=pause"}}
[info] i  functions: Finished "us-central1-api" in 480.3614ms {"metadata":{"emulator":{"name":"functions"},"function":{"name":"us-central1-api"},"extension":{},"message":"Finished \"us-central1-api\" in 480.3614ms"}}
[debug] [2025-02-03T13:30:50.110Z] [worker-us-central1-api-f2df7793-dd30-4128-aa50-a5fdcf6772d2]: IDLE {"metadata":{"emulator":{"name":"functions"},"function":{"name":"us-central1-api"},"extension":{},"message":"[worker-us-central1-api-f2df7793-dd30-4128-aa50-a5fdcf6772d2]: IDLE"}}
[debug] [2025-02-03T13:30:50.110Z] Finishing up request with event=finish {"metadata":{"emulator":{"name":"functions"},"function":{"name":"us-central1-api"},"extension":{},"message":"Finishing up request with event=finish"}}
[debug] [2025-02-03T13:30:50.111Z] Finishing up request with event=close {"metadata":{"emulator":{"name":"functions"},"function":{"name":"us-central1-api"},"extension":{},"message":"Finishing up request with event=close"}}
[debug] [2025-02-03T13:30:50.111Z] [work-queue] {"queuedWork":[],"queueLength":0,"runningWork":["/novemb-f2496/us-central1/api/payments/create-2025-02-03T13:30:49.633Z"],"workRunningCount":1}
[debug] [2025-02-03T13:30:50.432Z] Finishing up request with event=pause {"metadata":{"emulator":{"name":"functions"},"function":{"name":"us-central1-api"},"extension":{},"message":"Finishing up request with event=pause"}}
[info] i  functions: Finished "us-central1-api" in 792.5377ms {"metadata":{"emulator":{"name":"functions"},"function":{"name":"us-central1-api"},"extension":{},"message":"Finished \"us-central1-api\" in 792.5377ms"}}
[debug] [2025-02-03T13:30:50.435Z] [worker-us-central1-api-b84fc486-f755-4413-8680-a40b2d3838d0]: IDLE {"metadata":{"emulator":{"name":"functions"},"function":{"name":"us-central1-api"},"extension":{},"message":"[worker-us-central1-api-b84fc486-f755-4413-8680-a40b2d3838d0]: IDLE"}}
[debug] [2025-02-03T13:30:50.436Z] Finishing up request with event=finish {"metadata":{"emulator":{"name":"functions"},"function":{"name":"us-central1-api"},"extension":{},"message":"Finishing up request with event=finish"}}
[debug] [2025-02-03T13:30:50.436Z] Finishing up request with event=close {"metadata":{"emulator":{"name":"functions"},"function":{"name":"us-central1-api"},"extension":{},"message":"Finishing up request with event=close"}}
[debug] [2025-02-03T13:30:50.437Z] [work-queue] {"queuedWork":[],"queueLength":0,"runningWork":[],"workRunningCount":0}
[debug] [2025-02-04T07:47:27.935Z] ----------------------------------------------------------------------
[debug] [2025-02-04T07:47:27.943Z] Command:       C:\Program Files\nodejs\node.exe C:\Users\sata\AppData\Roaming\npm\node_modules\firebase-tools\lib\bin\firebase.js emulators:start
[debug] [2025-02-04T07:47:27.944Z] CLI Version:   13.24.1
[debug] [2025-02-04T07:47:27.944Z] Platform:      win32
[debug] [2025-02-04T07:47:27.944Z] Node Version:  v20.16.0
[debug] [2025-02-04T07:47:27.945Z] Time:          Tue Feb 04 2025 10:47:27 GMT+0300 (East Africa Time)
[debug] [2025-02-04T07:47:27.945Z] ----------------------------------------------------------------------
[debug] 
[debug] [2025-02-04T07:47:27.954Z] >>> [apiv2][query] GET https://firebase-public.firebaseio.com/cli.json [none]
[debug] [2025-02-04T07:47:28.198Z] > command requires scopes: ["email","openid","https://www.googleapis.com/auth/cloudplatformprojects.readonly","https://www.googleapis.com/auth/firebase","https://www.googleapis.com/auth/cloud-platform"]
[debug] [2025-02-04T07:47:28.198Z] > authorizing via signed-in user (ritaayalew6@gmail.com)
[info] i  emulators: Starting emulators: functions, hosting, extensions {"metadata":{"emulator":{"name":"hub"},"message":"Starting emulators: functions, hosting, extensions"}}
[debug] [2025-02-04T07:47:28.205Z] Checked if tokens are valid: false, expires at: 1738591129323
[debug] [2025-02-04T07:47:28.205Z] Checked if tokens are valid: false, expires at: 1738591129323
[debug] [2025-02-04T07:47:28.206Z] > refreshing access token with scopes: []
[debug] [2025-02-04T07:47:28.208Z] >>> [apiv2][query] POST https://www.googleapis.com/oauth2/v3/token [none]
[debug] [2025-02-04T07:47:28.208Z] >>> [apiv2][body] POST https://www.googleapis.com/oauth2/v3/token [omitted]
[debug] [2025-02-04T07:47:28.767Z] <<< [apiv2][status] POST https://www.googleapis.com/oauth2/v3/token 200
[debug] [2025-02-04T07:47:28.767Z] <<< [apiv2][body] POST https://www.googleapis.com/oauth2/v3/token [omitted]
[debug] [2025-02-04T07:47:28.789Z] >>> [apiv2][query] GET https://firebase.googleapis.com/v1beta1/projects/novemb-f2496 [none]
[debug] [2025-02-04T07:47:28.810Z] <<< [apiv2][status] GET https://firebase-public.firebaseio.com/cli.json 200
[debug] [2025-02-04T07:47:28.810Z] <<< [apiv2][body] GET https://firebase-public.firebaseio.com/cli.json {"cloudBuildErrorAfter":1594252800000,"cloudBuildWarnAfter":1590019200000,"defaultNode10After":1594252800000,"minVersion":"3.0.5","node8DeploysDisabledAfter":1613390400000,"node8RuntimeDisabledAfter":1615809600000,"node8WarnAfter":1600128000000}
[debug] [2025-02-04T07:47:29.416Z] <<< [apiv2][status] GET https://firebase.googleapis.com/v1beta1/projects/novemb-f2496 200
[debug] [2025-02-04T07:47:29.417Z] <<< [apiv2][body] GET https://firebase.googleapis.com/v1beta1/projects/novemb-f2496 {"projectId":"novemb-f2496","projectNumber":"12808516494","displayName":"Amazon-novemb","name":"projects/novemb-f2496","resources":{"hostingSite":"novemb-f2496"},"state":"ACTIVE","etag":"1_226f5c14-5eec-4ba2-b8c8-4bcdfddc579e"}
[debug] [2025-02-04T07:47:29.459Z] [logging] Logging Emulator only supports listening on one address (127.0.0.1). Not listening on ::1
[debug] [2025-02-04T07:47:29.460Z] [hosting] Hosting Emulator only supports listening on one address (127.0.0.1). Not listening on ::1
[debug] [2025-02-04T07:47:29.461Z] assigned listening specs for emulators {"user":{"hub":[{"address":"127.0.0.1","family":"IPv4","port":4400},{"address":"::1","family":"IPv6","port":4400}],"ui":[{"address":"127.0.0.1","family":"IPv4","port":4000},{"address":"::1","family":"IPv6","port":4000}],"logging":[{"address":"127.0.0.1","family":"IPv4","port":4500}],"hosting":[{"address":"127.0.0.1","family":"IPv4","port":5000}]},"metadata":{"message":"assigned listening specs for emulators"}}
[warn] !  emulators: It seems that you are running multiple instances of the emulator suite for project novemb-f2496. This may result in unexpected behavior. 
[debug] [2025-02-04T07:47:29.480Z] [hub] writing locator at C:\Users\sata\AppData\Local\Temp\hub-novemb-f2496.json
[debug] [2025-02-04T07:47:29.508Z] [Extensions] Started Extensions emulator, this is a noop.
[debug] [2025-02-04T07:47:29.533Z] [functions] Functions Emulator only supports listening on one address (127.0.0.1). Not listening on ::1
[debug] [2025-02-04T07:47:29.534Z] [eventarc] Eventarc Emulator only supports listening on one address (127.0.0.1). Not listening on ::1
[debug] [2025-02-04T07:47:29.534Z] [tasks] Cloud Tasks Emulator only supports listening on one address (127.0.0.1). Not listening on ::1
[debug] [2025-02-04T07:47:29.535Z] late-assigned ports for functions and eventarc emulators {"user":{"hub":[{"address":"127.0.0.1","family":"IPv4","port":4400},{"address":"::1","family":"IPv6","port":4400}],"ui":[{"address":"127.0.0.1","family":"IPv4","port":4000},{"address":"::1","family":"IPv6","port":4000}],"logging":[{"address":"127.0.0.1","family":"IPv4","port":4500}],"hosting":[{"address":"127.0.0.1","family":"IPv4","port":5000}],"functions":[{"address":"127.0.0.1","family":"IPv4","port":5001}],"eventarc":[{"address":"127.0.0.1","family":"IPv4","port":9299}],"tasks":[{"address":"127.0.0.1","family":"IPv4","port":9499}]},"metadata":{"message":"late-assigned ports for functions and eventarc emulators"}}
[warn] !  functions: The following emulators are not running, calls to these services from the Functions emulator will affect production: auth, firestore, database, pubsub, storage, dataconnect {"metadata":{"emulator":{"name":"functions"},"message":"The following emulators are not running, calls to these services from the Functions emulator will affect production: \u001b[1mauth, firestore, database, pubsub, storage, dataconnect\u001b[22m"}}
[debug] [2025-02-04T07:47:29.544Z] defaultcredentials: writing to file C:\Users\sata\AppData\Roaming\firebase\ritaayalew6_gmail_com_application_default_credentials.json
[debug] [2025-02-04T07:47:29.550Z] Setting GAC to C:\Users\sata\AppData\Roaming\firebase\ritaayalew6_gmail_com_application_default_credentials.json {"metadata":{"emulator":{"name":"functions"},"message":"Setting GAC to C:\\Users\\sata\\AppData\\Roaming\\firebase\\ritaayalew6_gmail_com_application_default_credentials.json"}}
[debug] [2025-02-04T07:47:29.553Z] Checked if tokens are valid: true, expires at: 1738658847768
[debug] [2025-02-04T07:47:29.553Z] Checked if tokens are valid: true, expires at: 1738658847768
[debug] [2025-02-04T07:47:29.554Z] >>> [apiv2][query] GET https://firebase.googleapis.com/v1beta1/projects/novemb-f2496/adminSdkConfig [none]
[debug] [2025-02-04T07:47:29.843Z] <<< [apiv2][status] GET https://firebase.googleapis.com/v1beta1/projects/novemb-f2496/adminSdkConfig 200
[debug] [2025-02-04T07:47:29.844Z] <<< [apiv2][body] GET https://firebase.googleapis.com/v1beta1/projects/novemb-f2496/adminSdkConfig {"projectId":"novemb-f2496","storageBucket":"novemb-f2496.firebasestorage.app"}
[debug] [2025-02-04T07:47:29.914Z] Checked if tokens are valid: true, expires at: 1738658847768
[debug] [2025-02-04T07:47:29.914Z] Checked if tokens are valid: true, expires at: 1738658847768
[debug] [2025-02-04T07:47:29.916Z] >>> [apiv2][query] GET https://firebasehosting.googleapis.com/v1beta1/projects/novemb-f2496/sites 
[debug] [2025-02-04T07:47:31.579Z] <<< [apiv2][status] GET https://firebasehosting.googleapis.com/v1beta1/projects/novemb-f2496/sites 200
[debug] [2025-02-04T07:47:31.579Z] <<< [apiv2][body] GET https://firebasehosting.googleapis.com/v1beta1/projects/novemb-f2496/sites {"sites":[{"name":"projects/novemb-f2496/sites/novemb-f2496","defaultUrl":"https://novemb-f2496.web.app","appId":"1:12808516494:web:89b821982ce743a61f2adf","type":"DEFAULT_SITE"}]}
[debug] [2025-02-04T07:47:31.581Z] Checked if tokens are valid: true, expires at: 1738658847768
[debug] [2025-02-04T07:47:31.581Z] Checked if tokens are valid: true, expires at: 1738658847768
[debug] [2025-02-04T07:47:31.582Z] >>> [apiv2][query] GET https://firebase.googleapis.com/v1beta1/projects/novemb-f2496/webApps/1:12808516494:web:89b821982ce743a61f2adf/config [none]
[debug] [2025-02-04T07:47:32.218Z] <<< [apiv2][status] GET https://firebase.googleapis.com/v1beta1/projects/novemb-f2496/webApps/1:12808516494:web:89b821982ce743a61f2adf/config 200
[debug] [2025-02-04T07:47:32.218Z] <<< [apiv2][body] GET https://firebase.googleapis.com/v1beta1/projects/novemb-f2496/webApps/1:12808516494:web:89b821982ce743a61f2adf/config {"projectId":"novemb-f2496","appId":"1:12808516494:web:89b821982ce743a61f2adf","storageBucket":"novemb-f2496.firebasestorage.app","apiKey":"AIzaSyAlhHuRW5HeAM3gWXqLwXImu4jIWOi0aUY","authDomain":"novemb-f2496.firebaseapp.com","messagingSenderId":"12808516494","measurementId":"G-DYMN9L8CDV"}
[debug] [2025-02-04T07:47:32.227Z] Checked if tokens are valid: true, expires at: 1738658847768
[debug] [2025-02-04T07:47:32.228Z] Checked if tokens are valid: true, expires at: 1738658847768
[debug] [2025-02-04T07:47:32.228Z] >>> [apiv2][query] GET https://firebase.googleapis.com/v1beta1/projects/novemb-f2496 [none]
[debug] [2025-02-04T07:47:32.595Z] <<< [apiv2][status] GET https://firebase.googleapis.com/v1beta1/projects/novemb-f2496 200
[debug] [2025-02-04T07:47:32.596Z] <<< [apiv2][body] GET https://firebase.googleapis.com/v1beta1/projects/novemb-f2496 {"projectId":"novemb-f2496","projectNumber":"12808516494","displayName":"Amazon-novemb","name":"projects/novemb-f2496","resources":{"hostingSite":"novemb-f2496"},"state":"ACTIVE","etag":"1_226f5c14-5eec-4ba2-b8c8-4bcdfddc579e"}
[info] i  hosting[novemb-f2496]: Serving hosting files from: build {"metadata":{"emulator":{"name":"hosting"},"message":"Serving hosting files from: \u001b[1mbuild\u001b[22m"}}
[info] +  hosting[novemb-f2496]: Local server: http://127.0.0.1:5000 {"metadata":{"emulator":{"name":"hosting"},"message":"Local server: \u001b[4m\u001b[1mhttp://127.0.0.1:5000\u001b[22m\u001b[24m"}}
[debug] [2025-02-04T07:47:32.676Z] Ignoring unsupported arg: auto_download {"metadata":{"emulator":{"name":"ui"},"message":"Ignoring unsupported arg: auto_download"}}
[debug] [2025-02-04T07:47:32.677Z] Ignoring unsupported arg: port {"metadata":{"emulator":{"name":"ui"},"message":"Ignoring unsupported arg: port"}}
[debug] [2025-02-04T07:47:32.678Z] Starting Emulator UI with command {"binary":"node","args":["C:\\Users\\sata\\.cache\\firebase\\emulators\\ui-v1.14.0\\server\\server.mjs"],"optionalArgs":[],"joinArgs":false,"shell":false,"port":4000} {"metadata":{"emulator":{"name":"ui"},"message":"Starting Emulator UI with command {\"binary\":\"node\",\"args\":[\"C:\\\\Users\\\\sata\\\\.cache\\\\firebase\\\\emulators\\\\ui-v1.14.0\\\\server\\\\server.mjs\"],\"optionalArgs\":[],\"joinArgs\":false,\"shell\":false,\"port\":4000}"}}
[info] i  ui: Emulator UI logging to ui-debug.log {"metadata":{"emulator":{"name":"ui"},"message":"Emulator UI logging to \u001b[1mui-debug.log\u001b[22m"}}
[debug] [2025-02-04T07:47:33.120Z] Web / API server started at 127.0.0.1:4000
 {"metadata":{"emulator":{"name":"ui"},"message":"Web / API server started at 127.0.0.1:4000\n"}}
[debug] [2025-02-04T07:47:33.121Z] Web / API server started at ::1:4000
 {"metadata":{"emulator":{"name":"ui"},"message":"Web / API server started at ::1:4000\n"}}
[debug] [2025-02-04T07:47:33.136Z] [Extensions] Connecting Extensions emulator, this is a noop.
[info] i  functions: Watching "C:\Users\sata\OneDrive\Desktop\phase-1\phase-5\Amazon-clone-2024\amazon-clone\functions" for Cloud Functions... {"metadata":{"emulator":{"name":"functions"},"message":"Watching \"C:\\Users\\sata\\OneDrive\\Desktop\\phase-1\\phase-5\\Amazon-clone-2024\\amazon-clone\\functions\" for Cloud Functions..."}}
[debug] [2025-02-04T07:47:33.213Z] Validating nodejs source
[debug] [2025-02-04T07:47:36.058Z] > [functions] package.json contents: {
  "name": "functions",
  "description": "Cloud Functions for Firebase",
  "scripts": {
    "serve": "firebase emulators:start --only functions",
    "shell": "firebase functions:shell",
    "start": "npm run shell",
    "deploy": "firebase deploy --only functions",
    "logs": "firebase functions:log"
  },
  "engines": {
    "node": "18"
  },
  "main": "index.js",
  "dependencies": {
    "cors": "^2.8.5",
    "express": "^4.21.2",
    "firebase-admin": "^12.6.0",
    "firebase-functions": "^6.0.1",
    "stripe": "^17.6.0"
  },
  "devDependencies": {
    "firebase-functions-test": "^3.1.0"
  },
  "private": true
}
[debug] [2025-02-04T07:47:36.058Z] Building nodejs source
[debug] [2025-02-04T07:47:36.059Z] Failed to find version of module node: reached end of search path C:\Users\sata\OneDrive\Desktop\phase-1\phase-5\Amazon-clone-2024\amazon-clone\functions\node_modules
[warn] !  functions: Your requested "node" version "18" doesn't match your global version "20". Using node@20 from host. 
[debug] [2025-02-04T07:47:36.067Z] Could not find functions.yaml. Must use http discovery
[debug] [2025-02-04T07:47:36.087Z] Found firebase-functions binary at 'C:\Users\sata\OneDrive\Desktop\phase-1\phase-5\Amazon-clone-2024\amazon-clone\functions\node_modules\.bin\firebase-functions'
[info] Serving at port 8841

[debug] [2025-02-04T07:47:38.322Z] Got response from /__/functions.yaml {"endpoints":{"api":{"availableMemoryMb":null,"timeoutSeconds":null,"minInstances":null,"maxInstances":null,"ingressSettings":null,"concurrency":null,"serviceAccountEmail":null,"vpc":null,"platform":"gcfv2","labels":{},"httpsTrigger":{},"entryPoint":"api"}},"specVersion":"v1alpha1","requiredAPIs":[],"extensions":{}}
[debug] [2025-02-04T07:47:43.463Z] defaultcredentials: writing to file C:\Users\sata\AppData\Roaming\firebase\ritaayalew6_gmail_com_application_default_credentials.json
[debug] [2025-02-04T07:47:43.467Z] Setting GAC to C:\Users\sata\AppData\Roaming\firebase\ritaayalew6_gmail_com_application_default_credentials.json {"metadata":{"emulator":{"name":"functions"},"message":"Setting GAC to C:\\Users\\sata\\AppData\\Roaming\\firebase\\ritaayalew6_gmail_com_application_default_credentials.json"}}
[info] +  functions: Loaded functions definitions from source: api. {"metadata":{"emulator":{"name":"functions"},"message":"Loaded functions definitions from source: api."}}
[info] +  functions[us-central1-api]: http function initialized (http://127.0.0.1:5001/novemb-f2496/us-central1/api). {"metadata":{"emulator":{"name":"functions"},"message":"\u001b[1mhttp\u001b[22m function initialized (http://127.0.0.1:5001/novemb-f2496/us-central1/api)."}}
[debug] [2025-02-04T07:47:43.529Z] Could not find VSCode notification endpoint: FetchError: request to http://localhost:40001/vscode/notify failed, reason: . If you are not running the Firebase Data Connect VSCode extension, this is expected and not an issue.
[info] 
┌─────────────────────────────────────────────────────────────┐
│ ✔  All emulators ready! It is now safe to connect your app. │
│ i  View Emulator UI at http://127.0.0.1:4000/               │
└─────────────────────────────────────────────────────────────┘

┌────────────┬────────────────┬──────────────────────────────────┐
│ Emulator   │ Host:Port      │ View in Emulator UI              │
├────────────┼────────────────┼──────────────────────────────────┤
│ Functions  │ 127.0.0.1:5001 │ http://127.0.0.1:4000/functions  │
├────────────┼────────────────┼──────────────────────────────────┤
│ Hosting    │ 127.0.0.1:5000 │ n/a                              │
├────────────┼────────────────┼──────────────────────────────────┤
│ Extensions │ 127.0.0.1:5001 │ http://127.0.0.1:4000/extensions │
└────────────┴────────────────┴──────────────────────────────────┘
  Emulator Hub running at 127.0.0.1:4400
  Other reserved ports: 4500
┌─────────────────────────┬───────────────┬─────────────────────┐
│ Extension Instance Name │ Extension Ref │ View in Emulator UI │
└─────────────────────────┴───────────────┴─────────────────────┘
Issues? Report them at https://github.com/firebase/firebase-tools/issues and attach the *-debug.log files.
 
[debug] [2025-02-04T07:48:25.972Z] [work-queue] {"queuedWork":["/novemb-f2496/us-central1/api-2025-02-04T07:48:25.972Z"],"queueLength":1,"runningWork":[],"workRunningCount":0}
[debug] [2025-02-04T07:48:25.973Z] [work-queue] {"queuedWork":[],"queueLength":0,"runningWork":["/novemb-f2496/us-central1/api-2025-02-04T07:48:25.972Z"],"workRunningCount":1}
[debug] [2025-02-04T07:48:25.974Z] Accepted request GET /novemb-f2496/us-central1/api --> us-central1-api
[debug] [2025-02-04T07:48:25.975Z] [functions] Runtime ready! Sending request! {"metadata":{"emulator":{"name":"functions"},"message":"[functions] Runtime ready! Sending request!"}}
[debug] [2025-02-04T07:48:25.977Z] [functions] Got req.url=/novemb-f2496/us-central1/api, mapping to path=/ {"metadata":{"emulator":{"name":"functions"},"message":"[functions] Got req.url=/novemb-f2496/us-central1/api, mapping to path=/"}}
[debug] [2025-02-04T07:48:26.010Z] [worker-pool] addWorker(us-central1-api) {"metadata":{"emulator":{"name":"functions"},"message":"[worker-pool] addWorker(us-central1-api)"}}
[debug] [2025-02-04T07:48:26.016Z] [worker-pool] Adding worker with key us-central1-api, total=1 {"metadata":{"emulator":{"name":"functions"},"message":"[worker-pool] Adding worker with key us-central1-api, total=1"}}
[debug] [2025-02-04T07:48:30.835Z] [runtime-status] [12996] Resolved module firebase-admin {"declared":true,"installed":true,"version":"12.7.0","resolution":"C:\\Users\\sata\\OneDrive\\Desktop\\phase-1\\phase-5\\Amazon-clone-2024\\amazon-clone\\functions\\node_modules\\firebase-admin\\lib\\index.js"} {"metadata":{"emulator":{"name":"functions"},"function":{"name":"us-central1-api"},"extension":{},"message":"[runtime-status] [12996] Resolved module firebase-admin {\"declared\":true,\"installed\":true,\"version\":\"12.7.0\",\"resolution\":\"C:\\\\Users\\\\sata\\\\OneDrive\\\\Desktop\\\\phase-1\\\\phase-5\\\\Amazon-clone-2024\\\\amazon-clone\\\\functions\\\\node_modules\\\\firebase-admin\\\\lib\\\\index.js\"}"}}
[debug] [2025-02-04T07:48:30.837Z] [runtime-status] [12996] Resolved module firebase-functions {"declared":true,"installed":true,"version":"6.3.1","resolution":"C:\\Users\\sata\\OneDrive\\Desktop\\phase-1\\phase-5\\Amazon-clone-2024\\amazon-clone\\functions\\node_modules\\firebase-functions\\lib\\v2\\index.js"} {"metadata":{"emulator":{"name":"functions"},"function":{"name":"us-central1-api"},"extension":{},"message":"[runtime-status] [12996] Resolved module firebase-functions {\"declared\":true,\"installed\":true,\"version\":\"6.3.1\",\"resolution\":\"C:\\\\Users\\\\sata\\\\OneDrive\\\\Desktop\\\\phase-1\\\\phase-5\\\\Amazon-clone-2024\\\\amazon-clone\\\\functions\\\\node_modules\\\\firebase-functions\\\\lib\\\\v2\\\\index.js\"}"}}
[debug] [2025-02-04T07:48:30.838Z] [runtime-status] [12996] Outgoing network have been stubbed. [{"name":"http","status":"mocked"},{"name":"http","status":"mocked"},{"name":"https","status":"mocked"},{"name":"https","status":"mocked"},{"name":"net","status":"mocked"}] {"metadata":{"emulator":{"name":"functions"},"function":{"name":"us-central1-api"},"extension":{},"message":"[runtime-status] [12996] Outgoing network have been stubbed. [{\"name\":\"http\",\"status\":\"mocked\"},{\"name\":\"http\",\"status\":\"mocked\"},{\"name\":\"https\",\"status\":\"mocked\"},{\"name\":\"https\",\"status\":\"mocked\"},{\"name\":\"net\",\"status\":\"mocked\"}]"}}
[debug] [2025-02-04T07:48:30.839Z] [runtime-status] [12996] Resolved module firebase-functions {"declared":true,"installed":true,"version":"6.3.1","resolution":"C:\\Users\\sata\\OneDrive\\Desktop\\phase-1\\phase-5\\Amazon-clone-2024\\amazon-clone\\functions\\node_modules\\firebase-functions\\lib\\v2\\index.js"} {"metadata":{"emulator":{"name":"functions"},"function":{"name":"us-central1-api"},"extension":{},"message":"[runtime-status] [12996] Resolved module firebase-functions {\"declared\":true,\"installed\":true,\"version\":\"6.3.1\",\"resolution\":\"C:\\\\Users\\\\sata\\\\OneDrive\\\\Desktop\\\\phase-1\\\\phase-5\\\\Amazon-clone-2024\\\\amazon-clone\\\\functions\\\\node_modules\\\\firebase-functions\\\\lib\\\\v2\\\\index.js\"}"}}
[debug] [2025-02-04T07:48:32.280Z] [runtime-status] [12996] Checked functions.config() {"config":{}} {"metadata":{"emulator":{"name":"functions"},"function":{"name":"us-central1-api"},"extension":{},"message":"[runtime-status] [12996] Checked functions.config() {\"config\":{}}"}}
[debug] [2025-02-04T07:48:32.281Z] [runtime-status] [12996] firebase-functions has been stubbed. {"functionsResolution":{"declared":true,"installed":true,"version":"6.3.1","resolution":"C:\\Users\\sata\\OneDrive\\Desktop\\phase-1\\phase-5\\Amazon-clone-2024\\amazon-clone\\functions\\node_modules\\firebase-functions\\lib\\v2\\index.js"}} {"metadata":{"emulator":{"name":"functions"},"function":{"name":"us-central1-api"},"extension":{},"message":"[runtime-status] [12996] firebase-functions has been stubbed. {\"functionsResolution\":{\"declared\":true,\"installed\":true,\"version\":\"6.3.1\",\"resolution\":\"C:\\\\Users\\\\sata\\\\OneDrive\\\\Desktop\\\\phase-1\\\\phase-5\\\\Amazon-clone-2024\\\\amazon-clone\\\\functions\\\\node_modules\\\\firebase-functions\\\\lib\\\\v2\\\\index.js\"}}"}}
[debug] [2025-02-04T07:48:32.285Z] [runtime-status] [12996] Resolved module firebase-functions {"declared":true,"installed":true,"version":"6.3.1","resolution":"C:\\Users\\sata\\OneDrive\\Desktop\\phase-1\\phase-5\\Amazon-clone-2024\\amazon-clone\\functions\\node_modules\\firebase-functions\\lib\\v2\\index.js"} {"metadata":{"emulator":{"name":"functions"},"function":{"name":"us-central1-api"},"extension":{},"message":"[runtime-status] [12996] Resolved module firebase-functions {\"declared\":true,\"installed\":true,\"version\":\"6.3.1\",\"resolution\":\"C:\\\\Users\\\\sata\\\\OneDrive\\\\Desktop\\\\phase-1\\\\phase-5\\\\Amazon-clone-2024\\\\amazon-clone\\\\functions\\\\node_modules\\\\firebase-functions\\\\lib\\\\v2\\\\index.js\"}"}}
[debug] [2025-02-04T07:48:32.314Z] [runtime-status] [12996] Resolved module firebase-admin {"declared":true,"installed":true,"version":"12.7.0","resolution":"C:\\Users\\sata\\OneDrive\\Desktop\\phase-1\\phase-5\\Amazon-clone-2024\\amazon-clone\\functions\\node_modules\\firebase-admin\\lib\\index.js"} {"metadata":{"emulator":{"name":"functions"},"function":{"name":"us-central1-api"},"extension":{},"message":"[runtime-status] [12996] Resolved module firebase-admin {\"declared\":true,\"installed\":true,\"version\":\"12.7.0\",\"resolution\":\"C:\\\\Users\\\\sata\\\\OneDrive\\\\Desktop\\\\phase-1\\\\phase-5\\\\Amazon-clone-2024\\\\amazon-clone\\\\functions\\\\node_modules\\\\firebase-admin\\\\lib\\\\index.js\"}"}}
[debug] [2025-02-04T07:48:32.328Z] [runtime-status] [12996] Resolved module firebase-functions {"declared":true,"installed":true,"version":"6.3.1","resolution":"C:\\Users\\sata\\OneDrive\\Desktop\\phase-1\\phase-5\\Amazon-clone-2024\\amazon-clone\\functions\\node_modules\\firebase-functions\\lib\\v2\\index.js"} {"metadata":{"emulator":{"name":"functions"},"function":{"name":"us-central1-api"},"extension":{},"message":"[runtime-status] [12996] Resolved module firebase-functions {\"declared\":true,\"installed\":true,\"version\":\"6.3.1\",\"resolution\":\"C:\\\\Users\\\\sata\\\\OneDrive\\\\Desktop\\\\phase-1\\\\phase-5\\\\Amazon-clone-2024\\\\amazon-clone\\\\functions\\\\node_modules\\\\firebase-functions\\\\lib\\\\v2\\\\index.js\"}"}}
[debug] [2025-02-04T07:48:32.329Z] [runtime-status] [12996] firebase-admin has been stubbed. {"adminResolution":{"declared":true,"installed":true,"version":"12.7.0","resolution":"C:\\Users\\sata\\OneDrive\\Desktop\\phase-1\\phase-5\\Amazon-clone-2024\\amazon-clone\\functions\\node_modules\\firebase-admin\\lib\\index.js"}} {"metadata":{"emulator":{"name":"functions"},"function":{"name":"us-central1-api"},"extension":{},"message":"[runtime-status] [12996] firebase-admin has been stubbed. {\"adminResolution\":{\"declared\":true,\"installed\":true,\"version\":\"12.7.0\",\"resolution\":\"C:\\\\Users\\\\sata\\\\OneDrive\\\\Desktop\\\\phase-1\\\\phase-5\\\\Amazon-clone-2024\\\\amazon-clone\\\\functions\\\\node_modules\\\\firebase-admin\\\\lib\\\\index.js\"}}"}}
[debug] [2025-02-04T07:48:33.085Z] [runtime-status] [12996] Functions runtime initialized. {"cwd":"C:\\Users\\sata\\OneDrive\\Desktop\\phase-1\\phase-5\\Amazon-clone-2024\\amazon-clone\\functions","node_version":"20.16.0"} {"metadata":{"emulator":{"name":"functions"},"function":{"name":"us-central1-api"},"extension":{},"message":"[runtime-status] [12996] Functions runtime initialized. {\"cwd\":\"C:\\\\Users\\\\sata\\\\OneDrive\\\\Desktop\\\\phase-1\\\\phase-5\\\\Amazon-clone-2024\\\\amazon-clone\\\\functions\",\"node_version\":\"20.16.0\"}"}}
[debug] [2025-02-04T07:48:33.086Z] [runtime-status] [12996] Listening to port: \\?\pipe\fire_emu_e530e4eb1801a081 {"metadata":{"emulator":{"name":"functions"},"function":{"name":"us-central1-api"},"extension":{},"message":"[runtime-status] [12996] Listening to port: \\\\?\\pipe\\fire_emu_e530e4eb1801a081"}}
[debug] [2025-02-04T07:48:33.156Z] [worker-us-central1-api-e9878eb9-86ba-4580-980b-1ea51a2d604b]: IDLE {"metadata":{"emulator":{"name":"functions"},"function":{"name":"us-central1-api"},"extension":{},"message":"[worker-us-central1-api-e9878eb9-86ba-4580-980b-1ea51a2d604b]: IDLE"}}
[debug] [2025-02-04T07:48:33.156Z] [worker-pool] submitRequest(triggerId=us-central1-api) {"metadata":{"emulator":{"name":"functions"},"message":"[worker-pool] submitRequest(triggerId=us-central1-api)"}}
[info] i  functions: Beginning execution of "us-central1-api" {"metadata":{"emulator":{"name":"functions"},"function":{"name":"us-central1-api"},"extension":{},"message":"Beginning execution of \"us-central1-api\""}}
[debug] [2025-02-04T07:48:33.159Z] [worker-us-central1-api-e9878eb9-86ba-4580-980b-1ea51a2d604b]: BUSY {"metadata":{"emulator":{"name":"functions"},"function":{"name":"us-central1-api"},"extension":{},"message":"[worker-us-central1-api-e9878eb9-86ba-4580-980b-1ea51a2d604b]: BUSY"}}
[debug] [2025-02-04T07:48:33.173Z] Finishing up request with event=pause {"metadata":{"emulator":{"name":"functions"},"function":{"name":"us-central1-api"},"extension":{},"message":"Finishing up request with event=pause"}}
[info] i  functions: Finished "us-central1-api" in 13.7684ms {"metadata":{"emulator":{"name":"functions"},"function":{"name":"us-central1-api"},"extension":{},"message":"Finished \"us-central1-api\" in 13.7684ms"}}
[debug] [2025-02-04T07:48:33.175Z] [worker-us-central1-api-e9878eb9-86ba-4580-980b-1ea51a2d604b]: IDLE {"metadata":{"emulator":{"name":"functions"},"function":{"name":"us-central1-api"},"extension":{},"message":"[worker-us-central1-api-e9878eb9-86ba-4580-980b-1ea51a2d604b]: IDLE"}}
[debug] [2025-02-04T07:48:33.175Z] Finishing up request with event=finish {"metadata":{"emulator":{"name":"functions"},"function":{"name":"us-central1-api"},"extension":{},"message":"Finishing up request with event=finish"}}
[debug] [2025-02-04T07:48:33.175Z] Finishing up request with event=close {"metadata":{"emulator":{"name":"functions"},"function":{"name":"us-central1-api"},"extension":{},"message":"Finishing up request with event=close"}}
[debug] [2025-02-04T07:48:33.176Z] [work-queue] {"queuedWork":[],"queueLength":0,"runningWork":[],"workRunningCount":0}
[debug] [2025-02-04T07:55:37.871Z] [work-queue] {"queuedWork":["/novemb-f2496/us-central1/api/payments/create-2025-02-04T07:55:37.870Z"],"queueLength":1,"runningWork":[],"workRunningCount":0}
[debug] [2025-02-04T07:55:37.873Z] [work-queue] {"queuedWork":[],"queueLength":0,"runningWork":["/novemb-f2496/us-central1/api/payments/create-2025-02-04T07:55:37.870Z"],"workRunningCount":1}
[debug] [2025-02-04T07:55:37.873Z] Accepted request POST /novemb-f2496/us-central1/api/payments/create?total=0 --> us-central1-api
[debug] [2025-02-04T07:55:37.875Z] [functions] Runtime ready! Sending request! {"metadata":{"emulator":{"name":"functions"},"message":"[functions] Runtime ready! Sending request!"}}
[debug] [2025-02-04T07:55:37.876Z] [functions] Got req.url=/novemb-f2496/us-central1/api/payments/create?total=0, mapping to path=/payments/create?total=0 {"metadata":{"emulator":{"name":"functions"},"message":"[functions] Got req.url=/novemb-f2496/us-central1/api/payments/create?total=0, mapping to path=/payments/create?total=0"}}
[debug] [2025-02-04T07:55:37.877Z] [worker-pool] submitRequest(triggerId=us-central1-api) {"metadata":{"emulator":{"name":"functions"},"message":"[worker-pool] submitRequest(triggerId=us-central1-api)"}}
[info] i  functions: Beginning execution of "us-central1-api" {"metadata":{"emulator":{"name":"functions"},"function":{"name":"us-central1-api"},"extension":{},"message":"Beginning execution of \"us-central1-api\""}}
[debug] [2025-02-04T07:55:37.880Z] [worker-us-central1-api-e9878eb9-86ba-4580-980b-1ea51a2d604b]: BUSY {"metadata":{"emulator":{"name":"functions"},"function":{"name":"us-central1-api"},"extension":{},"message":"[worker-us-central1-api-e9878eb9-86ba-4580-980b-1ea51a2d604b]: BUSY"}}
[debug] [2025-02-04T07:55:37.884Z] [work-queue] {"queuedWork":["/novemb-f2496/us-central1/api/payments/create-2025-02-04T07:55:37.884Z"],"queueLength":1,"runningWork":["/novemb-f2496/us-central1/api/payments/create-2025-02-04T07:55:37.870Z"],"workRunningCount":1}
[debug] [2025-02-04T07:55:37.885Z] [work-queue] {"queuedWork":[],"queueLength":0,"runningWork":["/novemb-f2496/us-central1/api/payments/create-2025-02-04T07:55:37.870Z","/novemb-f2496/us-central1/api/payments/create-2025-02-04T07:55:37.884Z"],"workRunningCount":2}
[debug] [2025-02-04T07:55:37.885Z] Accepted request POST /novemb-f2496/us-central1/api/payments/create?total=0 --> us-central1-api
[debug] [2025-02-04T07:55:37.886Z] [functions] Runtime ready! Sending request! {"metadata":{"emulator":{"name":"functions"},"message":"[functions] Runtime ready! Sending request!"}}
[debug] [2025-02-04T07:55:37.887Z] [functions] Got req.url=/novemb-f2496/us-central1/api/payments/create?total=0, mapping to path=/payments/create?total=0 {"metadata":{"emulator":{"name":"functions"},"message":"[functions] Got req.url=/novemb-f2496/us-central1/api/payments/create?total=0, mapping to path=/payments/create?total=0"}}
[debug] [2025-02-04T07:55:37.922Z] [worker-pool] addWorker(us-central1-api) {"metadata":{"emulator":{"name":"functions"},"message":"[worker-pool] addWorker(us-central1-api)"}}
[debug] [2025-02-04T07:55:37.924Z] [worker-pool] Adding worker with key us-central1-api, total=2 {"metadata":{"emulator":{"name":"functions"},"message":"[worker-pool] Adding worker with key us-central1-api, total=2"}}
[info] >  payment request received for this amount == 0 {"user":"payment request received for this amount == 0","metadata":{"emulator":{"name":"functions"},"function":{"name":"us-central1-api"},"extension":{},"message":"\u001b[90m> \u001b[39m payment request received for this amount == 0"}}
[info] >  Error creating payment intent: StripeInvalidRequestError: The amount must be greater than or equal to the minimum charge amount allowed for your account and the currency set (https://docs.stripe.com/currencies#minimum-and-maximum-charge-amounts).  If you want to save a Payment Method for future use without an immediate payment, use a Setup Intent instead: https://docs.stripe.com/payments/setup-intents {"user":"Error creating payment intent: StripeInvalidRequestError: The amount must be greater than or equal to the minimum charge amount allowed for your account and the currency set (https://docs.stripe.com/currencies#minimum-and-maximum-charge-amounts).  If you want to save a Payment Method for future use without an immediate payment, use a Setup Intent instead: https://docs.stripe.com/payments/setup-intents","metadata":{"emulator":{"name":"functions"},"function":{"name":"us-central1-api"},"extension":{},"message":"\u001b[90m> \u001b[39m Error creating payment intent: StripeInvalidRequestError: The amount must be greater than or equal to the minimum charge amount allowed for your account and the currency set (https://docs.stripe.com/currencies#minimum-and-maximum-charge-amounts).  If you want to save a Payment Method for future use without an immediate payment, use a Setup Intent instead: https://docs.stripe.com/payments/setup-intents"}}
[info] >      at generateV1Error (C:\Users\sata\OneDrive\Desktop\phase-1\phase-5\Amazon-clone-2024\amazon-clone\functions\node_modules\stripe\cjs\Error.js:11:20) {"user":"    at generateV1Error (C:\\Users\\sata\\OneDrive\\Desktop\\phase-1\\phase-5\\Amazon-clone-2024\\amazon-clone\\functions\\node_modules\\stripe\\cjs\\Error.js:11:20)","metadata":{"emulator":{"name":"functions"},"function":{"name":"us-central1-api"},"extension":{},"message":"\u001b[90m> \u001b[39m     at generateV1Error (C:\\Users\\sata\\OneDrive\\Desktop\\phase-1\\phase-5\\Amazon-clone-2024\\amazon-clone\\functions\\node_modules\\stripe\\cjs\\Error.js:11:20)"}}
[info] >      at res.toJSON.then.Error_js_1.StripeAPIError.message (C:\Users\sata\OneDrive\Desktop\phase-1\phase-5\Amazon-clone-2024\amazon-clone\functions\node_modules\stripe\cjs\RequestSender.js:108:62) {"user":"    at res.toJSON.then.Error_js_1.StripeAPIError.message (C:\\Users\\sata\\OneDrive\\Desktop\\phase-1\\phase-5\\Amazon-clone-2024\\amazon-clone\\functions\\node_modules\\stripe\\cjs\\RequestSender.js:108:62)","metadata":{"emulator":{"name":"functions"},"function":{"name":"us-central1-api"},"extension":{},"message":"\u001b[90m> \u001b[39m     at res.toJSON.then.Error_js_1.StripeAPIError.message (C:\\Users\\sata\\OneDrive\\Desktop\\phase-1\\phase-5\\Amazon-clone-2024\\amazon-clone\\functions\\node_modules\\stripe\\cjs\\RequestSender.js:108:62)"}}
[info] >      at process.processTicksAndRejections (node:internal/process/task_queues:95:5) { {"user":"    at process.processTicksAndRejections (node:internal/process/task_queues:95:5) {","metadata":{"emulator":{"name":"functions"},"function":{"name":"us-central1-api"},"extension":{},"message":"\u001b[90m> \u001b[39m     at process.processTicksAndRejections (node:internal/process/task_queues:95:5) {"}}
[info] >    type: 'StripeInvalidRequestError', {"user":"  type: 'StripeInvalidRequestError',","metadata":{"emulator":{"name":"functions"},"function":{"name":"us-central1-api"},"extension":{},"message":"\u001b[90m> \u001b[39m   type: 'StripeInvalidRequestError',"}}
[info] >    raw: { {"user":"  raw: {","metadata":{"emulator":{"name":"functions"},"function":{"name":"us-central1-api"},"extension":{},"message":"\u001b[90m> \u001b[39m   raw: {"}}
[info] >      code: 'parameter_invalid_integer', {"user":"    code: 'parameter_invalid_integer',","metadata":{"emulator":{"name":"functions"},"function":{"name":"us-central1-api"},"extension":{},"message":"\u001b[90m> \u001b[39m     code: 'parameter_invalid_integer',"}}
[info] >      doc_url: 'https://stripe.com/docs/error-codes/parameter-invalid-integer', {"user":"    doc_url: 'https://stripe.com/docs/error-codes/parameter-invalid-integer',","metadata":{"emulator":{"name":"functions"},"function":{"name":"us-central1-api"},"extension":{},"message":"\u001b[90m> \u001b[39m     doc_url: 'https://stripe.com/docs/error-codes/parameter-invalid-integer',"}}
[info] >      message: 'The amount must be greater than or equal to the minimum charge amount allowed for your account and the currency set (https://docs.stripe.com/currencies#minimum-and-maximum-charge-amounts).  If you want to save a Payment Method for future use without an immediate payment, use a Setup Intent instead: https://docs.stripe.com/payments/setup-intents', {"user":"    message: 'The amount must be greater than or equal to the minimum charge amount allowed for your account and the currency set (https://docs.stripe.com/currencies#minimum-and-maximum-charge-amounts).  If you want to save a Payment Method for future use without an immediate payment, use a Setup Intent instead: https://docs.stripe.com/payments/setup-intents',","metadata":{"emulator":{"name":"functions"},"function":{"name":"us-central1-api"},"extension":{},"message":"\u001b[90m> \u001b[39m     message: 'The amount must be greater than or equal to the minimum charge amount allowed for your account and the currency set (https://docs.stripe.com/currencies#minimum-and-maximum-charge-amounts).  If you want to save a Payment Method for future use without an immediate payment, use a Setup Intent instead: https://docs.stripe.com/payments/setup-intents',"}}
[info] >      param: 'amount', {"user":"    param: 'amount',","metadata":{"emulator":{"name":"functions"},"function":{"name":"us-central1-api"},"extension":{},"message":"\u001b[90m> \u001b[39m     param: 'amount',"}}
[info] >      request_log_url: 'https://dashboard.stripe.com/test/logs/req_khwtq7WUArIVsy?t=1738655740', {"user":"    request_log_url: 'https://dashboard.stripe.com/test/logs/req_khwtq7WUArIVsy?t=1738655740',","metadata":{"emulator":{"name":"functions"},"function":{"name":"us-central1-api"},"extension":{},"message":"\u001b[90m> \u001b[39m     request_log_url: 'https://dashboard.stripe.com/test/logs/req_khwtq7WUArIVsy?t=1738655740',"}}
[info] >      type: 'invalid_request_error', {"user":"    type: 'invalid_request_error',","metadata":{"emulator":{"name":"functions"},"function":{"name":"us-central1-api"},"extension":{},"message":"\u001b[90m> \u001b[39m     type: 'invalid_request_error',"}}
[info] >      headers: { {"user":"    headers: {","metadata":{"emulator":{"name":"functions"},"function":{"name":"us-central1-api"},"extension":{},"message":"\u001b[90m> \u001b[39m     headers: {"}}
[info] >        server: 'nginx', {"user":"      server: 'nginx',","metadata":{"emulator":{"name":"functions"},"function":{"name":"us-central1-api"},"extension":{},"message":"\u001b[90m> \u001b[39m       server: 'nginx',"}}
[info] >        date: 'Tue, 04 Feb 2025 07:55:40 GMT', {"user":"      date: 'Tue, 04 Feb 2025 07:55:40 GMT',","metadata":{"emulator":{"name":"functions"},"function":{"name":"us-central1-api"},"extension":{},"message":"\u001b[90m> \u001b[39m       date: 'Tue, 04 Feb 2025 07:55:40 GMT',"}}
[info] >        'content-type': 'application/json', {"user":"      'content-type': 'application/json',","metadata":{"emulator":{"name":"functions"},"function":{"name":"us-central1-api"},"extension":{},"message":"\u001b[90m> \u001b[39m       'content-type': 'application/json',"}}
[info] >        'content-length': '663', {"user":"      'content-length': '663',","metadata":{"emulator":{"name":"functions"},"function":{"name":"us-central1-api"},"extension":{},"message":"\u001b[90m> \u001b[39m       'content-length': '663',"}}
[info] >        connection: 'keep-alive', {"user":"      connection: 'keep-alive',","metadata":{"emulator":{"name":"functions"},"function":{"name":"us-central1-api"},"extension":{},"message":"\u001b[90m> \u001b[39m       connection: 'keep-alive',"}}
[info] >        'access-control-allow-credentials': 'true', {"user":"      'access-control-allow-credentials': 'true',","metadata":{"emulator":{"name":"functions"},"function":{"name":"us-central1-api"},"extension":{},"message":"\u001b[90m> \u001b[39m       'access-control-allow-credentials': 'true',"}}
[info] >        'access-control-allow-methods': 'GET, HEAD, PUT, PATCH, POST, DELETE', {"user":"      'access-control-allow-methods': 'GET, HEAD, PUT, PATCH, POST, DELETE',","metadata":{"emulator":{"name":"functions"},"function":{"name":"us-central1-api"},"extension":{},"message":"\u001b[90m> \u001b[39m       'access-control-allow-methods': 'GET, HEAD, PUT, PATCH, POST, DELETE',"}}
[info] >        'access-control-allow-origin': '*', {"user":"      'access-control-allow-origin': '*',","metadata":{"emulator":{"name":"functions"},"function":{"name":"us-central1-api"},"extension":{},"message":"\u001b[90m> \u001b[39m       'access-control-allow-origin': '*',"}}
[info] >        'access-control-expose-headers': 'Request-Id, Stripe-Manage-Version, Stripe-Should-Retry, X-Stripe-External-Auth-Required, X-Stripe-Privileged-Session-Required', {"user":"      'access-control-expose-headers': 'Request-Id, Stripe-Manage-Version, Stripe-Should-Retry, X-Stripe-External-Auth-Required, X-Stripe-Privileged-Session-Required',","metadata":{"emulator":{"name":"functions"},"function":{"name":"us-central1-api"},"extension":{},"message":"\u001b[90m> \u001b[39m       'access-control-expose-headers': 'Request-Id, Stripe-Manage-Version, Stripe-Should-Retry, X-Stripe-External-Auth-Required, X-Stripe-Privileged-Session-Required',"}}
[info] >        'access-control-max-age': '300', {"user":"      'access-control-max-age': '300',","metadata":{"emulator":{"name":"functions"},"function":{"name":"us-central1-api"},"extension":{},"message":"\u001b[90m> \u001b[39m       'access-control-max-age': '300',"}}
[info] >        'cache-control': 'no-cache, no-store', {"user":"      'cache-control': 'no-cache, no-store',","metadata":{"emulator":{"name":"functions"},"function":{"name":"us-central1-api"},"extension":{},"message":"\u001b[90m> \u001b[39m       'cache-control': 'no-cache, no-store',"}}
[info] >        'content-security-policy': "base-uri 'none'; default-src 'none'; form-action 'none'; frame-ancestors 'none'; img-src 'self'; script-src 'self' 'report-sample'; style-src 'self'; upgrade-insecure-requests; report-uri https://q.stripe.com/csp-violation?q=PmgggGv9hVYKG2d9u7mtPT259tP4c2PvRSvKpGC4AhQSDlfaP5hCMXpjgpPONdat5XrJsSm7DK_nrEMe", {"user":"      'content-security-policy': \"base-uri 'none'; default-src 'none'; form-action 'none'; frame-ancestors 'none'; img-src 'self'; script-src 'self' 'report-sample'; style-src 'self'; upgrade-insecure-requests; report-uri https://q.stripe.com/csp-violation?q=PmgggGv9hVYKG2d9u7mtPT259tP4c2PvRSvKpGC4AhQSDlfaP5hCMXpjgpPONdat5XrJsSm7DK_nrEMe\",","metadata":{"emulator":{"name":"functions"},"function":{"name":"us-central1-api"},"extension":{},"message":"\u001b[90m> \u001b[39m       'content-security-policy': \"base-uri 'none'; default-src 'none'; form-action 'none'; frame-ancestors 'none'; img-src 'self'; script-src 'self' 'report-sample'; style-src 'self'; upgrade-insecure-requests; report-uri https://q.stripe.com/csp-violation?q=PmgggGv9hVYKG2d9u7mtPT259tP4c2PvRSvKpGC4AhQSDlfaP5hCMXpjgpPONdat5XrJsSm7DK_nrEMe\","}}
[info] >        'cross-origin-opener-policy-report-only': 'same-origin; report-to="coop"', {"user":"      'cross-origin-opener-policy-report-only': 'same-origin; report-to=\"coop\"',","metadata":{"emulator":{"name":"functions"},"function":{"name":"us-central1-api"},"extension":{},"message":"\u001b[90m> \u001b[39m       'cross-origin-opener-policy-report-only': 'same-origin; report-to=\"coop\"',"}}
[info] >        'idempotency-key': 'stripe-node-retry-16ac71af-2b21-45df-a10e-9f1e516820df', {"user":"      'idempotency-key': 'stripe-node-retry-16ac71af-2b21-45df-a10e-9f1e516820df',","metadata":{"emulator":{"name":"functions"},"function":{"name":"us-central1-api"},"extension":{},"message":"\u001b[90m> \u001b[39m       'idempotency-key': 'stripe-node-retry-16ac71af-2b21-45df-a10e-9f1e516820df',"}}
[info] >        'original-request': 'req_khwtq7WUArIVsy', {"user":"      'original-request': 'req_khwtq7WUArIVsy',","metadata":{"emulator":{"name":"functions"},"function":{"name":"us-central1-api"},"extension":{},"message":"\u001b[90m> \u001b[39m       'original-request': 'req_khwtq7WUArIVsy',"}}
[info] >        'report-to': '{"group":"coop","max_age":8640,"endpoints":[{"url":"https://q.stripe.com/coop-report"}],"include_subdomains":true}', {"user":"      'report-to': '{\"group\":\"coop\",\"max_age\":8640,\"endpoints\":[{\"url\":\"https://q.stripe.com/coop-report\"}],\"include_subdomains\":true}',","metadata":{"emulator":{"name":"functions"},"function":{"name":"us-central1-api"},"extension":{},"message":"\u001b[90m> \u001b[39m       'report-to': '{\"group\":\"coop\",\"max_age\":8640,\"endpoints\":[{\"url\":\"https://q.stripe.com/coop-report\"}],\"include_subdomains\":true}',"}}
[info] >        'reporting-endpoints': 'coop="https://q.stripe.com/coop-report"', {"user":"      'reporting-endpoints': 'coop=\"https://q.stripe.com/coop-report\"',","metadata":{"emulator":{"name":"functions"},"function":{"name":"us-central1-api"},"extension":{},"message":"\u001b[90m> \u001b[39m       'reporting-endpoints': 'coop=\"https://q.stripe.com/coop-report\"',"}}
[info] >        'request-id': 'req_khwtq7WUArIVsy', {"user":"      'request-id': 'req_khwtq7WUArIVsy',","metadata":{"emulator":{"name":"functions"},"function":{"name":"us-central1-api"},"extension":{},"message":"\u001b[90m> \u001b[39m       'request-id': 'req_khwtq7WUArIVsy',"}}
[info] >        'stripe-version': '2025-01-27.acacia', {"user":"      'stripe-version': '2025-01-27.acacia',","metadata":{"emulator":{"name":"functions"},"function":{"name":"us-central1-api"},"extension":{},"message":"\u001b[90m> \u001b[39m       'stripe-version': '2025-01-27.acacia',"}}
[info] >        vary: 'Origin', {"user":"      vary: 'Origin',","metadata":{"emulator":{"name":"functions"},"function":{"name":"us-central1-api"},"extension":{},"message":"\u001b[90m> \u001b[39m       vary: 'Origin',"}}
[info] >        'x-stripe-priority-routing-enabled': 'true', {"user":"      'x-stripe-priority-routing-enabled': 'true',","metadata":{"emulator":{"name":"functions"},"function":{"name":"us-central1-api"},"extension":{},"message":"\u001b[90m> \u001b[39m       'x-stripe-priority-routing-enabled': 'true',"}}
[info] >        'x-stripe-routing-context-priority-tier': 'api-testmode', {"user":"      'x-stripe-routing-context-priority-tier': 'api-testmode',","metadata":{"emulator":{"name":"functions"},"function":{"name":"us-central1-api"},"extension":{},"message":"\u001b[90m> \u001b[39m       'x-stripe-routing-context-priority-tier': 'api-testmode',"}}
[info] >        'x-wc': 'AB', {"user":"      'x-wc': 'AB',","metadata":{"emulator":{"name":"functions"},"function":{"name":"us-central1-api"},"extension":{},"message":"\u001b[90m> \u001b[39m       'x-wc': 'AB',"}}
[info] >        'strict-transport-security': 'max-age=63072000; includeSubDomains; preload' {"user":"      'strict-transport-security': 'max-age=63072000; includeSubDomains; preload'","metadata":{"emulator":{"name":"functions"},"function":{"name":"us-central1-api"},"extension":{},"message":"\u001b[90m> \u001b[39m       'strict-transport-security': 'max-age=63072000; includeSubDomains; preload'"}}
[info] >      }, {"user":"    },","metadata":{"emulator":{"name":"functions"},"function":{"name":"us-central1-api"},"extension":{},"message":"\u001b[90m> \u001b[39m     },"}}
[info] >      statusCode: 400, {"user":"    statusCode: 400,","metadata":{"emulator":{"name":"functions"},"function":{"name":"us-central1-api"},"extension":{},"message":"\u001b[90m> \u001b[39m     statusCode: 400,"}}
[info] >      requestId: 'req_khwtq7WUArIVsy' {"user":"    requestId: 'req_khwtq7WUArIVsy'","metadata":{"emulator":{"name":"functions"},"function":{"name":"us-central1-api"},"extension":{},"message":"\u001b[90m> \u001b[39m     requestId: 'req_khwtq7WUArIVsy'"}}
[info] >    }, {"user":"  },","metadata":{"emulator":{"name":"functions"},"function":{"name":"us-central1-api"},"extension":{},"message":"\u001b[90m> \u001b[39m   },"}}
[info] >    rawType: 'invalid_request_error', {"user":"  rawType: 'invalid_request_error',","metadata":{"emulator":{"name":"functions"},"function":{"name":"us-central1-api"},"extension":{},"message":"\u001b[90m> \u001b[39m   rawType: 'invalid_request_error',"}}
[info] >    code: 'parameter_invalid_integer', {"user":"  code: 'parameter_invalid_integer',","metadata":{"emulator":{"name":"functions"},"function":{"name":"us-central1-api"},"extension":{},"message":"\u001b[90m> \u001b[39m   code: 'parameter_invalid_integer',"}}
[info] >    doc_url: 'https://stripe.com/docs/error-codes/parameter-invalid-integer', {"user":"  doc_url: 'https://stripe.com/docs/error-codes/parameter-invalid-integer',","metadata":{"emulator":{"name":"functions"},"function":{"name":"us-central1-api"},"extension":{},"message":"\u001b[90m> \u001b[39m   doc_url: 'https://stripe.com/docs/error-codes/parameter-invalid-integer',"}}
[info] >    param: 'amount', {"user":"  param: 'amount',","metadata":{"emulator":{"name":"functions"},"function":{"name":"us-central1-api"},"extension":{},"message":"\u001b[90m> \u001b[39m   param: 'amount',"}}
[info] >    detail: undefined, {"user":"  detail: undefined,","metadata":{"emulator":{"name":"functions"},"function":{"name":"us-central1-api"},"extension":{},"message":"\u001b[90m> \u001b[39m   detail: undefined,"}}
[info] >    headers: { {"user":"  headers: {","metadata":{"emulator":{"name":"functions"},"function":{"name":"us-central1-api"},"extension":{},"message":"\u001b[90m> \u001b[39m   headers: {"}}
[info] >      server: 'nginx', {"user":"    server: 'nginx',","metadata":{"emulator":{"name":"functions"},"function":{"name":"us-central1-api"},"extension":{},"message":"\u001b[90m> \u001b[39m     server: 'nginx',"}}
[info] >      date: 'Tue, 04 Feb 2025 07:55:40 GMT', {"user":"    date: 'Tue, 04 Feb 2025 07:55:40 GMT',","metadata":{"emulator":{"name":"functions"},"function":{"name":"us-central1-api"},"extension":{},"message":"\u001b[90m> \u001b[39m     date: 'Tue, 04 Feb 2025 07:55:40 GMT',"}}
[info] >      'content-type': 'application/json', {"user":"    'content-type': 'application/json',","metadata":{"emulator":{"name":"functions"},"function":{"name":"us-central1-api"},"extension":{},"message":"\u001b[90m> \u001b[39m     'content-type': 'application/json',"}}
[info] >      'content-length': '663', {"user":"    'content-length': '663',","metadata":{"emulator":{"name":"functions"},"function":{"name":"us-central1-api"},"extension":{},"message":"\u001b[90m> \u001b[39m     'content-length': '663',"}}
[info] >      connection: 'keep-alive', {"user":"    connection: 'keep-alive',","metadata":{"emulator":{"name":"functions"},"function":{"name":"us-central1-api"},"extension":{},"message":"\u001b[90m> \u001b[39m     connection: 'keep-alive',"}}
[info] >      'access-control-allow-credentials': 'true', {"user":"    'access-control-allow-credentials': 'true',","metadata":{"emulator":{"name":"functions"},"function":{"name":"us-central1-api"},"extension":{},"message":"\u001b[90m> \u001b[39m     'access-control-allow-credentials': 'true',"}}
[info] >      'access-control-allow-methods': 'GET, HEAD, PUT, PATCH, POST, DELETE', {"user":"    'access-control-allow-methods': 'GET, HEAD, PUT, PATCH, POST, DELETE',","metadata":{"emulator":{"name":"functions"},"function":{"name":"us-central1-api"},"extension":{},"message":"\u001b[90m> \u001b[39m     'access-control-allow-methods': 'GET, HEAD, PUT, PATCH, POST, DELETE',"}}
[info] >      'access-control-allow-origin': '*', {"user":"    'access-control-allow-origin': '*',","metadata":{"emulator":{"name":"functions"},"function":{"name":"us-central1-api"},"extension":{},"message":"\u001b[90m> \u001b[39m     'access-control-allow-origin': '*',"}}
[info] >      'access-control-expose-headers': 'Request-Id, Stripe-Manage-Version, Stripe-Should-Retry, X-Stripe-External-Auth-Required, X-Stripe-Privileged-Session-Required', {"user":"    'access-control-expose-headers': 'Request-Id, Stripe-Manage-Version, Stripe-Should-Retry, X-Stripe-External-Auth-Required, X-Stripe-Privileged-Session-Required',","metadata":{"emulator":{"name":"functions"},"function":{"name":"us-central1-api"},"extension":{},"message":"\u001b[90m> \u001b[39m     'access-control-expose-headers': 'Request-Id, Stripe-Manage-Version, Stripe-Should-Retry, X-Stripe-External-Auth-Required, X-Stripe-Privileged-Session-Required',"}}
[info] >      'access-control-max-age': '300', {"user":"    'access-control-max-age': '300',","metadata":{"emulator":{"name":"functions"},"function":{"name":"us-central1-api"},"extension":{},"message":"\u001b[90m> \u001b[39m     'access-control-max-age': '300',"}}
[info] >      'cache-control': 'no-cache, no-store', {"user":"    'cache-control': 'no-cache, no-store',","metadata":{"emulator":{"name":"functions"},"function":{"name":"us-central1-api"},"extension":{},"message":"\u001b[90m> \u001b[39m     'cache-control': 'no-cache, no-store',"}}
[info] >      'content-security-policy': "base-uri 'none'; default-src 'none'; form-action 'none'; frame-ancestors 'none'; img-src 'self'; script-src 'self' 'report-sample'; style-src 'self'; upgrade-insecure-requests; report-uri https://q.stripe.com/csp-violation?q=PmgggGv9hVYKG2d9u7mtPT259tP4c2PvRSvKpGC4AhQSDlfaP5hCMXpjgpPONdat5XrJsSm7DK_nrEMe", {"user":"    'content-security-policy': \"base-uri 'none'; default-src 'none'; form-action 'none'; frame-ancestors 'none'; img-src 'self'; script-src 'self' 'report-sample'; style-src 'self'; upgrade-insecure-requests; report-uri https://q.stripe.com/csp-violation?q=PmgggGv9hVYKG2d9u7mtPT259tP4c2PvRSvKpGC4AhQSDlfaP5hCMXpjgpPONdat5XrJsSm7DK_nrEMe\",","metadata":{"emulator":{"name":"functions"},"function":{"name":"us-central1-api"},"extension":{},"message":"\u001b[90m> \u001b[39m     'content-security-policy': \"base-uri 'none'; default-src 'none'; form-action 'none'; frame-ancestors 'none'; img-src 'self'; script-src 'self' 'report-sample'; style-src 'self'; upgrade-insecure-requests; report-uri https://q.stripe.com/csp-violation?q=PmgggGv9hVYKG2d9u7mtPT259tP4c2PvRSvKpGC4AhQSDlfaP5hCMXpjgpPONdat5XrJsSm7DK_nrEMe\","}}
[info] >      'cross-origin-opener-policy-report-only': 'same-origin; report-to="coop"', {"user":"    'cross-origin-opener-policy-report-only': 'same-origin; report-to=\"coop\"',","metadata":{"emulator":{"name":"functions"},"function":{"name":"us-central1-api"},"extension":{},"message":"\u001b[90m> \u001b[39m     'cross-origin-opener-policy-report-only': 'same-origin; report-to=\"coop\"',"}}
[info] >      'idempotency-key': 'stripe-node-retry-16ac71af-2b21-45df-a10e-9f1e516820df', {"user":"    'idempotency-key': 'stripe-node-retry-16ac71af-2b21-45df-a10e-9f1e516820df',","metadata":{"emulator":{"name":"functions"},"function":{"name":"us-central1-api"},"extension":{},"message":"\u001b[90m> \u001b[39m     'idempotency-key': 'stripe-node-retry-16ac71af-2b21-45df-a10e-9f1e516820df',"}}
[info] >      'original-request': 'req_khwtq7WUArIVsy', {"user":"    'original-request': 'req_khwtq7WUArIVsy',","metadata":{"emulator":{"name":"functions"},"function":{"name":"us-central1-api"},"extension":{},"message":"\u001b[90m> \u001b[39m     'original-request': 'req_khwtq7WUArIVsy',"}}
[info] >      'report-to': '{"group":"coop","max_age":8640,"endpoints":[{"url":"https://q.stripe.com/coop-report"}],"include_subdomains":true}', {"user":"    'report-to': '{\"group\":\"coop\",\"max_age\":8640,\"endpoints\":[{\"url\":\"https://q.stripe.com/coop-report\"}],\"include_subdomains\":true}',","metadata":{"emulator":{"name":"functions"},"function":{"name":"us-central1-api"},"extension":{},"message":"\u001b[90m> \u001b[39m     'report-to': '{\"group\":\"coop\",\"max_age\":8640,\"endpoints\":[{\"url\":\"https://q.stripe.com/coop-report\"}],\"include_subdomains\":true}',"}}
[info] >      'reporting-endpoints': 'coop="https://q.stripe.com/coop-report"', {"user":"    'reporting-endpoints': 'coop=\"https://q.stripe.com/coop-report\"',","metadata":{"emulator":{"name":"functions"},"function":{"name":"us-central1-api"},"extension":{},"message":"\u001b[90m> \u001b[39m     'reporting-endpoints': 'coop=\"https://q.stripe.com/coop-report\"',"}}
[info] >      'request-id': 'req_khwtq7WUArIVsy', {"user":"    'request-id': 'req_khwtq7WUArIVsy',","metadata":{"emulator":{"name":"functions"},"function":{"name":"us-central1-api"},"extension":{},"message":"\u001b[90m> \u001b[39m     'request-id': 'req_khwtq7WUArIVsy',"}}
[info] >      'stripe-version': '2025-01-27.acacia', {"user":"    'stripe-version': '2025-01-27.acacia',","metadata":{"emulator":{"name":"functions"},"function":{"name":"us-central1-api"},"extension":{},"message":"\u001b[90m> \u001b[39m     'stripe-version': '2025-01-27.acacia',"}}
[info] >      vary: 'Origin', {"user":"    vary: 'Origin',","metadata":{"emulator":{"name":"functions"},"function":{"name":"us-central1-api"},"extension":{},"message":"\u001b[90m> \u001b[39m     vary: 'Origin',"}}
[info] >      'x-stripe-priority-routing-enabled': 'true', {"user":"    'x-stripe-priority-routing-enabled': 'true',","metadata":{"emulator":{"name":"functions"},"function":{"name":"us-central1-api"},"extension":{},"message":"\u001b[90m> \u001b[39m     'x-stripe-priority-routing-enabled': 'true',"}}
[info] >      'x-stripe-routing-context-priority-tier': 'api-testmode', {"user":"    'x-stripe-routing-context-priority-tier': 'api-testmode',","metadata":{"emulator":{"name":"functions"},"function":{"name":"us-central1-api"},"extension":{},"message":"\u001b[90m> \u001b[39m     'x-stripe-routing-context-priority-tier': 'api-testmode',"}}
[info] >      'x-wc': 'AB', {"user":"    'x-wc': 'AB',","metadata":{"emulator":{"name":"functions"},"function":{"name":"us-central1-api"},"extension":{},"message":"\u001b[90m> \u001b[39m     'x-wc': 'AB',"}}
[info] >      'strict-transport-security': 'max-age=63072000; includeSubDomains; preload' {"user":"    'strict-transport-security': 'max-age=63072000; includeSubDomains; preload'","metadata":{"emulator":{"name":"functions"},"function":{"name":"us-central1-api"},"extension":{},"message":"\u001b[90m> \u001b[39m     'strict-transport-security': 'max-age=63072000; includeSubDomains; preload'"}}
[info] >    }, {"user":"  },","metadata":{"emulator":{"name":"functions"},"function":{"name":"us-central1-api"},"extension":{},"message":"\u001b[90m> \u001b[39m   },"}}
[info] >    requestId: 'req_khwtq7WUArIVsy', {"user":"  requestId: 'req_khwtq7WUArIVsy',","metadata":{"emulator":{"name":"functions"},"function":{"name":"us-central1-api"},"extension":{},"message":"\u001b[90m> \u001b[39m   requestId: 'req_khwtq7WUArIVsy',"}}
[info] >    statusCode: 400, {"user":"  statusCode: 400,","metadata":{"emulator":{"name":"functions"},"function":{"name":"us-central1-api"},"extension":{},"message":"\u001b[90m> \u001b[39m   statusCode: 400,"}}
[info] >    userMessage: undefined, {"user":"  userMessage: undefined,","metadata":{"emulator":{"name":"functions"},"function":{"name":"us-central1-api"},"extension":{},"message":"\u001b[90m> \u001b[39m   userMessage: undefined,"}}
[info] >    charge: undefined, {"user":"  charge: undefined,","metadata":{"emulator":{"name":"functions"},"function":{"name":"us-central1-api"},"extension":{},"message":"\u001b[90m> \u001b[39m   charge: undefined,"}}
[info] >    decline_code: undefined, {"user":"  decline_code: undefined,","metadata":{"emulator":{"name":"functions"},"function":{"name":"us-central1-api"},"extension":{},"message":"\u001b[90m> \u001b[39m   decline_code: undefined,"}}
[info] >    payment_intent: undefined, {"user":"  payment_intent: undefined,","metadata":{"emulator":{"name":"functions"},"function":{"name":"us-central1-api"},"extension":{},"message":"\u001b[90m> \u001b[39m   payment_intent: undefined,"}}
[info] >    payment_method: undefined, {"user":"  payment_method: undefined,","metadata":{"emulator":{"name":"functions"},"function":{"name":"us-central1-api"},"extension":{},"message":"\u001b[90m> \u001b[39m   payment_method: undefined,"}}
[info] >    payment_method_type: undefined, {"user":"  payment_method_type: undefined,","metadata":{"emulator":{"name":"functions"},"function":{"name":"us-central1-api"},"extension":{},"message":"\u001b[90m> \u001b[39m   payment_method_type: undefined,"}}
[info] >    setup_intent: undefined, {"user":"  setup_intent: undefined,","metadata":{"emulator":{"name":"functions"},"function":{"name":"us-central1-api"},"extension":{},"message":"\u001b[90m> \u001b[39m   setup_intent: undefined,"}}
[info] >    source: undefined {"user":"  source: undefined","metadata":{"emulator":{"name":"functions"},"function":{"name":"us-central1-api"},"extension":{},"message":"\u001b[90m> \u001b[39m   source: undefined"}}
[info] >  } {"user":"}","metadata":{"emulator":{"name":"functions"},"function":{"name":"us-central1-api"},"extension":{},"message":"\u001b[90m> \u001b[39m }"}}
[debug] [2025-02-04T07:55:39.439Z] Finishing up request with event=pause {"metadata":{"emulator":{"name":"functions"},"function":{"name":"us-central1-api"},"extension":{},"message":"Finishing up request with event=pause"}}
[info] i  functions: Finished "us-central1-api" in 1559.713ms {"metadata":{"emulator":{"name":"functions"},"function":{"name":"us-central1-api"},"extension":{},"message":"Finished \"us-central1-api\" in 1559.713ms"}}
[debug] [2025-02-04T07:55:39.441Z] [worker-us-central1-api-e9878eb9-86ba-4580-980b-1ea51a2d604b]: IDLE {"metadata":{"emulator":{"name":"functions"},"function":{"name":"us-central1-api"},"extension":{},"message":"[worker-us-central1-api-e9878eb9-86ba-4580-980b-1ea51a2d604b]: IDLE"}}
[debug] [2025-02-04T07:55:39.442Z] Finishing up request with event=finish {"metadata":{"emulator":{"name":"functions"},"function":{"name":"us-central1-api"},"extension":{},"message":"Finishing up request with event=finish"}}
[debug] [2025-02-04T07:55:39.442Z] Finishing up request with event=close {"metadata":{"emulator":{"name":"functions"},"function":{"name":"us-central1-api"},"extension":{},"message":"Finishing up request with event=close"}}
[debug] [2025-02-04T07:55:39.443Z] [work-queue] {"queuedWork":[],"queueLength":0,"runningWork":["/novemb-f2496/us-central1/api/payments/create-2025-02-04T07:55:37.884Z"],"workRunningCount":1}
[debug] [2025-02-04T07:55:41.510Z] [runtime-status] [16512] Resolved module firebase-admin {"declared":true,"installed":true,"version":"12.7.0","resolution":"C:\\Users\\sata\\OneDrive\\Desktop\\phase-1\\phase-5\\Amazon-clone-2024\\amazon-clone\\functions\\node_modules\\firebase-admin\\lib\\index.js"} {"metadata":{"emulator":{"name":"functions"},"function":{"name":"us-central1-api"},"extension":{},"message":"[runtime-status] [16512] Resolved module firebase-admin {\"declared\":true,\"installed\":true,\"version\":\"12.7.0\",\"resolution\":\"C:\\\\Users\\\\sata\\\\OneDrive\\\\Desktop\\\\phase-1\\\\phase-5\\\\Amazon-clone-2024\\\\amazon-clone\\\\functions\\\\node_modules\\\\firebase-admin\\\\lib\\\\index.js\"}"}}
[debug] [2025-02-04T07:55:41.515Z] [runtime-status] [16512] Resolved module firebase-functions {"declared":true,"installed":true,"version":"6.3.1","resolution":"C:\\Users\\sata\\OneDrive\\Desktop\\phase-1\\phase-5\\Amazon-clone-2024\\amazon-clone\\functions\\node_modules\\firebase-functions\\lib\\v2\\index.js"} {"metadata":{"emulator":{"name":"functions"},"function":{"name":"us-central1-api"},"extension":{},"message":"[runtime-status] [16512] Resolved module firebase-functions {\"declared\":true,\"installed\":true,\"version\":\"6.3.1\",\"resolution\":\"C:\\\\Users\\\\sata\\\\OneDrive\\\\Desktop\\\\phase-1\\\\phase-5\\\\Amazon-clone-2024\\\\amazon-clone\\\\functions\\\\node_modules\\\\firebase-functions\\\\lib\\\\v2\\\\index.js\"}"}}
[debug] [2025-02-04T07:55:41.518Z] [runtime-status] [16512] Outgoing network have been stubbed. [{"name":"http","status":"mocked"},{"name":"http","status":"mocked"},{"name":"https","status":"mocked"},{"name":"https","status":"mocked"},{"name":"net","status":"mocked"}] {"metadata":{"emulator":{"name":"functions"},"function":{"name":"us-central1-api"},"extension":{},"message":"[runtime-status] [16512] Outgoing network have been stubbed. [{\"name\":\"http\",\"status\":\"mocked\"},{\"name\":\"http\",\"status\":\"mocked\"},{\"name\":\"https\",\"status\":\"mocked\"},{\"name\":\"https\",\"status\":\"mocked\"},{\"name\":\"net\",\"status\":\"mocked\"}]"}}
[debug] [2025-02-04T07:55:41.520Z] [runtime-status] [16512] Resolved module firebase-functions {"declared":true,"installed":true,"version":"6.3.1","resolution":"C:\\Users\\sata\\OneDrive\\Desktop\\phase-1\\phase-5\\Amazon-clone-2024\\amazon-clone\\functions\\node_modules\\firebase-functions\\lib\\v2\\index.js"} {"metadata":{"emulator":{"name":"functions"},"function":{"name":"us-central1-api"},"extension":{},"message":"[runtime-status] [16512] Resolved module firebase-functions {\"declared\":true,\"installed\":true,\"version\":\"6.3.1\",\"resolution\":\"C:\\\\Users\\\\sata\\\\OneDrive\\\\Desktop\\\\phase-1\\\\phase-5\\\\Amazon-clone-2024\\\\amazon-clone\\\\functions\\\\node_modules\\\\firebase-functions\\\\lib\\\\v2\\\\index.js\"}"}}
[debug] [2025-02-04T07:55:42.393Z] [runtime-status] [16512] Checked functions.config() {"config":{}} {"metadata":{"emulator":{"name":"functions"},"function":{"name":"us-central1-api"},"extension":{},"message":"[runtime-status] [16512] Checked functions.config() {\"config\":{}}"}}
[debug] [2025-02-04T07:55:42.394Z] [runtime-status] [16512] firebase-functions has been stubbed. {"functionsResolution":{"declared":true,"installed":true,"version":"6.3.1","resolution":"C:\\Users\\sata\\OneDrive\\Desktop\\phase-1\\phase-5\\Amazon-clone-2024\\amazon-clone\\functions\\node_modules\\firebase-functions\\lib\\v2\\index.js"}} {"metadata":{"emulator":{"name":"functions"},"function":{"name":"us-central1-api"},"extension":{},"message":"[runtime-status] [16512] firebase-functions has been stubbed. {\"functionsResolution\":{\"declared\":true,\"installed\":true,\"version\":\"6.3.1\",\"resolution\":\"C:\\\\Users\\\\sata\\\\OneDrive\\\\Desktop\\\\phase-1\\\\phase-5\\\\Amazon-clone-2024\\\\amazon-clone\\\\functions\\\\node_modules\\\\firebase-functions\\\\lib\\\\v2\\\\index.js\"}}"}}
[debug] [2025-02-04T07:55:42.396Z] [runtime-status] [16512] Resolved module firebase-functions {"declared":true,"installed":true,"version":"6.3.1","resolution":"C:\\Users\\sata\\OneDrive\\Desktop\\phase-1\\phase-5\\Amazon-clone-2024\\amazon-clone\\functions\\node_modules\\firebase-functions\\lib\\v2\\index.js"} {"metadata":{"emulator":{"name":"functions"},"function":{"name":"us-central1-api"},"extension":{},"message":"[runtime-status] [16512] Resolved module firebase-functions {\"declared\":true,\"installed\":true,\"version\":\"6.3.1\",\"resolution\":\"C:\\\\Users\\\\sata\\\\OneDrive\\\\Desktop\\\\phase-1\\\\phase-5\\\\Amazon-clone-2024\\\\amazon-clone\\\\functions\\\\node_modules\\\\firebase-functions\\\\lib\\\\v2\\\\index.js\"}"}}
[debug] [2025-02-04T07:55:42.409Z] [runtime-status] [16512] Resolved module firebase-admin {"declared":true,"installed":true,"version":"12.7.0","resolution":"C:\\Users\\sata\\OneDrive\\Desktop\\phase-1\\phase-5\\Amazon-clone-2024\\amazon-clone\\functions\\node_modules\\firebase-admin\\lib\\index.js"} {"metadata":{"emulator":{"name":"functions"},"function":{"name":"us-central1-api"},"extension":{},"message":"[runtime-status] [16512] Resolved module firebase-admin {\"declared\":true,\"installed\":true,\"version\":\"12.7.0\",\"resolution\":\"C:\\\\Users\\\\sata\\\\OneDrive\\\\Desktop\\\\phase-1\\\\phase-5\\\\Amazon-clone-2024\\\\amazon-clone\\\\functions\\\\node_modules\\\\firebase-admin\\\\lib\\\\index.js\"}"}}
[debug] [2025-02-04T07:55:42.416Z] [runtime-status] [16512] Resolved module firebase-functions {"declared":true,"installed":true,"version":"6.3.1","resolution":"C:\\Users\\sata\\OneDrive\\Desktop\\phase-1\\phase-5\\Amazon-clone-2024\\amazon-clone\\functions\\node_modules\\firebase-functions\\lib\\v2\\index.js"} {"metadata":{"emulator":{"name":"functions"},"function":{"name":"us-central1-api"},"extension":{},"message":"[runtime-status] [16512] Resolved module firebase-functions {\"declared\":true,\"installed\":true,\"version\":\"6.3.1\",\"resolution\":\"C:\\\\Users\\\\sata\\\\OneDrive\\\\Desktop\\\\phase-1\\\\phase-5\\\\Amazon-clone-2024\\\\amazon-clone\\\\functions\\\\node_modules\\\\firebase-functions\\\\lib\\\\v2\\\\index.js\"}"}}
[debug] [2025-02-04T07:55:42.416Z] [runtime-status] [16512] firebase-admin has been stubbed. {"adminResolution":{"declared":true,"installed":true,"version":"12.7.0","resolution":"C:\\Users\\sata\\OneDrive\\Desktop\\phase-1\\phase-5\\Amazon-clone-2024\\amazon-clone\\functions\\node_modules\\firebase-admin\\lib\\index.js"}} {"metadata":{"emulator":{"name":"functions"},"function":{"name":"us-central1-api"},"extension":{},"message":"[runtime-status] [16512] firebase-admin has been stubbed. {\"adminResolution\":{\"declared\":true,\"installed\":true,\"version\":\"12.7.0\",\"resolution\":\"C:\\\\Users\\\\sata\\\\OneDrive\\\\Desktop\\\\phase-1\\\\phase-5\\\\Amazon-clone-2024\\\\amazon-clone\\\\functions\\\\node_modules\\\\firebase-admin\\\\lib\\\\index.js\"}}"}}
[debug] [2025-02-04T07:55:42.970Z] [runtime-status] [16512] Functions runtime initialized. {"cwd":"C:\\Users\\sata\\OneDrive\\Desktop\\phase-1\\phase-5\\Amazon-clone-2024\\amazon-clone\\functions","node_version":"20.16.0"} {"metadata":{"emulator":{"name":"functions"},"function":{"name":"us-central1-api"},"extension":{},"message":"[runtime-status] [16512] Functions runtime initialized. {\"cwd\":\"C:\\\\Users\\\\sata\\\\OneDrive\\\\Desktop\\\\phase-1\\\\phase-5\\\\Amazon-clone-2024\\\\amazon-clone\\\\functions\",\"node_version\":\"20.16.0\"}"}}
[debug] [2025-02-04T07:55:42.971Z] [runtime-status] [16512] Listening to port: \\?\pipe\fire_emu_9a80a1487dc18950 {"metadata":{"emulator":{"name":"functions"},"function":{"name":"us-central1-api"},"extension":{},"message":"[runtime-status] [16512] Listening to port: \\\\?\\pipe\\fire_emu_9a80a1487dc18950"}}
[debug] [2025-02-04T07:55:43.075Z] [worker-us-central1-api-dfe8c8f6-4d7d-4fab-a7e1-c7bc8ce54cf7]: IDLE {"metadata":{"emulator":{"name":"functions"},"function":{"name":"us-central1-api"},"extension":{},"message":"[worker-us-central1-api-dfe8c8f6-4d7d-4fab-a7e1-c7bc8ce54cf7]: IDLE"}}
[debug] [2025-02-04T07:55:43.076Z] [worker-pool] submitRequest(triggerId=us-central1-api) {"metadata":{"emulator":{"name":"functions"},"message":"[worker-pool] submitRequest(triggerId=us-central1-api)"}}
[info] i  functions: Beginning execution of "us-central1-api" {"metadata":{"emulator":{"name":"functions"},"function":{"name":"us-central1-api"},"extension":{},"message":"Beginning execution of \"us-central1-api\""}}
[debug] [2025-02-04T07:55:43.079Z] [worker-us-central1-api-e9878eb9-86ba-4580-980b-1ea51a2d604b]: BUSY {"metadata":{"emulator":{"name":"functions"},"function":{"name":"us-central1-api"},"extension":{},"message":"[worker-us-central1-api-e9878eb9-86ba-4580-980b-1ea51a2d604b]: BUSY"}}
[info] >  payment request received for this amount == 0 {"user":"payment request received for this amount == 0","metadata":{"emulator":{"name":"functions"},"function":{"name":"us-central1-api"},"extension":{},"message":"\u001b[90m> \u001b[39m payment request received for this amount == 0"}}
[info] >  Error creating payment intent: StripeInvalidRequestError: The amount must be greater than or equal to the minimum charge amount allowed for your account and the currency set (https://docs.stripe.com/currencies#minimum-and-maximum-charge-amounts).  If you want to save a Payment Method for future use without an immediate payment, use a Setup Intent instead: https://docs.stripe.com/payments/setup-intents {"user":"Error creating payment intent: StripeInvalidRequestError: The amount must be greater than or equal to the minimum charge amount allowed for your account and the currency set (https://docs.stripe.com/currencies#minimum-and-maximum-charge-amounts).  If you want to save a Payment Method for future use without an immediate payment, use a Setup Intent instead: https://docs.stripe.com/payments/setup-intents","metadata":{"emulator":{"name":"functions"},"function":{"name":"us-central1-api"},"extension":{},"message":"\u001b[90m> \u001b[39m Error creating payment intent: StripeInvalidRequestError: The amount must be greater than or equal to the minimum charge amount allowed for your account and the currency set (https://docs.stripe.com/currencies#minimum-and-maximum-charge-amounts).  If you want to save a Payment Method for future use without an immediate payment, use a Setup Intent instead: https://docs.stripe.com/payments/setup-intents"}}
[info] >      at generateV1Error (C:\Users\sata\OneDrive\Desktop\phase-1\phase-5\Amazon-clone-2024\amazon-clone\functions\node_modules\stripe\cjs\Error.js:11:20) {"user":"    at generateV1Error (C:\\Users\\sata\\OneDrive\\Desktop\\phase-1\\phase-5\\Amazon-clone-2024\\amazon-clone\\functions\\node_modules\\stripe\\cjs\\Error.js:11:20)","metadata":{"emulator":{"name":"functions"},"function":{"name":"us-central1-api"},"extension":{},"message":"\u001b[90m> \u001b[39m     at generateV1Error (C:\\Users\\sata\\OneDrive\\Desktop\\phase-1\\phase-5\\Amazon-clone-2024\\amazon-clone\\functions\\node_modules\\stripe\\cjs\\Error.js:11:20)"}}
[info] >      at res.toJSON.then.Error_js_1.StripeAPIError.message (C:\Users\sata\OneDrive\Desktop\phase-1\phase-5\Amazon-clone-2024\amazon-clone\functions\node_modules\stripe\cjs\RequestSender.js:108:62) {"user":"    at res.toJSON.then.Error_js_1.StripeAPIError.message (C:\\Users\\sata\\OneDrive\\Desktop\\phase-1\\phase-5\\Amazon-clone-2024\\amazon-clone\\functions\\node_modules\\stripe\\cjs\\RequestSender.js:108:62)","metadata":{"emulator":{"name":"functions"},"function":{"name":"us-central1-api"},"extension":{},"message":"\u001b[90m> \u001b[39m     at res.toJSON.then.Error_js_1.StripeAPIError.message (C:\\Users\\sata\\OneDrive\\Desktop\\phase-1\\phase-5\\Amazon-clone-2024\\amazon-clone\\functions\\node_modules\\stripe\\cjs\\RequestSender.js:108:62)"}}
[info] >      at process.processTicksAndRejections (node:internal/process/task_queues:95:5) { {"user":"    at process.processTicksAndRejections (node:internal/process/task_queues:95:5) {","metadata":{"emulator":{"name":"functions"},"function":{"name":"us-central1-api"},"extension":{},"message":"\u001b[90m> \u001b[39m     at process.processTicksAndRejections (node:internal/process/task_queues:95:5) {"}}
[info] >    type: 'StripeInvalidRequestError', {"user":"  type: 'StripeInvalidRequestError',","metadata":{"emulator":{"name":"functions"},"function":{"name":"us-central1-api"},"extension":{},"message":"\u001b[90m> \u001b[39m   type: 'StripeInvalidRequestError',"}}
[info] >    raw: { {"user":"  raw: {","metadata":{"emulator":{"name":"functions"},"function":{"name":"us-central1-api"},"extension":{},"message":"\u001b[90m> \u001b[39m   raw: {"}}
[info] >      code: 'parameter_invalid_integer', {"user":"    code: 'parameter_invalid_integer',","metadata":{"emulator":{"name":"functions"},"function":{"name":"us-central1-api"},"extension":{},"message":"\u001b[90m> \u001b[39m     code: 'parameter_invalid_integer',"}}
[info] >      doc_url: 'https://stripe.com/docs/error-codes/parameter-invalid-integer', {"user":"    doc_url: 'https://stripe.com/docs/error-codes/parameter-invalid-integer',","metadata":{"emulator":{"name":"functions"},"function":{"name":"us-central1-api"},"extension":{},"message":"\u001b[90m> \u001b[39m     doc_url: 'https://stripe.com/docs/error-codes/parameter-invalid-integer',"}}
[info] >      message: 'The amount must be greater than or equal to the minimum charge amount allowed for your account and the currency set (https://docs.stripe.com/currencies#minimum-and-maximum-charge-amounts).  If you want to save a Payment Method for future use without an immediate payment, use a Setup Intent instead: https://docs.stripe.com/payments/setup-intents', {"user":"    message: 'The amount must be greater than or equal to the minimum charge amount allowed for your account and the currency set (https://docs.stripe.com/currencies#minimum-and-maximum-charge-amounts).  If you want to save a Payment Method for future use without an immediate payment, use a Setup Intent instead: https://docs.stripe.com/payments/setup-intents',","metadata":{"emulator":{"name":"functions"},"function":{"name":"us-central1-api"},"extension":{},"message":"\u001b[90m> \u001b[39m     message: 'The amount must be greater than or equal to the minimum charge amount allowed for your account and the currency set (https://docs.stripe.com/currencies#minimum-and-maximum-charge-amounts).  If you want to save a Payment Method for future use without an immediate payment, use a Setup Intent instead: https://docs.stripe.com/payments/setup-intents',"}}
[info] >      param: 'amount', {"user":"    param: 'amount',","metadata":{"emulator":{"name":"functions"},"function":{"name":"us-central1-api"},"extension":{},"message":"\u001b[90m> \u001b[39m     param: 'amount',"}}
[info] >      request_log_url: 'https://dashboard.stripe.com/test/logs/req_SYUFhPEiGexLJO?t=1738655744', {"user":"    request_log_url: 'https://dashboard.stripe.com/test/logs/req_SYUFhPEiGexLJO?t=1738655744',","metadata":{"emulator":{"name":"functions"},"function":{"name":"us-central1-api"},"extension":{},"message":"\u001b[90m> \u001b[39m     request_log_url: 'https://dashboard.stripe.com/test/logs/req_SYUFhPEiGexLJO?t=1738655744',"}}
[info] >      type: 'invalid_request_error', {"user":"    type: 'invalid_request_error',","metadata":{"emulator":{"name":"functions"},"function":{"name":"us-central1-api"},"extension":{},"message":"\u001b[90m> \u001b[39m     type: 'invalid_request_error',"}}
[info] >      headers: { {"user":"    headers: {","metadata":{"emulator":{"name":"functions"},"function":{"name":"us-central1-api"},"extension":{},"message":"\u001b[90m> \u001b[39m     headers: {"}}
[info] >        server: 'nginx', {"user":"      server: 'nginx',","metadata":{"emulator":{"name":"functions"},"function":{"name":"us-central1-api"},"extension":{},"message":"\u001b[90m> \u001b[39m       server: 'nginx',"}}
[info] >        date: 'Tue, 04 Feb 2025 07:55:44 GMT', {"user":"      date: 'Tue, 04 Feb 2025 07:55:44 GMT',","metadata":{"emulator":{"name":"functions"},"function":{"name":"us-central1-api"},"extension":{},"message":"\u001b[90m> \u001b[39m       date: 'Tue, 04 Feb 2025 07:55:44 GMT',"}}
[info] >        'content-type': 'application/json', {"user":"      'content-type': 'application/json',","metadata":{"emulator":{"name":"functions"},"function":{"name":"us-central1-api"},"extension":{},"message":"\u001b[90m> \u001b[39m       'content-type': 'application/json',"}}
[info] >        'content-length': '663', {"user":"      'content-length': '663',","metadata":{"emulator":{"name":"functions"},"function":{"name":"us-central1-api"},"extension":{},"message":"\u001b[90m> \u001b[39m       'content-length': '663',"}}
[info] >        connection: 'keep-alive', {"user":"      connection: 'keep-alive',","metadata":{"emulator":{"name":"functions"},"function":{"name":"us-central1-api"},"extension":{},"message":"\u001b[90m> \u001b[39m       connection: 'keep-alive',"}}
[info] >        'access-control-allow-credentials': 'true', {"user":"      'access-control-allow-credentials': 'true',","metadata":{"emulator":{"name":"functions"},"function":{"name":"us-central1-api"},"extension":{},"message":"\u001b[90m> \u001b[39m       'access-control-allow-credentials': 'true',"}}
[info] >        'access-control-allow-methods': 'GET, HEAD, PUT, PATCH, POST, DELETE', {"user":"      'access-control-allow-methods': 'GET, HEAD, PUT, PATCH, POST, DELETE',","metadata":{"emulator":{"name":"functions"},"function":{"name":"us-central1-api"},"extension":{},"message":"\u001b[90m> \u001b[39m       'access-control-allow-methods': 'GET, HEAD, PUT, PATCH, POST, DELETE',"}}
[info] >        'access-control-allow-origin': '*', {"user":"      'access-control-allow-origin': '*',","metadata":{"emulator":{"name":"functions"},"function":{"name":"us-central1-api"},"extension":{},"message":"\u001b[90m> \u001b[39m       'access-control-allow-origin': '*',"}}
[info] >        'access-control-expose-headers': 'Request-Id, Stripe-Manage-Version, Stripe-Should-Retry, X-Stripe-External-Auth-Required, X-Stripe-Privileged-Session-Required', {"user":"      'access-control-expose-headers': 'Request-Id, Stripe-Manage-Version, Stripe-Should-Retry, X-Stripe-External-Auth-Required, X-Stripe-Privileged-Session-Required',","metadata":{"emulator":{"name":"functions"},"function":{"name":"us-central1-api"},"extension":{},"message":"\u001b[90m> \u001b[39m       'access-control-expose-headers': 'Request-Id, Stripe-Manage-Version, Stripe-Should-Retry, X-Stripe-External-Auth-Required, X-Stripe-Privileged-Session-Required',"}}
[info] >        'access-control-max-age': '300', {"user":"      'access-control-max-age': '300',","metadata":{"emulator":{"name":"functions"},"function":{"name":"us-central1-api"},"extension":{},"message":"\u001b[90m> \u001b[39m       'access-control-max-age': '300',"}}
[info] >        'cache-control': 'no-cache, no-store', {"user":"      'cache-control': 'no-cache, no-store',","metadata":{"emulator":{"name":"functions"},"function":{"name":"us-central1-api"},"extension":{},"message":"\u001b[90m> \u001b[39m       'cache-control': 'no-cache, no-store',"}}
[info] >        'content-security-policy': "base-uri 'none'; default-src 'none'; form-action 'none'; frame-ancestors 'none'; img-src 'self'; script-src 'self' 'report-sample'; style-src 'self'; upgrade-insecure-requests; report-uri https://q.stripe.com/csp-violation?q=PmgggGv9hVYKG2d9u7mtPT259tP4c2PvRSvKpGC4AhQSDlfaP5hCMXpjgpPONdat5XrJsSm7DK_nrEMe", {"user":"      'content-security-policy': \"base-uri 'none'; default-src 'none'; form-action 'none'; frame-ancestors 'none'; img-src 'self'; script-src 'self' 'report-sample'; style-src 'self'; upgrade-insecure-requests; report-uri https://q.stripe.com/csp-violation?q=PmgggGv9hVYKG2d9u7mtPT259tP4c2PvRSvKpGC4AhQSDlfaP5hCMXpjgpPONdat5XrJsSm7DK_nrEMe\",","metadata":{"emulator":{"name":"functions"},"function":{"name":"us-central1-api"},"extension":{},"message":"\u001b[90m> \u001b[39m       'content-security-policy': \"base-uri 'none'; default-src 'none'; form-action 'none'; frame-ancestors 'none'; img-src 'self'; script-src 'self' 'report-sample'; style-src 'self'; upgrade-insecure-requests; report-uri https://q.stripe.com/csp-violation?q=PmgggGv9hVYKG2d9u7mtPT259tP4c2PvRSvKpGC4AhQSDlfaP5hCMXpjgpPONdat5XrJsSm7DK_nrEMe\","}}
[info] >        'cross-origin-opener-policy-report-only': 'same-origin; report-to="coop"', {"user":"      'cross-origin-opener-policy-report-only': 'same-origin; report-to=\"coop\"',","metadata":{"emulator":{"name":"functions"},"function":{"name":"us-central1-api"},"extension":{},"message":"\u001b[90m> \u001b[39m       'cross-origin-opener-policy-report-only': 'same-origin; report-to=\"coop\"',"}}
[info] >        'idempotency-key': 'stripe-node-retry-b2ca9d29-e700-4c50-bd78-222df09efe4d', {"user":"      'idempotency-key': 'stripe-node-retry-b2ca9d29-e700-4c50-bd78-222df09efe4d',","metadata":{"emulator":{"name":"functions"},"function":{"name":"us-central1-api"},"extension":{},"message":"\u001b[90m> \u001b[39m       'idempotency-key': 'stripe-node-retry-b2ca9d29-e700-4c50-bd78-222df09efe4d',"}}
[info] >        'original-request': 'req_SYUFhPEiGexLJO', {"user":"      'original-request': 'req_SYUFhPEiGexLJO',","metadata":{"emulator":{"name":"functions"},"function":{"name":"us-central1-api"},"extension":{},"message":"\u001b[90m> \u001b[39m       'original-request': 'req_SYUFhPEiGexLJO',"}}
[info] >        'report-to': '{"group":"coop","max_age":8640,"endpoints":[{"url":"https://q.stripe.com/coop-report"}],"include_subdomains":true}', {"user":"      'report-to': '{\"group\":\"coop\",\"max_age\":8640,\"endpoints\":[{\"url\":\"https://q.stripe.com/coop-report\"}],\"include_subdomains\":true}',","metadata":{"emulator":{"name":"functions"},"function":{"name":"us-central1-api"},"extension":{},"message":"\u001b[90m> \u001b[39m       'report-to': '{\"group\":\"coop\",\"max_age\":8640,\"endpoints\":[{\"url\":\"https://q.stripe.com/coop-report\"}],\"include_subdomains\":true}',"}}
[info] >        'reporting-endpoints': 'coop="https://q.stripe.com/coop-report"', {"user":"      'reporting-endpoints': 'coop=\"https://q.stripe.com/coop-report\"',","metadata":{"emulator":{"name":"functions"},"function":{"name":"us-central1-api"},"extension":{},"message":"\u001b[90m> \u001b[39m       'reporting-endpoints': 'coop=\"https://q.stripe.com/coop-report\"',"}}
[info] >        'request-id': 'req_SYUFhPEiGexLJO', {"user":"      'request-id': 'req_SYUFhPEiGexLJO',","metadata":{"emulator":{"name":"functions"},"function":{"name":"us-central1-api"},"extension":{},"message":"\u001b[90m> \u001b[39m       'request-id': 'req_SYUFhPEiGexLJO',"}}
[info] >        'stripe-version': '2025-01-27.acacia', {"user":"      'stripe-version': '2025-01-27.acacia',","metadata":{"emulator":{"name":"functions"},"function":{"name":"us-central1-api"},"extension":{},"message":"\u001b[90m> \u001b[39m       'stripe-version': '2025-01-27.acacia',"}}
[info] >        vary: 'Origin', {"user":"      vary: 'Origin',","metadata":{"emulator":{"name":"functions"},"function":{"name":"us-central1-api"},"extension":{},"message":"\u001b[90m> \u001b[39m       vary: 'Origin',"}}
[info] >        'x-stripe-priority-routing-enabled': 'true', {"user":"      'x-stripe-priority-routing-enabled': 'true',","metadata":{"emulator":{"name":"functions"},"function":{"name":"us-central1-api"},"extension":{},"message":"\u001b[90m> \u001b[39m       'x-stripe-priority-routing-enabled': 'true',"}}
[info] >        'x-stripe-routing-context-priority-tier': 'api-testmode', {"user":"      'x-stripe-routing-context-priority-tier': 'api-testmode',","metadata":{"emulator":{"name":"functions"},"function":{"name":"us-central1-api"},"extension":{},"message":"\u001b[90m> \u001b[39m       'x-stripe-routing-context-priority-tier': 'api-testmode',"}}
[info] >        'x-wc': 'AB', {"user":"      'x-wc': 'AB',","metadata":{"emulator":{"name":"functions"},"function":{"name":"us-central1-api"},"extension":{},"message":"\u001b[90m> \u001b[39m       'x-wc': 'AB',"}}
[info] >        'strict-transport-security': 'max-age=63072000; includeSubDomains; preload' {"user":"      'strict-transport-security': 'max-age=63072000; includeSubDomains; preload'","metadata":{"emulator":{"name":"functions"},"function":{"name":"us-central1-api"},"extension":{},"message":"\u001b[90m> \u001b[39m       'strict-transport-security': 'max-age=63072000; includeSubDomains; preload'"}}
[info] >      }, {"user":"    },","metadata":{"emulator":{"name":"functions"},"function":{"name":"us-central1-api"},"extension":{},"message":"\u001b[90m> \u001b[39m     },"}}
[info] >      statusCode: 400, {"user":"    statusCode: 400,","metadata":{"emulator":{"name":"functions"},"function":{"name":"us-central1-api"},"extension":{},"message":"\u001b[90m> \u001b[39m     statusCode: 400,"}}
[info] >      requestId: 'req_SYUFhPEiGexLJO' {"user":"    requestId: 'req_SYUFhPEiGexLJO'","metadata":{"emulator":{"name":"functions"},"function":{"name":"us-central1-api"},"extension":{},"message":"\u001b[90m> \u001b[39m     requestId: 'req_SYUFhPEiGexLJO'"}}
[info] >    }, {"user":"  },","metadata":{"emulator":{"name":"functions"},"function":{"name":"us-central1-api"},"extension":{},"message":"\u001b[90m> \u001b[39m   },"}}
[info] >    rawType: 'invalid_request_error', {"user":"  rawType: 'invalid_request_error',","metadata":{"emulator":{"name":"functions"},"function":{"name":"us-central1-api"},"extension":{},"message":"\u001b[90m> \u001b[39m   rawType: 'invalid_request_error',"}}
[info] >    code: 'parameter_invalid_integer', {"user":"  code: 'parameter_invalid_integer',","metadata":{"emulator":{"name":"functions"},"function":{"name":"us-central1-api"},"extension":{},"message":"\u001b[90m> \u001b[39m   code: 'parameter_invalid_integer',"}}
[info] >    doc_url: 'https://stripe.com/docs/error-codes/parameter-invalid-integer', {"user":"  doc_url: 'https://stripe.com/docs/error-codes/parameter-invalid-integer',","metadata":{"emulator":{"name":"functions"},"function":{"name":"us-central1-api"},"extension":{},"message":"\u001b[90m> \u001b[39m   doc_url: 'https://stripe.com/docs/error-codes/parameter-invalid-integer',"}}
[info] >    param: 'amount', {"user":"  param: 'amount',","metadata":{"emulator":{"name":"functions"},"function":{"name":"us-central1-api"},"extension":{},"message":"\u001b[90m> \u001b[39m   param: 'amount',"}}
[info] >    detail: undefined, {"user":"  detail: undefined,","metadata":{"emulator":{"name":"functions"},"function":{"name":"us-central1-api"},"extension":{},"message":"\u001b[90m> \u001b[39m   detail: undefined,"}}
[info] >    headers: { {"user":"  headers: {","metadata":{"emulator":{"name":"functions"},"function":{"name":"us-central1-api"},"extension":{},"message":"\u001b[90m> \u001b[39m   headers: {"}}
[info] >      server: 'nginx', {"user":"    server: 'nginx',","metadata":{"emulator":{"name":"functions"},"function":{"name":"us-central1-api"},"extension":{},"message":"\u001b[90m> \u001b[39m     server: 'nginx',"}}
[info] >      date: 'Tue, 04 Feb 2025 07:55:44 GMT', {"user":"    date: 'Tue, 04 Feb 2025 07:55:44 GMT',","metadata":{"emulator":{"name":"functions"},"function":{"name":"us-central1-api"},"extension":{},"message":"\u001b[90m> \u001b[39m     date: 'Tue, 04 Feb 2025 07:55:44 GMT',"}}
[info] >      'content-type': 'application/json', {"user":"    'content-type': 'application/json',","metadata":{"emulator":{"name":"functions"},"function":{"name":"us-central1-api"},"extension":{},"message":"\u001b[90m> \u001b[39m     'content-type': 'application/json',"}}
[info] >      'content-length': '663', {"user":"    'content-length': '663',","metadata":{"emulator":{"name":"functions"},"function":{"name":"us-central1-api"},"extension":{},"message":"\u001b[90m> \u001b[39m     'content-length': '663',"}}
[info] >      connection: 'keep-alive', {"user":"    connection: 'keep-alive',","metadata":{"emulator":{"name":"functions"},"function":{"name":"us-central1-api"},"extension":{},"message":"\u001b[90m> \u001b[39m     connection: 'keep-alive',"}}
[info] >      'access-control-allow-credentials': 'true', {"user":"    'access-control-allow-credentials': 'true',","metadata":{"emulator":{"name":"functions"},"function":{"name":"us-central1-api"},"extension":{},"message":"\u001b[90m> \u001b[39m     'access-control-allow-credentials': 'true',"}}
[info] >      'access-control-allow-methods': 'GET, HEAD, PUT, PATCH, POST, DELETE', {"user":"    'access-control-allow-methods': 'GET, HEAD, PUT, PATCH, POST, DELETE',","metadata":{"emulator":{"name":"functions"},"function":{"name":"us-central1-api"},"extension":{},"message":"\u001b[90m> \u001b[39m     'access-control-allow-methods': 'GET, HEAD, PUT, PATCH, POST, DELETE',"}}
[info] >      'access-control-allow-origin': '*', {"user":"    'access-control-allow-origin': '*',","metadata":{"emulator":{"name":"functions"},"function":{"name":"us-central1-api"},"extension":{},"message":"\u001b[90m> \u001b[39m     'access-control-allow-origin': '*',"}}
[info] >      'access-control-expose-headers': 'Request-Id, Stripe-Manage-Version, Stripe-Should-Retry, X-Stripe-External-Auth-Required, X-Stripe-Privileged-Session-Required', {"user":"    'access-control-expose-headers': 'Request-Id, Stripe-Manage-Version, Stripe-Should-Retry, X-Stripe-External-Auth-Required, X-Stripe-Privileged-Session-Required',","metadata":{"emulator":{"name":"functions"},"function":{"name":"us-central1-api"},"extension":{},"message":"\u001b[90m> \u001b[39m     'access-control-expose-headers': 'Request-Id, Stripe-Manage-Version, Stripe-Should-Retry, X-Stripe-External-Auth-Required, X-Stripe-Privileged-Session-Required',"}}
[info] >      'access-control-max-age': '300', {"user":"    'access-control-max-age': '300',","metadata":{"emulator":{"name":"functions"},"function":{"name":"us-central1-api"},"extension":{},"message":"\u001b[90m> \u001b[39m     'access-control-max-age': '300',"}}
[info] >      'cache-control': 'no-cache, no-store', {"user":"    'cache-control': 'no-cache, no-store',","metadata":{"emulator":{"name":"functions"},"function":{"name":"us-central1-api"},"extension":{},"message":"\u001b[90m> \u001b[39m     'cache-control': 'no-cache, no-store',"}}
[info] >      'content-security-policy': "base-uri 'none'; default-src 'none'; form-action 'none'; frame-ancestors 'none'; img-src 'self'; script-src 'self' 'report-sample'; style-src 'self'; upgrade-insecure-requests; report-uri https://q.stripe.com/csp-violation?q=PmgggGv9hVYKG2d9u7mtPT259tP4c2PvRSvKpGC4AhQSDlfaP5hCMXpjgpPONdat5XrJsSm7DK_nrEMe", {"user":"    'content-security-policy': \"base-uri 'none'; default-src 'none'; form-action 'none'; frame-ancestors 'none'; img-src 'self'; script-src 'self' 'report-sample'; style-src 'self'; upgrade-insecure-requests; report-uri https://q.stripe.com/csp-violation?q=PmgggGv9hVYKG2d9u7mtPT259tP4c2PvRSvKpGC4AhQSDlfaP5hCMXpjgpPONdat5XrJsSm7DK_nrEMe\",","metadata":{"emulator":{"name":"functions"},"function":{"name":"us-central1-api"},"extension":{},"message":"\u001b[90m> \u001b[39m     'content-security-policy': \"base-uri 'none'; default-src 'none'; form-action 'none'; frame-ancestors 'none'; img-src 'self'; script-src 'self' 'report-sample'; style-src 'self'; upgrade-insecure-requests; report-uri https://q.stripe.com/csp-violation?q=PmgggGv9hVYKG2d9u7mtPT259tP4c2PvRSvKpGC4AhQSDlfaP5hCMXpjgpPONdat5XrJsSm7DK_nrEMe\","}}
[info] >      'cross-origin-opener-policy-report-only': 'same-origin; report-to="coop"', {"user":"    'cross-origin-opener-policy-report-only': 'same-origin; report-to=\"coop\"',","metadata":{"emulator":{"name":"functions"},"function":{"name":"us-central1-api"},"extension":{},"message":"\u001b[90m> \u001b[39m     'cross-origin-opener-policy-report-only': 'same-origin; report-to=\"coop\"',"}}
[info] >      'idempotency-key': 'stripe-node-retry-b2ca9d29-e700-4c50-bd78-222df09efe4d', {"user":"    'idempotency-key': 'stripe-node-retry-b2ca9d29-e700-4c50-bd78-222df09efe4d',","metadata":{"emulator":{"name":"functions"},"function":{"name":"us-central1-api"},"extension":{},"message":"\u001b[90m> \u001b[39m     'idempotency-key': 'stripe-node-retry-b2ca9d29-e700-4c50-bd78-222df09efe4d',"}}
[info] >      'original-request': 'req_SYUFhPEiGexLJO', {"user":"    'original-request': 'req_SYUFhPEiGexLJO',","metadata":{"emulator":{"name":"functions"},"function":{"name":"us-central1-api"},"extension":{},"message":"\u001b[90m> \u001b[39m     'original-request': 'req_SYUFhPEiGexLJO',"}}
[info] >      'report-to': '{"group":"coop","max_age":8640,"endpoints":[{"url":"https://q.stripe.com/coop-report"}],"include_subdomains":true}', {"user":"    'report-to': '{\"group\":\"coop\",\"max_age\":8640,\"endpoints\":[{\"url\":\"https://q.stripe.com/coop-report\"}],\"include_subdomains\":true}',","metadata":{"emulator":{"name":"functions"},"function":{"name":"us-central1-api"},"extension":{},"message":"\u001b[90m> \u001b[39m     'report-to': '{\"group\":\"coop\",\"max_age\":8640,\"endpoints\":[{\"url\":\"https://q.stripe.com/coop-report\"}],\"include_subdomains\":true}',"}}
[info] >      'reporting-endpoints': 'coop="https://q.stripe.com/coop-report"', {"user":"    'reporting-endpoints': 'coop=\"https://q.stripe.com/coop-report\"',","metadata":{"emulator":{"name":"functions"},"function":{"name":"us-central1-api"},"extension":{},"message":"\u001b[90m> \u001b[39m     'reporting-endpoints': 'coop=\"https://q.stripe.com/coop-report\"',"}}
[info] >      'request-id': 'req_SYUFhPEiGexLJO', {"user":"    'request-id': 'req_SYUFhPEiGexLJO',","metadata":{"emulator":{"name":"functions"},"function":{"name":"us-central1-api"},"extension":{},"message":"\u001b[90m> \u001b[39m     'request-id': 'req_SYUFhPEiGexLJO',"}}
[info] >      'stripe-version': '2025-01-27.acacia', {"user":"    'stripe-version': '2025-01-27.acacia',","metadata":{"emulator":{"name":"functions"},"function":{"name":"us-central1-api"},"extension":{},"message":"\u001b[90m> \u001b[39m     'stripe-version': '2025-01-27.acacia',"}}
[info] >      vary: 'Origin', {"user":"    vary: 'Origin',","metadata":{"emulator":{"name":"functions"},"function":{"name":"us-central1-api"},"extension":{},"message":"\u001b[90m> \u001b[39m     vary: 'Origin',"}}
[info] >      'x-stripe-priority-routing-enabled': 'true', {"user":"    'x-stripe-priority-routing-enabled': 'true',","metadata":{"emulator":{"name":"functions"},"function":{"name":"us-central1-api"},"extension":{},"message":"\u001b[90m> \u001b[39m     'x-stripe-priority-routing-enabled': 'true',"}}
[info] >      'x-stripe-routing-context-priority-tier': 'api-testmode', {"user":"    'x-stripe-routing-context-priority-tier': 'api-testmode',","metadata":{"emulator":{"name":"functions"},"function":{"name":"us-central1-api"},"extension":{},"message":"\u001b[90m> \u001b[39m     'x-stripe-routing-context-priority-tier': 'api-testmode',"}}
[info] >      'x-wc': 'AB', {"user":"    'x-wc': 'AB',","metadata":{"emulator":{"name":"functions"},"function":{"name":"us-central1-api"},"extension":{},"message":"\u001b[90m> \u001b[39m     'x-wc': 'AB',"}}
[info] >      'strict-transport-security': 'max-age=63072000; includeSubDomains; preload' {"user":"    'strict-transport-security': 'max-age=63072000; includeSubDomains; preload'","metadata":{"emulator":{"name":"functions"},"function":{"name":"us-central1-api"},"extension":{},"message":"\u001b[90m> \u001b[39m     'strict-transport-security': 'max-age=63072000; includeSubDomains; preload'"}}
[info] >    }, {"user":"  },","metadata":{"emulator":{"name":"functions"},"function":{"name":"us-central1-api"},"extension":{},"message":"\u001b[90m> \u001b[39m   },"}}
[info] >    requestId: 'req_SYUFhPEiGexLJO', {"user":"  requestId: 'req_SYUFhPEiGexLJO',","metadata":{"emulator":{"name":"functions"},"function":{"name":"us-central1-api"},"extension":{},"message":"\u001b[90m> \u001b[39m   requestId: 'req_SYUFhPEiGexLJO',"}}
[info] >    statusCode: 400, {"user":"  statusCode: 400,","metadata":{"emulator":{"name":"functions"},"function":{"name":"us-central1-api"},"extension":{},"message":"\u001b[90m> \u001b[39m   statusCode: 400,"}}
[info] >    userMessage: undefined, {"user":"  userMessage: undefined,","metadata":{"emulator":{"name":"functions"},"function":{"name":"us-central1-api"},"extension":{},"message":"\u001b[90m> \u001b[39m   userMessage: undefined,"}}
[info] >    charge: undefined, {"user":"  charge: undefined,","metadata":{"emulator":{"name":"functions"},"function":{"name":"us-central1-api"},"extension":{},"message":"\u001b[90m> \u001b[39m   charge: undefined,"}}
[info] >    decline_code: undefined, {"user":"  decline_code: undefined,","metadata":{"emulator":{"name":"functions"},"function":{"name":"us-central1-api"},"extension":{},"message":"\u001b[90m> \u001b[39m   decline_code: undefined,"}}
[info] >    payment_intent: undefined, {"user":"  payment_intent: undefined,","metadata":{"emulator":{"name":"functions"},"function":{"name":"us-central1-api"},"extension":{},"message":"\u001b[90m> \u001b[39m   payment_intent: undefined,"}}
[info] >    payment_method: undefined, {"user":"  payment_method: undefined,","metadata":{"emulator":{"name":"functions"},"function":{"name":"us-central1-api"},"extension":{},"message":"\u001b[90m> \u001b[39m   payment_method: undefined,"}}
[info] >    payment_method_type: undefined, {"user":"  payment_method_type: undefined,","metadata":{"emulator":{"name":"functions"},"function":{"name":"us-central1-api"},"extension":{},"message":"\u001b[90m> \u001b[39m   payment_method_type: undefined,"}}
[info] >    setup_intent: undefined, {"user":"  setup_intent: undefined,","metadata":{"emulator":{"name":"functions"},"function":{"name":"us-central1-api"},"extension":{},"message":"\u001b[90m> \u001b[39m   setup_intent: undefined,"}}
[info] >    source: undefined {"user":"  source: undefined","metadata":{"emulator":{"name":"functions"},"function":{"name":"us-central1-api"},"extension":{},"message":"\u001b[90m> \u001b[39m   source: undefined"}}
[info] >  } {"user":"}","metadata":{"emulator":{"name":"functions"},"function":{"name":"us-central1-api"},"extension":{},"message":"\u001b[90m> \u001b[39m }"}}
[debug] [2025-02-04T07:55:43.745Z] Finishing up request with event=pause {"metadata":{"emulator":{"name":"functions"},"function":{"name":"us-central1-api"},"extension":{},"message":"Finishing up request with event=pause"}}
[info] i  functions: Finished "us-central1-api" in 667.2744ms {"metadata":{"emulator":{"name":"functions"},"function":{"name":"us-central1-api"},"extension":{},"message":"Finished \"us-central1-api\" in 667.2744ms"}}
[debug] [2025-02-04T07:55:43.748Z] [worker-us-central1-api-e9878eb9-86ba-4580-980b-1ea51a2d604b]: IDLE {"metadata":{"emulator":{"name":"functions"},"function":{"name":"us-central1-api"},"extension":{},"message":"[worker-us-central1-api-e9878eb9-86ba-4580-980b-1ea51a2d604b]: IDLE"}}
[debug] [2025-02-04T07:55:43.748Z] Finishing up request with event=finish {"metadata":{"emulator":{"name":"functions"},"function":{"name":"us-central1-api"},"extension":{},"message":"Finishing up request with event=finish"}}
[debug] [2025-02-04T07:55:43.749Z] Finishing up request with event=close {"metadata":{"emulator":{"name":"functions"},"function":{"name":"us-central1-api"},"extension":{},"message":"Finishing up request with event=close"}}
[debug] [2025-02-04T07:55:43.750Z] [work-queue] {"queuedWork":[],"queueLength":0,"runningWork":[],"workRunningCount":0}
[debug] [2025-02-04T07:58:47.837Z] [work-queue] {"queuedWork":["/novemb-f2496/us-central1/api/payments/create-2025-02-04T07:58:47.837Z"],"queueLength":1,"runningWork":[],"workRunningCount":0}
[debug] [2025-02-04T07:58:47.839Z] [work-queue] {"queuedWork":[],"queueLength":0,"runningWork":["/novemb-f2496/us-central1/api/payments/create-2025-02-04T07:58:47.837Z"],"workRunningCount":1}
[debug] [2025-02-04T07:58:47.839Z] Accepted request POST /novemb-f2496/us-central1/api/payments/create?total=0 --> us-central1-api
[debug] [2025-02-04T07:58:47.841Z] [functions] Runtime ready! Sending request! {"metadata":{"emulator":{"name":"functions"},"message":"[functions] Runtime ready! Sending request!"}}
[debug] [2025-02-04T07:58:47.842Z] [functions] Got req.url=/novemb-f2496/us-central1/api/payments/create?total=0, mapping to path=/payments/create?total=0 {"metadata":{"emulator":{"name":"functions"},"message":"[functions] Got req.url=/novemb-f2496/us-central1/api/payments/create?total=0, mapping to path=/payments/create?total=0"}}
[debug] [2025-02-04T07:58:47.842Z] [worker-pool] submitRequest(triggerId=us-central1-api) {"metadata":{"emulator":{"name":"functions"},"message":"[worker-pool] submitRequest(triggerId=us-central1-api)"}}
[info] i  functions: Beginning execution of "us-central1-api" {"metadata":{"emulator":{"name":"functions"},"function":{"name":"us-central1-api"},"extension":{},"message":"Beginning execution of \"us-central1-api\""}}
[debug] [2025-02-04T07:58:47.845Z] [worker-us-central1-api-e9878eb9-86ba-4580-980b-1ea51a2d604b]: BUSY {"metadata":{"emulator":{"name":"functions"},"function":{"name":"us-central1-api"},"extension":{},"message":"[worker-us-central1-api-e9878eb9-86ba-4580-980b-1ea51a2d604b]: BUSY"}}
[info] >  payment request received for this amount == 0 {"user":"payment request received for this amount == 0","metadata":{"emulator":{"name":"functions"},"function":{"name":"us-central1-api"},"extension":{},"message":"\u001b[90m> \u001b[39m payment request received for this amount == 0"}}
[info] >  Error creating payment intent: StripeInvalidRequestError: The amount must be greater than or equal to the minimum charge amount allowed for your account and the currency set (https://docs.stripe.com/currencies#minimum-and-maximum-charge-amounts).  If you want to save a Payment Method for future use without an immediate payment, use a Setup Intent instead: https://docs.stripe.com/payments/setup-intents {"user":"Error creating payment intent: StripeInvalidRequestError: The amount must be greater than or equal to the minimum charge amount allowed for your account and the currency set (https://docs.stripe.com/currencies#minimum-and-maximum-charge-amounts).  If you want to save a Payment Method for future use without an immediate payment, use a Setup Intent instead: https://docs.stripe.com/payments/setup-intents","metadata":{"emulator":{"name":"functions"},"function":{"name":"us-central1-api"},"extension":{},"message":"\u001b[90m> \u001b[39m Error creating payment intent: StripeInvalidRequestError: The amount must be greater than or equal to the minimum charge amount allowed for your account and the currency set (https://docs.stripe.com/currencies#minimum-and-maximum-charge-amounts).  If you want to save a Payment Method for future use without an immediate payment, use a Setup Intent instead: https://docs.stripe.com/payments/setup-intents"}}
[info] >      at generateV1Error (C:\Users\sata\OneDrive\Desktop\phase-1\phase-5\Amazon-clone-2024\amazon-clone\functions\node_modules\stripe\cjs\Error.js:11:20) {"user":"    at generateV1Error (C:\\Users\\sata\\OneDrive\\Desktop\\phase-1\\phase-5\\Amazon-clone-2024\\amazon-clone\\functions\\node_modules\\stripe\\cjs\\Error.js:11:20)","metadata":{"emulator":{"name":"functions"},"function":{"name":"us-central1-api"},"extension":{},"message":"\u001b[90m> \u001b[39m     at generateV1Error (C:\\Users\\sata\\OneDrive\\Desktop\\phase-1\\phase-5\\Amazon-clone-2024\\amazon-clone\\functions\\node_modules\\stripe\\cjs\\Error.js:11:20)"}}
[info] >      at res.toJSON.then.Error_js_1.StripeAPIError.message (C:\Users\sata\OneDrive\Desktop\phase-1\phase-5\Amazon-clone-2024\amazon-clone\functions\node_modules\stripe\cjs\RequestSender.js:108:62) {"user":"    at res.toJSON.then.Error_js_1.StripeAPIError.message (C:\\Users\\sata\\OneDrive\\Desktop\\phase-1\\phase-5\\Amazon-clone-2024\\amazon-clone\\functions\\node_modules\\stripe\\cjs\\RequestSender.js:108:62)","metadata":{"emulator":{"name":"functions"},"function":{"name":"us-central1-api"},"extension":{},"message":"\u001b[90m> \u001b[39m     at res.toJSON.then.Error_js_1.StripeAPIError.message (C:\\Users\\sata\\OneDrive\\Desktop\\phase-1\\phase-5\\Amazon-clone-2024\\amazon-clone\\functions\\node_modules\\stripe\\cjs\\RequestSender.js:108:62)"}}
[info] >      at process.processTicksAndRejections (node:internal/process/task_queues:95:5) { {"user":"    at process.processTicksAndRejections (node:internal/process/task_queues:95:5) {","metadata":{"emulator":{"name":"functions"},"function":{"name":"us-central1-api"},"extension":{},"message":"\u001b[90m> \u001b[39m     at process.processTicksAndRejections (node:internal/process/task_queues:95:5) {"}}
[info] >    type: 'StripeInvalidRequestError', {"user":"  type: 'StripeInvalidRequestError',","metadata":{"emulator":{"name":"functions"},"function":{"name":"us-central1-api"},"extension":{},"message":"\u001b[90m> \u001b[39m   type: 'StripeInvalidRequestError',"}}
[info] >    raw: { {"user":"  raw: {","metadata":{"emulator":{"name":"functions"},"function":{"name":"us-central1-api"},"extension":{},"message":"\u001b[90m> \u001b[39m   raw: {"}}
[info] >      code: 'parameter_invalid_integer', {"user":"    code: 'parameter_invalid_integer',","metadata":{"emulator":{"name":"functions"},"function":{"name":"us-central1-api"},"extension":{},"message":"\u001b[90m> \u001b[39m     code: 'parameter_invalid_integer',"}}
[info] >      doc_url: 'https://stripe.com/docs/error-codes/parameter-invalid-integer', {"user":"    doc_url: 'https://stripe.com/docs/error-codes/parameter-invalid-integer',","metadata":{"emulator":{"name":"functions"},"function":{"name":"us-central1-api"},"extension":{},"message":"\u001b[90m> \u001b[39m     doc_url: 'https://stripe.com/docs/error-codes/parameter-invalid-integer',"}}
[info] >      message: 'The amount must be greater than or equal to the minimum charge amount allowed for your account and the currency set (https://docs.stripe.com/currencies#minimum-and-maximum-charge-amounts).  If you want to save a Payment Method for future use without an immediate payment, use a Setup Intent instead: https://docs.stripe.com/payments/setup-intents', {"user":"    message: 'The amount must be greater than or equal to the minimum charge amount allowed for your account and the currency set (https://docs.stripe.com/currencies#minimum-and-maximum-charge-amounts).  If you want to save a Payment Method for future use without an immediate payment, use a Setup Intent instead: https://docs.stripe.com/payments/setup-intents',","metadata":{"emulator":{"name":"functions"},"function":{"name":"us-central1-api"},"extension":{},"message":"\u001b[90m> \u001b[39m     message: 'The amount must be greater than or equal to the minimum charge amount allowed for your account and the currency set (https://docs.stripe.com/currencies#minimum-and-maximum-charge-amounts).  If you want to save a Payment Method for future use without an immediate payment, use a Setup Intent instead: https://docs.stripe.com/payments/setup-intents',"}}
[info] >      param: 'amount', {"user":"    param: 'amount',","metadata":{"emulator":{"name":"functions"},"function":{"name":"us-central1-api"},"extension":{},"message":"\u001b[90m> \u001b[39m     param: 'amount',"}}
[info] >      request_log_url: 'https://dashboard.stripe.com/test/logs/req_ynJCmEB2BB70Av?t=1738655930', {"user":"    request_log_url: 'https://dashboard.stripe.com/test/logs/req_ynJCmEB2BB70Av?t=1738655930',","metadata":{"emulator":{"name":"functions"},"function":{"name":"us-central1-api"},"extension":{},"message":"\u001b[90m> \u001b[39m     request_log_url: 'https://dashboard.stripe.com/test/logs/req_ynJCmEB2BB70Av?t=1738655930',"}}
[info] >      type: 'invalid_request_error', {"user":"    type: 'invalid_request_error',","metadata":{"emulator":{"name":"functions"},"function":{"name":"us-central1-api"},"extension":{},"message":"\u001b[90m> \u001b[39m     type: 'invalid_request_error',"}}
[info] >      headers: { {"user":"    headers: {","metadata":{"emulator":{"name":"functions"},"function":{"name":"us-central1-api"},"extension":{},"message":"\u001b[90m> \u001b[39m     headers: {"}}
[info] >        server: 'nginx', {"user":"      server: 'nginx',","metadata":{"emulator":{"name":"functions"},"function":{"name":"us-central1-api"},"extension":{},"message":"\u001b[90m> \u001b[39m       server: 'nginx',"}}
[info] >        date: 'Tue, 04 Feb 2025 07:58:50 GMT', {"user":"      date: 'Tue, 04 Feb 2025 07:58:50 GMT',","metadata":{"emulator":{"name":"functions"},"function":{"name":"us-central1-api"},"extension":{},"message":"\u001b[90m> \u001b[39m       date: 'Tue, 04 Feb 2025 07:58:50 GMT',"}}
[info] >        'content-type': 'application/json', {"user":"      'content-type': 'application/json',","metadata":{"emulator":{"name":"functions"},"function":{"name":"us-central1-api"},"extension":{},"message":"\u001b[90m> \u001b[39m       'content-type': 'application/json',"}}
[info] >        'content-length': '663', {"user":"      'content-length': '663',","metadata":{"emulator":{"name":"functions"},"function":{"name":"us-central1-api"},"extension":{},"message":"\u001b[90m> \u001b[39m       'content-length': '663',"}}
[info] >        connection: 'keep-alive', {"user":"      connection: 'keep-alive',","metadata":{"emulator":{"name":"functions"},"function":{"name":"us-central1-api"},"extension":{},"message":"\u001b[90m> \u001b[39m       connection: 'keep-alive',"}}
[info] >        'access-control-allow-credentials': 'true', {"user":"      'access-control-allow-credentials': 'true',","metadata":{"emulator":{"name":"functions"},"function":{"name":"us-central1-api"},"extension":{},"message":"\u001b[90m> \u001b[39m       'access-control-allow-credentials': 'true',"}}
[info] >        'access-control-allow-methods': 'GET, HEAD, PUT, PATCH, POST, DELETE', {"user":"      'access-control-allow-methods': 'GET, HEAD, PUT, PATCH, POST, DELETE',","metadata":{"emulator":{"name":"functions"},"function":{"name":"us-central1-api"},"extension":{},"message":"\u001b[90m> \u001b[39m       'access-control-allow-methods': 'GET, HEAD, PUT, PATCH, POST, DELETE',"}}
[info] >        'access-control-allow-origin': '*', {"user":"      'access-control-allow-origin': '*',","metadata":{"emulator":{"name":"functions"},"function":{"name":"us-central1-api"},"extension":{},"message":"\u001b[90m> \u001b[39m       'access-control-allow-origin': '*',"}}
[info] >        'access-control-expose-headers': 'Request-Id, Stripe-Manage-Version, Stripe-Should-Retry, X-Stripe-External-Auth-Required, X-Stripe-Privileged-Session-Required', {"user":"      'access-control-expose-headers': 'Request-Id, Stripe-Manage-Version, Stripe-Should-Retry, X-Stripe-External-Auth-Required, X-Stripe-Privileged-Session-Required',","metadata":{"emulator":{"name":"functions"},"function":{"name":"us-central1-api"},"extension":{},"message":"\u001b[90m> \u001b[39m       'access-control-expose-headers': 'Request-Id, Stripe-Manage-Version, Stripe-Should-Retry, X-Stripe-External-Auth-Required, X-Stripe-Privileged-Session-Required',"}}
[info] >        'access-control-max-age': '300', {"user":"      'access-control-max-age': '300',","metadata":{"emulator":{"name":"functions"},"function":{"name":"us-central1-api"},"extension":{},"message":"\u001b[90m> \u001b[39m       'access-control-max-age': '300',"}}
[info] >        'cache-control': 'no-cache, no-store', {"user":"      'cache-control': 'no-cache, no-store',","metadata":{"emulator":{"name":"functions"},"function":{"name":"us-central1-api"},"extension":{},"message":"\u001b[90m> \u001b[39m       'cache-control': 'no-cache, no-store',"}}
[info] >        'content-security-policy': "base-uri 'none'; default-src 'none'; form-action 'none'; frame-ancestors 'none'; img-src 'self'; script-src 'self' 'report-sample'; style-src 'self'; upgrade-insecure-requests; report-uri https://q.stripe.com/csp-violation?q=M9vAH16S_RM6Gk_GN4LpH_Obzu_NGLa6jaO0sgfWuFXrh04h9Q-Uw1yyofevbDSZwP172z-uKXiEqi8a", {"user":"      'content-security-policy': \"base-uri 'none'; default-src 'none'; form-action 'none'; frame-ancestors 'none'; img-src 'self'; script-src 'self' 'report-sample'; style-src 'self'; upgrade-insecure-requests; report-uri https://q.stripe.com/csp-violation?q=M9vAH16S_RM6Gk_GN4LpH_Obzu_NGLa6jaO0sgfWuFXrh04h9Q-Uw1yyofevbDSZwP172z-uKXiEqi8a\",","metadata":{"emulator":{"name":"functions"},"function":{"name":"us-central1-api"},"extension":{},"message":"\u001b[90m> \u001b[39m       'content-security-policy': \"base-uri 'none'; default-src 'none'; form-action 'none'; frame-ancestors 'none'; img-src 'self'; script-src 'self' 'report-sample'; style-src 'self'; upgrade-insecure-requests; report-uri https://q.stripe.com/csp-violation?q=M9vAH16S_RM6Gk_GN4LpH_Obzu_NGLa6jaO0sgfWuFXrh04h9Q-Uw1yyofevbDSZwP172z-uKXiEqi8a\","}}
[info] >        'cross-origin-opener-policy-report-only': 'same-origin; report-to="coop"', {"user":"      'cross-origin-opener-policy-report-only': 'same-origin; report-to=\"coop\"',","metadata":{"emulator":{"name":"functions"},"function":{"name":"us-central1-api"},"extension":{},"message":"\u001b[90m> \u001b[39m       'cross-origin-opener-policy-report-only': 'same-origin; report-to=\"coop\"',"}}
[info] >        'idempotency-key': 'stripe-node-retry-c8d08eca-9731-45d4-beda-355e25cdb46a', {"user":"      'idempotency-key': 'stripe-node-retry-c8d08eca-9731-45d4-beda-355e25cdb46a',","metadata":{"emulator":{"name":"functions"},"function":{"name":"us-central1-api"},"extension":{},"message":"\u001b[90m> \u001b[39m       'idempotency-key': 'stripe-node-retry-c8d08eca-9731-45d4-beda-355e25cdb46a',"}}
[info] >        'original-request': 'req_ynJCmEB2BB70Av', {"user":"      'original-request': 'req_ynJCmEB2BB70Av',","metadata":{"emulator":{"name":"functions"},"function":{"name":"us-central1-api"},"extension":{},"message":"\u001b[90m> \u001b[39m       'original-request': 'req_ynJCmEB2BB70Av',"}}
[info] >        'report-to': '{"group":"coop","max_age":8640,"endpoints":[{"url":"https://q.stripe.com/coop-report"}],"include_subdomains":true}', {"user":"      'report-to': '{\"group\":\"coop\",\"max_age\":8640,\"endpoints\":[{\"url\":\"https://q.stripe.com/coop-report\"}],\"include_subdomains\":true}',","metadata":{"emulator":{"name":"functions"},"function":{"name":"us-central1-api"},"extension":{},"message":"\u001b[90m> \u001b[39m       'report-to': '{\"group\":\"coop\",\"max_age\":8640,\"endpoints\":[{\"url\":\"https://q.stripe.com/coop-report\"}],\"include_subdomains\":true}',"}}
[info] >        'reporting-endpoints': 'coop="https://q.stripe.com/coop-report"', {"user":"      'reporting-endpoints': 'coop=\"https://q.stripe.com/coop-report\"',","metadata":{"emulator":{"name":"functions"},"function":{"name":"us-central1-api"},"extension":{},"message":"\u001b[90m> \u001b[39m       'reporting-endpoints': 'coop=\"https://q.stripe.com/coop-report\"',"}}
[info] >        'request-id': 'req_ynJCmEB2BB70Av', {"user":"      'request-id': 'req_ynJCmEB2BB70Av',","metadata":{"emulator":{"name":"functions"},"function":{"name":"us-central1-api"},"extension":{},"message":"\u001b[90m> \u001b[39m       'request-id': 'req_ynJCmEB2BB70Av',"}}
[info] >        'stripe-version': '2025-01-27.acacia', {"user":"      'stripe-version': '2025-01-27.acacia',","metadata":{"emulator":{"name":"functions"},"function":{"name":"us-central1-api"},"extension":{},"message":"\u001b[90m> \u001b[39m       'stripe-version': '2025-01-27.acacia',"}}
[info] >        vary: 'Origin', {"user":"      vary: 'Origin',","metadata":{"emulator":{"name":"functions"},"function":{"name":"us-central1-api"},"extension":{},"message":"\u001b[90m> \u001b[39m       vary: 'Origin',"}}
[info] >        'x-stripe-priority-routing-enabled': 'true', {"user":"      'x-stripe-priority-routing-enabled': 'true',","metadata":{"emulator":{"name":"functions"},"function":{"name":"us-central1-api"},"extension":{},"message":"\u001b[90m> \u001b[39m       'x-stripe-priority-routing-enabled': 'true',"}}
[info] >        'x-stripe-routing-context-priority-tier': 'api-testmode', {"user":"      'x-stripe-routing-context-priority-tier': 'api-testmode',","metadata":{"emulator":{"name":"functions"},"function":{"name":"us-central1-api"},"extension":{},"message":"\u001b[90m> \u001b[39m       'x-stripe-routing-context-priority-tier': 'api-testmode',"}}
[info] >        'x-wc': 'AB', {"user":"      'x-wc': 'AB',","metadata":{"emulator":{"name":"functions"},"function":{"name":"us-central1-api"},"extension":{},"message":"\u001b[90m> \u001b[39m       'x-wc': 'AB',"}}
[info] >        'strict-transport-security': 'max-age=63072000; includeSubDomains; preload' {"user":"      'strict-transport-security': 'max-age=63072000; includeSubDomains; preload'","metadata":{"emulator":{"name":"functions"},"function":{"name":"us-central1-api"},"extension":{},"message":"\u001b[90m> \u001b[39m       'strict-transport-security': 'max-age=63072000; includeSubDomains; preload'"}}
[info] >      }, {"user":"    },","metadata":{"emulator":{"name":"functions"},"function":{"name":"us-central1-api"},"extension":{},"message":"\u001b[90m> \u001b[39m     },"}}
[info] >      statusCode: 400, {"user":"    statusCode: 400,","metadata":{"emulator":{"name":"functions"},"function":{"name":"us-central1-api"},"extension":{},"message":"\u001b[90m> \u001b[39m     statusCode: 400,"}}
[info] >      requestId: 'req_ynJCmEB2BB70Av' {"user":"    requestId: 'req_ynJCmEB2BB70Av'","metadata":{"emulator":{"name":"functions"},"function":{"name":"us-central1-api"},"extension":{},"message":"\u001b[90m> \u001b[39m     requestId: 'req_ynJCmEB2BB70Av'"}}
[info] >    }, {"user":"  },","metadata":{"emulator":{"name":"functions"},"function":{"name":"us-central1-api"},"extension":{},"message":"\u001b[90m> \u001b[39m   },"}}
[info] >    rawType: 'invalid_request_error', {"user":"  rawType: 'invalid_request_error',","metadata":{"emulator":{"name":"functions"},"function":{"name":"us-central1-api"},"extension":{},"message":"\u001b[90m> \u001b[39m   rawType: 'invalid_request_error',"}}
[info] >    code: 'parameter_invalid_integer', {"user":"  code: 'parameter_invalid_integer',","metadata":{"emulator":{"name":"functions"},"function":{"name":"us-central1-api"},"extension":{},"message":"\u001b[90m> \u001b[39m   code: 'parameter_invalid_integer',"}}
[info] >    doc_url: 'https://stripe.com/docs/error-codes/parameter-invalid-integer', {"user":"  doc_url: 'https://stripe.com/docs/error-codes/parameter-invalid-integer',","metadata":{"emulator":{"name":"functions"},"function":{"name":"us-central1-api"},"extension":{},"message":"\u001b[90m> \u001b[39m   doc_url: 'https://stripe.com/docs/error-codes/parameter-invalid-integer',"}}
[info] >    param: 'amount', {"user":"  param: 'amount',","metadata":{"emulator":{"name":"functions"},"function":{"name":"us-central1-api"},"extension":{},"message":"\u001b[90m> \u001b[39m   param: 'amount',"}}
[info] >    detail: undefined, {"user":"  detail: undefined,","metadata":{"emulator":{"name":"functions"},"function":{"name":"us-central1-api"},"extension":{},"message":"\u001b[90m> \u001b[39m   detail: undefined,"}}
[info] >    headers: { {"user":"  headers: {","metadata":{"emulator":{"name":"functions"},"function":{"name":"us-central1-api"},"extension":{},"message":"\u001b[90m> \u001b[39m   headers: {"}}
[info] >      server: 'nginx', {"user":"    server: 'nginx',","metadata":{"emulator":{"name":"functions"},"function":{"name":"us-central1-api"},"extension":{},"message":"\u001b[90m> \u001b[39m     server: 'nginx',"}}
[info] >      date: 'Tue, 04 Feb 2025 07:58:50 GMT', {"user":"    date: 'Tue, 04 Feb 2025 07:58:50 GMT',","metadata":{"emulator":{"name":"functions"},"function":{"name":"us-central1-api"},"extension":{},"message":"\u001b[90m> \u001b[39m     date: 'Tue, 04 Feb 2025 07:58:50 GMT',"}}
[info] >      'content-type': 'application/json', {"user":"    'content-type': 'application/json',","metadata":{"emulator":{"name":"functions"},"function":{"name":"us-central1-api"},"extension":{},"message":"\u001b[90m> \u001b[39m     'content-type': 'application/json',"}}
[info] >      'content-length': '663', {"user":"    'content-length': '663',","metadata":{"emulator":{"name":"functions"},"function":{"name":"us-central1-api"},"extension":{},"message":"\u001b[90m> \u001b[39m     'content-length': '663',"}}
[info] >      connection: 'keep-alive', {"user":"    connection: 'keep-alive',","metadata":{"emulator":{"name":"functions"},"function":{"name":"us-central1-api"},"extension":{},"message":"\u001b[90m> \u001b[39m     connection: 'keep-alive',"}}
[info] >      'access-control-allow-credentials': 'true', {"user":"    'access-control-allow-credentials': 'true',","metadata":{"emulator":{"name":"functions"},"function":{"name":"us-central1-api"},"extension":{},"message":"\u001b[90m> \u001b[39m     'access-control-allow-credentials': 'true',"}}
[info] >      'access-control-allow-methods': 'GET, HEAD, PUT, PATCH, POST, DELETE', {"user":"    'access-control-allow-methods': 'GET, HEAD, PUT, PATCH, POST, DELETE',","metadata":{"emulator":{"name":"functions"},"function":{"name":"us-central1-api"},"extension":{},"message":"\u001b[90m> \u001b[39m     'access-control-allow-methods': 'GET, HEAD, PUT, PATCH, POST, DELETE',"}}
[info] >      'access-control-allow-origin': '*', {"user":"    'access-control-allow-origin': '*',","metadata":{"emulator":{"name":"functions"},"function":{"name":"us-central1-api"},"extension":{},"message":"\u001b[90m> \u001b[39m     'access-control-allow-origin': '*',"}}
[info] >      'access-control-expose-headers': 'Request-Id, Stripe-Manage-Version, Stripe-Should-Retry, X-Stripe-External-Auth-Required, X-Stripe-Privileged-Session-Required', {"user":"    'access-control-expose-headers': 'Request-Id, Stripe-Manage-Version, Stripe-Should-Retry, X-Stripe-External-Auth-Required, X-Stripe-Privileged-Session-Required',","metadata":{"emulator":{"name":"functions"},"function":{"name":"us-central1-api"},"extension":{},"message":"\u001b[90m> \u001b[39m     'access-control-expose-headers': 'Request-Id, Stripe-Manage-Version, Stripe-Should-Retry, X-Stripe-External-Auth-Required, X-Stripe-Privileged-Session-Required',"}}
[info] >      'access-control-max-age': '300', {"user":"    'access-control-max-age': '300',","metadata":{"emulator":{"name":"functions"},"function":{"name":"us-central1-api"},"extension":{},"message":"\u001b[90m> \u001b[39m     'access-control-max-age': '300',"}}
[info] >      'cache-control': 'no-cache, no-store', {"user":"    'cache-control': 'no-cache, no-store',","metadata":{"emulator":{"name":"functions"},"function":{"name":"us-central1-api"},"extension":{},"message":"\u001b[90m> \u001b[39m     'cache-control': 'no-cache, no-store',"}}
[info] >      'content-security-policy': "base-uri 'none'; default-src 'none'; form-action 'none'; frame-ancestors 'none'; img-src 'self'; script-src 'self' 'report-sample'; style-src 'self'; upgrade-insecure-requests; report-uri https://q.stripe.com/csp-violation?q=M9vAH16S_RM6Gk_GN4LpH_Obzu_NGLa6jaO0sgfWuFXrh04h9Q-Uw1yyofevbDSZwP172z-uKXiEqi8a", {"user":"    'content-security-policy': \"base-uri 'none'; default-src 'none'; form-action 'none'; frame-ancestors 'none'; img-src 'self'; script-src 'self' 'report-sample'; style-src 'self'; upgrade-insecure-requests; report-uri https://q.stripe.com/csp-violation?q=M9vAH16S_RM6Gk_GN4LpH_Obzu_NGLa6jaO0sgfWuFXrh04h9Q-Uw1yyofevbDSZwP172z-uKXiEqi8a\",","metadata":{"emulator":{"name":"functions"},"function":{"name":"us-central1-api"},"extension":{},"message":"\u001b[90m> \u001b[39m     'content-security-policy': \"base-uri 'none'; default-src 'none'; form-action 'none'; frame-ancestors 'none'; img-src 'self'; script-src 'self' 'report-sample'; style-src 'self'; upgrade-insecure-requests; report-uri https://q.stripe.com/csp-violation?q=M9vAH16S_RM6Gk_GN4LpH_Obzu_NGLa6jaO0sgfWuFXrh04h9Q-Uw1yyofevbDSZwP172z-uKXiEqi8a\","}}
[info] >      'cross-origin-opener-policy-report-only': 'same-origin; report-to="coop"', {"user":"    'cross-origin-opener-policy-report-only': 'same-origin; report-to=\"coop\"',","metadata":{"emulator":{"name":"functions"},"function":{"name":"us-central1-api"},"extension":{},"message":"\u001b[90m> \u001b[39m     'cross-origin-opener-policy-report-only': 'same-origin; report-to=\"coop\"',"}}
[info] >      'idempotency-key': 'stripe-node-retry-c8d08eca-9731-45d4-beda-355e25cdb46a', {"user":"    'idempotency-key': 'stripe-node-retry-c8d08eca-9731-45d4-beda-355e25cdb46a',","metadata":{"emulator":{"name":"functions"},"function":{"name":"us-central1-api"},"extension":{},"message":"\u001b[90m> \u001b[39m     'idempotency-key': 'stripe-node-retry-c8d08eca-9731-45d4-beda-355e25cdb46a',"}}
[info] >      'original-request': 'req_ynJCmEB2BB70Av', {"user":"    'original-request': 'req_ynJCmEB2BB70Av',","metadata":{"emulator":{"name":"functions"},"function":{"name":"us-central1-api"},"extension":{},"message":"\u001b[90m> \u001b[39m     'original-request': 'req_ynJCmEB2BB70Av',"}}
[info] >      'report-to': '{"group":"coop","max_age":8640,"endpoints":[{"url":"https://q.stripe.com/coop-report"}],"include_subdomains":true}', {"user":"    'report-to': '{\"group\":\"coop\",\"max_age\":8640,\"endpoints\":[{\"url\":\"https://q.stripe.com/coop-report\"}],\"include_subdomains\":true}',","metadata":{"emulator":{"name":"functions"},"function":{"name":"us-central1-api"},"extension":{},"message":"\u001b[90m> \u001b[39m     'report-to': '{\"group\":\"coop\",\"max_age\":8640,\"endpoints\":[{\"url\":\"https://q.stripe.com/coop-report\"}],\"include_subdomains\":true}',"}}
[info] >      'reporting-endpoints': 'coop="https://q.stripe.com/coop-report"', {"user":"    'reporting-endpoints': 'coop=\"https://q.stripe.com/coop-report\"',","metadata":{"emulator":{"name":"functions"},"function":{"name":"us-central1-api"},"extension":{},"message":"\u001b[90m> \u001b[39m     'reporting-endpoints': 'coop=\"https://q.stripe.com/coop-report\"',"}}
[info] >      'request-id': 'req_ynJCmEB2BB70Av', {"user":"    'request-id': 'req_ynJCmEB2BB70Av',","metadata":{"emulator":{"name":"functions"},"function":{"name":"us-central1-api"},"extension":{},"message":"\u001b[90m> \u001b[39m     'request-id': 'req_ynJCmEB2BB70Av',"}}
[info] >      'stripe-version': '2025-01-27.acacia', {"user":"    'stripe-version': '2025-01-27.acacia',","metadata":{"emulator":{"name":"functions"},"function":{"name":"us-central1-api"},"extension":{},"message":"\u001b[90m> \u001b[39m     'stripe-version': '2025-01-27.acacia',"}}
[info] >      vary: 'Origin', {"user":"    vary: 'Origin',","metadata":{"emulator":{"name":"functions"},"function":{"name":"us-central1-api"},"extension":{},"message":"\u001b[90m> \u001b[39m     vary: 'Origin',"}}
[info] >      'x-stripe-priority-routing-enabled': 'true', {"user":"    'x-stripe-priority-routing-enabled': 'true',","metadata":{"emulator":{"name":"functions"},"function":{"name":"us-central1-api"},"extension":{},"message":"\u001b[90m> \u001b[39m     'x-stripe-priority-routing-enabled': 'true',"}}
[info] >      'x-stripe-routing-context-priority-tier': 'api-testmode', {"user":"    'x-stripe-routing-context-priority-tier': 'api-testmode',","metadata":{"emulator":{"name":"functions"},"function":{"name":"us-central1-api"},"extension":{},"message":"\u001b[90m> \u001b[39m     'x-stripe-routing-context-priority-tier': 'api-testmode',"}}
[info] >      'x-wc': 'AB', {"user":"    'x-wc': 'AB',","metadata":{"emulator":{"name":"functions"},"function":{"name":"us-central1-api"},"extension":{},"message":"\u001b[90m> \u001b[39m     'x-wc': 'AB',"}}
[info] >      'strict-transport-security': 'max-age=63072000; includeSubDomains; preload' {"user":"    'strict-transport-security': 'max-age=63072000; includeSubDomains; preload'","metadata":{"emulator":{"name":"functions"},"function":{"name":"us-central1-api"},"extension":{},"message":"\u001b[90m> \u001b[39m     'strict-transport-security': 'max-age=63072000; includeSubDomains; preload'"}}
[info] >    }, {"user":"  },","metadata":{"emulator":{"name":"functions"},"function":{"name":"us-central1-api"},"extension":{},"message":"\u001b[90m> \u001b[39m   },"}}
[info] >    requestId: 'req_ynJCmEB2BB70Av', {"user":"  requestId: 'req_ynJCmEB2BB70Av',","metadata":{"emulator":{"name":"functions"},"function":{"name":"us-central1-api"},"extension":{},"message":"\u001b[90m> \u001b[39m   requestId: 'req_ynJCmEB2BB70Av',"}}
[info] >    statusCode: 400, {"user":"  statusCode: 400,","metadata":{"emulator":{"name":"functions"},"function":{"name":"us-central1-api"},"extension":{},"message":"\u001b[90m> \u001b[39m   statusCode: 400,"}}
[info] >    userMessage: undefined, {"user":"  userMessage: undefined,","metadata":{"emulator":{"name":"functions"},"function":{"name":"us-central1-api"},"extension":{},"message":"\u001b[90m> \u001b[39m   userMessage: undefined,"}}
[info] >    charge: undefined, {"user":"  charge: undefined,","metadata":{"emulator":{"name":"functions"},"function":{"name":"us-central1-api"},"extension":{},"message":"\u001b[90m> \u001b[39m   charge: undefined,"}}
[info] >    decline_code: undefined, {"user":"  decline_code: undefined,","metadata":{"emulator":{"name":"functions"},"function":{"name":"us-central1-api"},"extension":{},"message":"\u001b[90m> \u001b[39m   decline_code: undefined,"}}
[info] >    payment_intent: undefined, {"user":"  payment_intent: undefined,","metadata":{"emulator":{"name":"functions"},"function":{"name":"us-central1-api"},"extension":{},"message":"\u001b[90m> \u001b[39m   payment_intent: undefined,"}}
[info] >    payment_method: undefined, {"user":"  payment_method: undefined,","metadata":{"emulator":{"name":"functions"},"function":{"name":"us-central1-api"},"extension":{},"message":"\u001b[90m> \u001b[39m   payment_method: undefined,"}}
[info] >    payment_method_type: undefined, {"user":"  payment_method_type: undefined,","metadata":{"emulator":{"name":"functions"},"function":{"name":"us-central1-api"},"extension":{},"message":"\u001b[90m> \u001b[39m   payment_method_type: undefined,"}}
[info] >    setup_intent: undefined, {"user":"  setup_intent: undefined,","metadata":{"emulator":{"name":"functions"},"function":{"name":"us-central1-api"},"extension":{},"message":"\u001b[90m> \u001b[39m   setup_intent: undefined,"}}
[info] >    source: undefined {"user":"  source: undefined","metadata":{"emulator":{"name":"functions"},"function":{"name":"us-central1-api"},"extension":{},"message":"\u001b[90m> \u001b[39m   source: undefined"}}
[info] >  } {"user":"}","metadata":{"emulator":{"name":"functions"},"function":{"name":"us-central1-api"},"extension":{},"message":"\u001b[90m> \u001b[39m }"}}
[debug] [2025-02-04T07:58:49.459Z] Finishing up request with event=pause {"metadata":{"emulator":{"name":"functions"},"function":{"name":"us-central1-api"},"extension":{},"message":"Finishing up request with event=pause"}}
[info] i  functions: Finished "us-central1-api" in 1614.8866ms {"metadata":{"emulator":{"name":"functions"},"function":{"name":"us-central1-api"},"extension":{},"message":"Finished \"us-central1-api\" in 1614.8866ms"}}
[debug] [2025-02-04T07:58:49.461Z] [worker-us-central1-api-e9878eb9-86ba-4580-980b-1ea51a2d604b]: IDLE {"metadata":{"emulator":{"name":"functions"},"function":{"name":"us-central1-api"},"extension":{},"message":"[worker-us-central1-api-e9878eb9-86ba-4580-980b-1ea51a2d604b]: IDLE"}}
[debug] [2025-02-04T07:58:49.462Z] Finishing up request with event=finish {"metadata":{"emulator":{"name":"functions"},"function":{"name":"us-central1-api"},"extension":{},"message":"Finishing up request with event=finish"}}
[debug] [2025-02-04T07:58:49.462Z] Finishing up request with event=close {"metadata":{"emulator":{"name":"functions"},"function":{"name":"us-central1-api"},"extension":{},"message":"Finishing up request with event=close"}}
[debug] [2025-02-04T07:58:49.462Z] [work-queue] {"queuedWork":[],"queueLength":0,"runningWork":[],"workRunningCount":0}
[debug] [2025-02-04T07:59:01.695Z] [work-queue] {"queuedWork":["/novemb-f2496/us-central1/api/payments/create-2025-02-04T07:59:01.695Z"],"queueLength":1,"runningWork":[],"workRunningCount":0}
[debug] [2025-02-04T07:59:01.696Z] [work-queue] {"queuedWork":[],"queueLength":0,"runningWork":["/novemb-f2496/us-central1/api/payments/create-2025-02-04T07:59:01.695Z"],"workRunningCount":1}
[debug] [2025-02-04T07:59:01.696Z] Accepted request POST /novemb-f2496/us-central1/api/payments/create?total=0 --> us-central1-api
[debug] [2025-02-04T07:59:01.697Z] [functions] Runtime ready! Sending request! {"metadata":{"emulator":{"name":"functions"},"message":"[functions] Runtime ready! Sending request!"}}
[debug] [2025-02-04T07:59:01.698Z] [functions] Got req.url=/novemb-f2496/us-central1/api/payments/create?total=0, mapping to path=/payments/create?total=0 {"metadata":{"emulator":{"name":"functions"},"message":"[functions] Got req.url=/novemb-f2496/us-central1/api/payments/create?total=0, mapping to path=/payments/create?total=0"}}
[debug] [2025-02-04T07:59:01.698Z] [worker-pool] submitRequest(triggerId=us-central1-api) {"metadata":{"emulator":{"name":"functions"},"message":"[worker-pool] submitRequest(triggerId=us-central1-api)"}}
[info] i  functions: Beginning execution of "us-central1-api" {"metadata":{"emulator":{"name":"functions"},"function":{"name":"us-central1-api"},"extension":{},"message":"Beginning execution of \"us-central1-api\""}}
[debug] [2025-02-04T07:59:01.699Z] [worker-us-central1-api-e9878eb9-86ba-4580-980b-1ea51a2d604b]: BUSY {"metadata":{"emulator":{"name":"functions"},"function":{"name":"us-central1-api"},"extension":{},"message":"[worker-us-central1-api-e9878eb9-86ba-4580-980b-1ea51a2d604b]: BUSY"}}
[info] >  payment request received for this amount == 0 {"user":"payment request received for this amount == 0","metadata":{"emulator":{"name":"functions"},"function":{"name":"us-central1-api"},"extension":{},"message":"\u001b[90m> \u001b[39m payment request received for this amount == 0"}}
[debug] [2025-02-04T07:59:01.705Z] [work-queue] {"queuedWork":["/novemb-f2496/us-central1/api/payments/create-2025-02-04T07:59:01.705Z"],"queueLength":1,"runningWork":["/novemb-f2496/us-central1/api/payments/create-2025-02-04T07:59:01.695Z"],"workRunningCount":1}
[debug] [2025-02-04T07:59:01.706Z] [work-queue] {"queuedWork":[],"queueLength":0,"runningWork":["/novemb-f2496/us-central1/api/payments/create-2025-02-04T07:59:01.695Z","/novemb-f2496/us-central1/api/payments/create-2025-02-04T07:59:01.705Z"],"workRunningCount":2}
[debug] [2025-02-04T07:59:01.706Z] Accepted request POST /novemb-f2496/us-central1/api/payments/create?total=0 --> us-central1-api
[debug] [2025-02-04T07:59:01.706Z] [functions] Runtime ready! Sending request! {"metadata":{"emulator":{"name":"functions"},"message":"[functions] Runtime ready! Sending request!"}}
[debug] [2025-02-04T07:59:01.707Z] [functions] Got req.url=/novemb-f2496/us-central1/api/payments/create?total=0, mapping to path=/payments/create?total=0 {"metadata":{"emulator":{"name":"functions"},"message":"[functions] Got req.url=/novemb-f2496/us-central1/api/payments/create?total=0, mapping to path=/payments/create?total=0"}}
[debug] [2025-02-04T07:59:01.707Z] [worker-pool] submitRequest(triggerId=us-central1-api) {"metadata":{"emulator":{"name":"functions"},"message":"[worker-pool] submitRequest(triggerId=us-central1-api)"}}
[info] i  functions: Beginning execution of "us-central1-api" {"metadata":{"emulator":{"name":"functions"},"function":{"name":"us-central1-api"},"extension":{},"message":"Beginning execution of \"us-central1-api\""}}
[debug] [2025-02-04T07:59:01.708Z] [worker-us-central1-api-dfe8c8f6-4d7d-4fab-a7e1-c7bc8ce54cf7]: BUSY {"metadata":{"emulator":{"name":"functions"},"function":{"name":"us-central1-api"},"extension":{},"message":"[worker-us-central1-api-dfe8c8f6-4d7d-4fab-a7e1-c7bc8ce54cf7]: BUSY"}}
[info] >  payment request received for this amount == 0 {"user":"payment request received for this amount == 0","metadata":{"emulator":{"name":"functions"},"function":{"name":"us-central1-api"},"extension":{},"message":"\u001b[90m> \u001b[39m payment request received for this amount == 0"}}
[info] >  Error creating payment intent: StripeInvalidRequestError: The amount must be greater than or equal to the minimum charge amount allowed for your account and the currency set (https://docs.stripe.com/currencies#minimum-and-maximum-charge-amounts).  If you want to save a Payment Method for future use without an immediate payment, use a Setup Intent instead: https://docs.stripe.com/payments/setup-intents {"user":"Error creating payment intent: StripeInvalidRequestError: The amount must be greater than or equal to the minimum charge amount allowed for your account and the currency set (https://docs.stripe.com/currencies#minimum-and-maximum-charge-amounts).  If you want to save a Payment Method for future use without an immediate payment, use a Setup Intent instead: https://docs.stripe.com/payments/setup-intents","metadata":{"emulator":{"name":"functions"},"function":{"name":"us-central1-api"},"extension":{},"message":"\u001b[90m> \u001b[39m Error creating payment intent: StripeInvalidRequestError: The amount must be greater than or equal to the minimum charge amount allowed for your account and the currency set (https://docs.stripe.com/currencies#minimum-and-maximum-charge-amounts).  If you want to save a Payment Method for future use without an immediate payment, use a Setup Intent instead: https://docs.stripe.com/payments/setup-intents"}}
[info] >      at generateV1Error (C:\Users\sata\OneDrive\Desktop\phase-1\phase-5\Amazon-clone-2024\amazon-clone\functions\node_modules\stripe\cjs\Error.js:11:20) {"user":"    at generateV1Error (C:\\Users\\sata\\OneDrive\\Desktop\\phase-1\\phase-5\\Amazon-clone-2024\\amazon-clone\\functions\\node_modules\\stripe\\cjs\\Error.js:11:20)","metadata":{"emulator":{"name":"functions"},"function":{"name":"us-central1-api"},"extension":{},"message":"\u001b[90m> \u001b[39m     at generateV1Error (C:\\Users\\sata\\OneDrive\\Desktop\\phase-1\\phase-5\\Amazon-clone-2024\\amazon-clone\\functions\\node_modules\\stripe\\cjs\\Error.js:11:20)"}}
[info] >      at res.toJSON.then.Error_js_1.StripeAPIError.message (C:\Users\sata\OneDrive\Desktop\phase-1\phase-5\Amazon-clone-2024\amazon-clone\functions\node_modules\stripe\cjs\RequestSender.js:108:62) {"user":"    at res.toJSON.then.Error_js_1.StripeAPIError.message (C:\\Users\\sata\\OneDrive\\Desktop\\phase-1\\phase-5\\Amazon-clone-2024\\amazon-clone\\functions\\node_modules\\stripe\\cjs\\RequestSender.js:108:62)","metadata":{"emulator":{"name":"functions"},"function":{"name":"us-central1-api"},"extension":{},"message":"\u001b[90m> \u001b[39m     at res.toJSON.then.Error_js_1.StripeAPIError.message (C:\\Users\\sata\\OneDrive\\Desktop\\phase-1\\phase-5\\Amazon-clone-2024\\amazon-clone\\functions\\node_modules\\stripe\\cjs\\RequestSender.js:108:62)"}}
[info] >      at process.processTicksAndRejections (node:internal/process/task_queues:95:5) { {"user":"    at process.processTicksAndRejections (node:internal/process/task_queues:95:5) {","metadata":{"emulator":{"name":"functions"},"function":{"name":"us-central1-api"},"extension":{},"message":"\u001b[90m> \u001b[39m     at process.processTicksAndRejections (node:internal/process/task_queues:95:5) {"}}
[info] >    type: 'StripeInvalidRequestError', {"user":"  type: 'StripeInvalidRequestError',","metadata":{"emulator":{"name":"functions"},"function":{"name":"us-central1-api"},"extension":{},"message":"\u001b[90m> \u001b[39m   type: 'StripeInvalidRequestError',"}}
[info] >    raw: { {"user":"  raw: {","metadata":{"emulator":{"name":"functions"},"function":{"name":"us-central1-api"},"extension":{},"message":"\u001b[90m> \u001b[39m   raw: {"}}
[info] >      code: 'parameter_invalid_integer', {"user":"    code: 'parameter_invalid_integer',","metadata":{"emulator":{"name":"functions"},"function":{"name":"us-central1-api"},"extension":{},"message":"\u001b[90m> \u001b[39m     code: 'parameter_invalid_integer',"}}
[info] >      doc_url: 'https://stripe.com/docs/error-codes/parameter-invalid-integer', {"user":"    doc_url: 'https://stripe.com/docs/error-codes/parameter-invalid-integer',","metadata":{"emulator":{"name":"functions"},"function":{"name":"us-central1-api"},"extension":{},"message":"\u001b[90m> \u001b[39m     doc_url: 'https://stripe.com/docs/error-codes/parameter-invalid-integer',"}}
[info] >      message: 'The amount must be greater than or equal to the minimum charge amount allowed for your account and the currency set (https://docs.stripe.com/currencies#minimum-and-maximum-charge-amounts).  If you want to save a Payment Method for future use without an immediate payment, use a Setup Intent instead: https://docs.stripe.com/payments/setup-intents', {"user":"    message: 'The amount must be greater than or equal to the minimum charge amount allowed for your account and the currency set (https://docs.stripe.com/currencies#minimum-and-maximum-charge-amounts).  If you want to save a Payment Method for future use without an immediate payment, use a Setup Intent instead: https://docs.stripe.com/payments/setup-intents',","metadata":{"emulator":{"name":"functions"},"function":{"name":"us-central1-api"},"extension":{},"message":"\u001b[90m> \u001b[39m     message: 'The amount must be greater than or equal to the minimum charge amount allowed for your account and the currency set (https://docs.stripe.com/currencies#minimum-and-maximum-charge-amounts).  If you want to save a Payment Method for future use without an immediate payment, use a Setup Intent instead: https://docs.stripe.com/payments/setup-intents',"}}
[info] >      param: 'amount', {"user":"    param: 'amount',","metadata":{"emulator":{"name":"functions"},"function":{"name":"us-central1-api"},"extension":{},"message":"\u001b[90m> \u001b[39m     param: 'amount',"}}
[info] >      request_log_url: 'https://dashboard.stripe.com/test/logs/req_YdqWr6CJDDcVSU?t=1738655943', {"user":"    request_log_url: 'https://dashboard.stripe.com/test/logs/req_YdqWr6CJDDcVSU?t=1738655943',","metadata":{"emulator":{"name":"functions"},"function":{"name":"us-central1-api"},"extension":{},"message":"\u001b[90m> \u001b[39m     request_log_url: 'https://dashboard.stripe.com/test/logs/req_YdqWr6CJDDcVSU?t=1738655943',"}}
[info] >      type: 'invalid_request_error', {"user":"    type: 'invalid_request_error',","metadata":{"emulator":{"name":"functions"},"function":{"name":"us-central1-api"},"extension":{},"message":"\u001b[90m> \u001b[39m     type: 'invalid_request_error',"}}
[info] >      headers: { {"user":"    headers: {","metadata":{"emulator":{"name":"functions"},"function":{"name":"us-central1-api"},"extension":{},"message":"\u001b[90m> \u001b[39m     headers: {"}}
[info] >        server: 'nginx', {"user":"      server: 'nginx',","metadata":{"emulator":{"name":"functions"},"function":{"name":"us-central1-api"},"extension":{},"message":"\u001b[90m> \u001b[39m       server: 'nginx',"}}
[info] >        date: 'Tue, 04 Feb 2025 07:59:03 GMT', {"user":"      date: 'Tue, 04 Feb 2025 07:59:03 GMT',","metadata":{"emulator":{"name":"functions"},"function":{"name":"us-central1-api"},"extension":{},"message":"\u001b[90m> \u001b[39m       date: 'Tue, 04 Feb 2025 07:59:03 GMT',"}}
[info] >        'content-type': 'application/json', {"user":"      'content-type': 'application/json',","metadata":{"emulator":{"name":"functions"},"function":{"name":"us-central1-api"},"extension":{},"message":"\u001b[90m> \u001b[39m       'content-type': 'application/json',"}}
[info] >        'content-length': '663', {"user":"      'content-length': '663',","metadata":{"emulator":{"name":"functions"},"function":{"name":"us-central1-api"},"extension":{},"message":"\u001b[90m> \u001b[39m       'content-length': '663',"}}
[info] >        connection: 'keep-alive', {"user":"      connection: 'keep-alive',","metadata":{"emulator":{"name":"functions"},"function":{"name":"us-central1-api"},"extension":{},"message":"\u001b[90m> \u001b[39m       connection: 'keep-alive',"}}
[info] >        'access-control-allow-credentials': 'true', {"user":"      'access-control-allow-credentials': 'true',","metadata":{"emulator":{"name":"functions"},"function":{"name":"us-central1-api"},"extension":{},"message":"\u001b[90m> \u001b[39m       'access-control-allow-credentials': 'true',"}}
[info] >        'access-control-allow-methods': 'GET, HEAD, PUT, PATCH, POST, DELETE', {"user":"      'access-control-allow-methods': 'GET, HEAD, PUT, PATCH, POST, DELETE',","metadata":{"emulator":{"name":"functions"},"function":{"name":"us-central1-api"},"extension":{},"message":"\u001b[90m> \u001b[39m       'access-control-allow-methods': 'GET, HEAD, PUT, PATCH, POST, DELETE',"}}
[info] >        'access-control-allow-origin': '*', {"user":"      'access-control-allow-origin': '*',","metadata":{"emulator":{"name":"functions"},"function":{"name":"us-central1-api"},"extension":{},"message":"\u001b[90m> \u001b[39m       'access-control-allow-origin': '*',"}}
[info] >        'access-control-expose-headers': 'Request-Id, Stripe-Manage-Version, Stripe-Should-Retry, X-Stripe-External-Auth-Required, X-Stripe-Privileged-Session-Required', {"user":"      'access-control-expose-headers': 'Request-Id, Stripe-Manage-Version, Stripe-Should-Retry, X-Stripe-External-Auth-Required, X-Stripe-Privileged-Session-Required',","metadata":{"emulator":{"name":"functions"},"function":{"name":"us-central1-api"},"extension":{},"message":"\u001b[90m> \u001b[39m       'access-control-expose-headers': 'Request-Id, Stripe-Manage-Version, Stripe-Should-Retry, X-Stripe-External-Auth-Required, X-Stripe-Privileged-Session-Required',"}}
[info] >        'access-control-max-age': '300', {"user":"      'access-control-max-age': '300',","metadata":{"emulator":{"name":"functions"},"function":{"name":"us-central1-api"},"extension":{},"message":"\u001b[90m> \u001b[39m       'access-control-max-age': '300',"}}
[info] >        'cache-control': 'no-cache, no-store', {"user":"      'cache-control': 'no-cache, no-store',","metadata":{"emulator":{"name":"functions"},"function":{"name":"us-central1-api"},"extension":{},"message":"\u001b[90m> \u001b[39m       'cache-control': 'no-cache, no-store',"}}
[info] >        'content-security-policy': "base-uri 'none'; default-src 'none'; form-action 'none'; frame-ancestors 'none'; img-src 'self'; script-src 'self' 'report-sample'; style-src 'self'; upgrade-insecure-requests; report-uri https://q.stripe.com/csp-violation?q=M9vAH16S_RM6Gk_GN4LpH_Obzu_NGLa6jaO0sgfWuFXrh04h9Q-Uw1yyofevbDSZwP172z-uKXiEqi8a", {"user":"      'content-security-policy': \"base-uri 'none'; default-src 'none'; form-action 'none'; frame-ancestors 'none'; img-src 'self'; script-src 'self' 'report-sample'; style-src 'self'; upgrade-insecure-requests; report-uri https://q.stripe.com/csp-violation?q=M9vAH16S_RM6Gk_GN4LpH_Obzu_NGLa6jaO0sgfWuFXrh04h9Q-Uw1yyofevbDSZwP172z-uKXiEqi8a\",","metadata":{"emulator":{"name":"functions"},"function":{"name":"us-central1-api"},"extension":{},"message":"\u001b[90m> \u001b[39m       'content-security-policy': \"base-uri 'none'; default-src 'none'; form-action 'none'; frame-ancestors 'none'; img-src 'self'; script-src 'self' 'report-sample'; style-src 'self'; upgrade-insecure-requests; report-uri https://q.stripe.com/csp-violation?q=M9vAH16S_RM6Gk_GN4LpH_Obzu_NGLa6jaO0sgfWuFXrh04h9Q-Uw1yyofevbDSZwP172z-uKXiEqi8a\","}}
[info] >        'cross-origin-opener-policy-report-only': 'same-origin; report-to="coop"', {"user":"      'cross-origin-opener-policy-report-only': 'same-origin; report-to=\"coop\"',","metadata":{"emulator":{"name":"functions"},"function":{"name":"us-central1-api"},"extension":{},"message":"\u001b[90m> \u001b[39m       'cross-origin-opener-policy-report-only': 'same-origin; report-to=\"coop\"',"}}
[info] >        'idempotency-key': 'stripe-node-retry-2b4b3ec3-430c-420f-8b76-f352194cd321', {"user":"      'idempotency-key': 'stripe-node-retry-2b4b3ec3-430c-420f-8b76-f352194cd321',","metadata":{"emulator":{"name":"functions"},"function":{"name":"us-central1-api"},"extension":{},"message":"\u001b[90m> \u001b[39m       'idempotency-key': 'stripe-node-retry-2b4b3ec3-430c-420f-8b76-f352194cd321',"}}
[info] >        'original-request': 'req_YdqWr6CJDDcVSU', {"user":"      'original-request': 'req_YdqWr6CJDDcVSU',","metadata":{"emulator":{"name":"functions"},"function":{"name":"us-central1-api"},"extension":{},"message":"\u001b[90m> \u001b[39m       'original-request': 'req_YdqWr6CJDDcVSU',"}}
[info] >        'report-to': '{"group":"coop","max_age":8640,"endpoints":[{"url":"https://q.stripe.com/coop-report"}],"include_subdomains":true}', {"user":"      'report-to': '{\"group\":\"coop\",\"max_age\":8640,\"endpoints\":[{\"url\":\"https://q.stripe.com/coop-report\"}],\"include_subdomains\":true}',","metadata":{"emulator":{"name":"functions"},"function":{"name":"us-central1-api"},"extension":{},"message":"\u001b[90m> \u001b[39m       'report-to': '{\"group\":\"coop\",\"max_age\":8640,\"endpoints\":[{\"url\":\"https://q.stripe.com/coop-report\"}],\"include_subdomains\":true}',"}}
[info] >        'reporting-endpoints': 'coop="https://q.stripe.com/coop-report"', {"user":"      'reporting-endpoints': 'coop=\"https://q.stripe.com/coop-report\"',","metadata":{"emulator":{"name":"functions"},"function":{"name":"us-central1-api"},"extension":{},"message":"\u001b[90m> \u001b[39m       'reporting-endpoints': 'coop=\"https://q.stripe.com/coop-report\"',"}}
[info] >        'request-id': 'req_YdqWr6CJDDcVSU', {"user":"      'request-id': 'req_YdqWr6CJDDcVSU',","metadata":{"emulator":{"name":"functions"},"function":{"name":"us-central1-api"},"extension":{},"message":"\u001b[90m> \u001b[39m       'request-id': 'req_YdqWr6CJDDcVSU',"}}
[info] >        'stripe-version': '2025-01-27.acacia', {"user":"      'stripe-version': '2025-01-27.acacia',","metadata":{"emulator":{"name":"functions"},"function":{"name":"us-central1-api"},"extension":{},"message":"\u001b[90m> \u001b[39m       'stripe-version': '2025-01-27.acacia',"}}
[info] >        vary: 'Origin', {"user":"      vary: 'Origin',","metadata":{"emulator":{"name":"functions"},"function":{"name":"us-central1-api"},"extension":{},"message":"\u001b[90m> \u001b[39m       vary: 'Origin',"}}
[info] >        'x-stripe-priority-routing-enabled': 'true', {"user":"      'x-stripe-priority-routing-enabled': 'true',","metadata":{"emulator":{"name":"functions"},"function":{"name":"us-central1-api"},"extension":{},"message":"\u001b[90m> \u001b[39m       'x-stripe-priority-routing-enabled': 'true',"}}
[info] >        'x-stripe-routing-context-priority-tier': 'api-testmode', {"user":"      'x-stripe-routing-context-priority-tier': 'api-testmode',","metadata":{"emulator":{"name":"functions"},"function":{"name":"us-central1-api"},"extension":{},"message":"\u001b[90m> \u001b[39m       'x-stripe-routing-context-priority-tier': 'api-testmode',"}}
[info] >        'x-wc': 'AB', {"user":"      'x-wc': 'AB',","metadata":{"emulator":{"name":"functions"},"function":{"name":"us-central1-api"},"extension":{},"message":"\u001b[90m> \u001b[39m       'x-wc': 'AB',"}}
[info] >        'strict-transport-security': 'max-age=63072000; includeSubDomains; preload' {"user":"      'strict-transport-security': 'max-age=63072000; includeSubDomains; preload'","metadata":{"emulator":{"name":"functions"},"function":{"name":"us-central1-api"},"extension":{},"message":"\u001b[90m> \u001b[39m       'strict-transport-security': 'max-age=63072000; includeSubDomains; preload'"}}
[info] >      }, {"user":"    },","metadata":{"emulator":{"name":"functions"},"function":{"name":"us-central1-api"},"extension":{},"message":"\u001b[90m> \u001b[39m     },"}}
[info] >      statusCode: 400, {"user":"    statusCode: 400,","metadata":{"emulator":{"name":"functions"},"function":{"name":"us-central1-api"},"extension":{},"message":"\u001b[90m> \u001b[39m     statusCode: 400,"}}
[info] >      requestId: 'req_YdqWr6CJDDcVSU' {"user":"    requestId: 'req_YdqWr6CJDDcVSU'","metadata":{"emulator":{"name":"functions"},"function":{"name":"us-central1-api"},"extension":{},"message":"\u001b[90m> \u001b[39m     requestId: 'req_YdqWr6CJDDcVSU'"}}
[info] >    }, {"user":"  },","metadata":{"emulator":{"name":"functions"},"function":{"name":"us-central1-api"},"extension":{},"message":"\u001b[90m> \u001b[39m   },"}}
[info] >    rawType: 'invalid_request_error', {"user":"  rawType: 'invalid_request_error',","metadata":{"emulator":{"name":"functions"},"function":{"name":"us-central1-api"},"extension":{},"message":"\u001b[90m> \u001b[39m   rawType: 'invalid_request_error',"}}
[info] >    code: 'parameter_invalid_integer', {"user":"  code: 'parameter_invalid_integer',","metadata":{"emulator":{"name":"functions"},"function":{"name":"us-central1-api"},"extension":{},"message":"\u001b[90m> \u001b[39m   code: 'parameter_invalid_integer',"}}
[info] >    doc_url: 'https://stripe.com/docs/error-codes/parameter-invalid-integer', {"user":"  doc_url: 'https://stripe.com/docs/error-codes/parameter-invalid-integer',","metadata":{"emulator":{"name":"functions"},"function":{"name":"us-central1-api"},"extension":{},"message":"\u001b[90m> \u001b[39m   doc_url: 'https://stripe.com/docs/error-codes/parameter-invalid-integer',"}}
[info] >    param: 'amount', {"user":"  param: 'amount',","metadata":{"emulator":{"name":"functions"},"function":{"name":"us-central1-api"},"extension":{},"message":"\u001b[90m> \u001b[39m   param: 'amount',"}}
[info] >    detail: undefined, {"user":"  detail: undefined,","metadata":{"emulator":{"name":"functions"},"function":{"name":"us-central1-api"},"extension":{},"message":"\u001b[90m> \u001b[39m   detail: undefined,"}}
[info] >    headers: { {"user":"  headers: {","metadata":{"emulator":{"name":"functions"},"function":{"name":"us-central1-api"},"extension":{},"message":"\u001b[90m> \u001b[39m   headers: {"}}
[info] >      server: 'nginx', {"user":"    server: 'nginx',","metadata":{"emulator":{"name":"functions"},"function":{"name":"us-central1-api"},"extension":{},"message":"\u001b[90m> \u001b[39m     server: 'nginx',"}}
[info] >      date: 'Tue, 04 Feb 2025 07:59:03 GMT', {"user":"    date: 'Tue, 04 Feb 2025 07:59:03 GMT',","metadata":{"emulator":{"name":"functions"},"function":{"name":"us-central1-api"},"extension":{},"message":"\u001b[90m> \u001b[39m     date: 'Tue, 04 Feb 2025 07:59:03 GMT',"}}
[info] >      'content-type': 'application/json', {"user":"    'content-type': 'application/json',","metadata":{"emulator":{"name":"functions"},"function":{"name":"us-central1-api"},"extension":{},"message":"\u001b[90m> \u001b[39m     'content-type': 'application/json',"}}
[info] >      'content-length': '663', {"user":"    'content-length': '663',","metadata":{"emulator":{"name":"functions"},"function":{"name":"us-central1-api"},"extension":{},"message":"\u001b[90m> \u001b[39m     'content-length': '663',"}}
[info] >      connection: 'keep-alive', {"user":"    connection: 'keep-alive',","metadata":{"emulator":{"name":"functions"},"function":{"name":"us-central1-api"},"extension":{},"message":"\u001b[90m> \u001b[39m     connection: 'keep-alive',"}}
[info] >      'access-control-allow-credentials': 'true', {"user":"    'access-control-allow-credentials': 'true',","metadata":{"emulator":{"name":"functions"},"function":{"name":"us-central1-api"},"extension":{},"message":"\u001b[90m> \u001b[39m     'access-control-allow-credentials': 'true',"}}
[info] >      'access-control-allow-methods': 'GET, HEAD, PUT, PATCH, POST, DELETE', {"user":"    'access-control-allow-methods': 'GET, HEAD, PUT, PATCH, POST, DELETE',","metadata":{"emulator":{"name":"functions"},"function":{"name":"us-central1-api"},"extension":{},"message":"\u001b[90m> \u001b[39m     'access-control-allow-methods': 'GET, HEAD, PUT, PATCH, POST, DELETE',"}}
[info] >      'access-control-allow-origin': '*', {"user":"    'access-control-allow-origin': '*',","metadata":{"emulator":{"name":"functions"},"function":{"name":"us-central1-api"},"extension":{},"message":"\u001b[90m> \u001b[39m     'access-control-allow-origin': '*',"}}
[info] >      'access-control-expose-headers': 'Request-Id, Stripe-Manage-Version, Stripe-Should-Retry, X-Stripe-External-Auth-Required, X-Stripe-Privileged-Session-Required', {"user":"    'access-control-expose-headers': 'Request-Id, Stripe-Manage-Version, Stripe-Should-Retry, X-Stripe-External-Auth-Required, X-Stripe-Privileged-Session-Required',","metadata":{"emulator":{"name":"functions"},"function":{"name":"us-central1-api"},"extension":{},"message":"\u001b[90m> \u001b[39m     'access-control-expose-headers': 'Request-Id, Stripe-Manage-Version, Stripe-Should-Retry, X-Stripe-External-Auth-Required, X-Stripe-Privileged-Session-Required',"}}
[info] >      'access-control-max-age': '300', {"user":"    'access-control-max-age': '300',","metadata":{"emulator":{"name":"functions"},"function":{"name":"us-central1-api"},"extension":{},"message":"\u001b[90m> \u001b[39m     'access-control-max-age': '300',"}}
[info] >      'cache-control': 'no-cache, no-store', {"user":"    'cache-control': 'no-cache, no-store',","metadata":{"emulator":{"name":"functions"},"function":{"name":"us-central1-api"},"extension":{},"message":"\u001b[90m> \u001b[39m     'cache-control': 'no-cache, no-store',"}}
[info] >      'content-security-policy': "base-uri 'none'; default-src 'none'; form-action 'none'; frame-ancestors 'none'; img-src 'self'; script-src 'self' 'report-sample'; style-src 'self'; upgrade-insecure-requests; report-uri https://q.stripe.com/csp-violation?q=M9vAH16S_RM6Gk_GN4LpH_Obzu_NGLa6jaO0sgfWuFXrh04h9Q-Uw1yyofevbDSZwP172z-uKXiEqi8a", {"user":"    'content-security-policy': \"base-uri 'none'; default-src 'none'; form-action 'none'; frame-ancestors 'none'; img-src 'self'; script-src 'self' 'report-sample'; style-src 'self'; upgrade-insecure-requests; report-uri https://q.stripe.com/csp-violation?q=M9vAH16S_RM6Gk_GN4LpH_Obzu_NGLa6jaO0sgfWuFXrh04h9Q-Uw1yyofevbDSZwP172z-uKXiEqi8a\",","metadata":{"emulator":{"name":"functions"},"function":{"name":"us-central1-api"},"extension":{},"message":"\u001b[90m> \u001b[39m     'content-security-policy': \"base-uri 'none'; default-src 'none'; form-action 'none'; frame-ancestors 'none'; img-src 'self'; script-src 'self' 'report-sample'; style-src 'self'; upgrade-insecure-requests; report-uri https://q.stripe.com/csp-violation?q=M9vAH16S_RM6Gk_GN4LpH_Obzu_NGLa6jaO0sgfWuFXrh04h9Q-Uw1yyofevbDSZwP172z-uKXiEqi8a\","}}
[info] >      'cross-origin-opener-policy-report-only': 'same-origin; report-to="coop"', {"user":"    'cross-origin-opener-policy-report-only': 'same-origin; report-to=\"coop\"',","metadata":{"emulator":{"name":"functions"},"function":{"name":"us-central1-api"},"extension":{},"message":"\u001b[90m> \u001b[39m     'cross-origin-opener-policy-report-only': 'same-origin; report-to=\"coop\"',"}}
[info] >      'idempotency-key': 'stripe-node-retry-2b4b3ec3-430c-420f-8b76-f352194cd321', {"user":"    'idempotency-key': 'stripe-node-retry-2b4b3ec3-430c-420f-8b76-f352194cd321',","metadata":{"emulator":{"name":"functions"},"function":{"name":"us-central1-api"},"extension":{},"message":"\u001b[90m> \u001b[39m     'idempotency-key': 'stripe-node-retry-2b4b3ec3-430c-420f-8b76-f352194cd321',"}}
[info] >      'original-request': 'req_YdqWr6CJDDcVSU', {"user":"    'original-request': 'req_YdqWr6CJDDcVSU',","metadata":{"emulator":{"name":"functions"},"function":{"name":"us-central1-api"},"extension":{},"message":"\u001b[90m> \u001b[39m     'original-request': 'req_YdqWr6CJDDcVSU',"}}
[info] >      'report-to': '{"group":"coop","max_age":8640,"endpoints":[{"url":"https://q.stripe.com/coop-report"}],"include_subdomains":true}', {"user":"    'report-to': '{\"group\":\"coop\",\"max_age\":8640,\"endpoints\":[{\"url\":\"https://q.stripe.com/coop-report\"}],\"include_subdomains\":true}',","metadata":{"emulator":{"name":"functions"},"function":{"name":"us-central1-api"},"extension":{},"message":"\u001b[90m> \u001b[39m     'report-to': '{\"group\":\"coop\",\"max_age\":8640,\"endpoints\":[{\"url\":\"https://q.stripe.com/coop-report\"}],\"include_subdomains\":true}',"}}
[info] >      'reporting-endpoints': 'coop="https://q.stripe.com/coop-report"', {"user":"    'reporting-endpoints': 'coop=\"https://q.stripe.com/coop-report\"',","metadata":{"emulator":{"name":"functions"},"function":{"name":"us-central1-api"},"extension":{},"message":"\u001b[90m> \u001b[39m     'reporting-endpoints': 'coop=\"https://q.stripe.com/coop-report\"',"}}
[info] >      'request-id': 'req_YdqWr6CJDDcVSU', {"user":"    'request-id': 'req_YdqWr6CJDDcVSU',","metadata":{"emulator":{"name":"functions"},"function":{"name":"us-central1-api"},"extension":{},"message":"\u001b[90m> \u001b[39m     'request-id': 'req_YdqWr6CJDDcVSU',"}}
[info] >      'stripe-version': '2025-01-27.acacia', {"user":"    'stripe-version': '2025-01-27.acacia',","metadata":{"emulator":{"name":"functions"},"function":{"name":"us-central1-api"},"extension":{},"message":"\u001b[90m> \u001b[39m     'stripe-version': '2025-01-27.acacia',"}}
[info] >      vary: 'Origin', {"user":"    vary: 'Origin',","metadata":{"emulator":{"name":"functions"},"function":{"name":"us-central1-api"},"extension":{},"message":"\u001b[90m> \u001b[39m     vary: 'Origin',"}}
[info] >      'x-stripe-priority-routing-enabled': 'true', {"user":"    'x-stripe-priority-routing-enabled': 'true',","metadata":{"emulator":{"name":"functions"},"function":{"name":"us-central1-api"},"extension":{},"message":"\u001b[90m> \u001b[39m     'x-stripe-priority-routing-enabled': 'true',"}}
[info] >      'x-stripe-routing-context-priority-tier': 'api-testmode', {"user":"    'x-stripe-routing-context-priority-tier': 'api-testmode',","metadata":{"emulator":{"name":"functions"},"function":{"name":"us-central1-api"},"extension":{},"message":"\u001b[90m> \u001b[39m     'x-stripe-routing-context-priority-tier': 'api-testmode',"}}
[info] >      'x-wc': 'AB', {"user":"    'x-wc': 'AB',","metadata":{"emulator":{"name":"functions"},"function":{"name":"us-central1-api"},"extension":{},"message":"\u001b[90m> \u001b[39m     'x-wc': 'AB',"}}
[info] >      'strict-transport-security': 'max-age=63072000; includeSubDomains; preload' {"user":"    'strict-transport-security': 'max-age=63072000; includeSubDomains; preload'","metadata":{"emulator":{"name":"functions"},"function":{"name":"us-central1-api"},"extension":{},"message":"\u001b[90m> \u001b[39m     'strict-transport-security': 'max-age=63072000; includeSubDomains; preload'"}}
[info] >    }, {"user":"  },","metadata":{"emulator":{"name":"functions"},"function":{"name":"us-central1-api"},"extension":{},"message":"\u001b[90m> \u001b[39m   },"}}
[info] >    requestId: 'req_YdqWr6CJDDcVSU', {"user":"  requestId: 'req_YdqWr6CJDDcVSU',","metadata":{"emulator":{"name":"functions"},"function":{"name":"us-central1-api"},"extension":{},"message":"\u001b[90m> \u001b[39m   requestId: 'req_YdqWr6CJDDcVSU',"}}
[info] >    statusCode: 400, {"user":"  statusCode: 400,","metadata":{"emulator":{"name":"functions"},"function":{"name":"us-central1-api"},"extension":{},"message":"\u001b[90m> \u001b[39m   statusCode: 400,"}}
[info] >    userMessage: undefined, {"user":"  userMessage: undefined,","metadata":{"emulator":{"name":"functions"},"function":{"name":"us-central1-api"},"extension":{},"message":"\u001b[90m> \u001b[39m   userMessage: undefined,"}}
[info] >    charge: undefined, {"user":"  charge: undefined,","metadata":{"emulator":{"name":"functions"},"function":{"name":"us-central1-api"},"extension":{},"message":"\u001b[90m> \u001b[39m   charge: undefined,"}}
[info] >    decline_code: undefined, {"user":"  decline_code: undefined,","metadata":{"emulator":{"name":"functions"},"function":{"name":"us-central1-api"},"extension":{},"message":"\u001b[90m> \u001b[39m   decline_code: undefined,"}}
[info] >    payment_intent: undefined, {"user":"  payment_intent: undefined,","metadata":{"emulator":{"name":"functions"},"function":{"name":"us-central1-api"},"extension":{},"message":"\u001b[90m> \u001b[39m   payment_intent: undefined,"}}
[info] >    payment_method: undefined, {"user":"  payment_method: undefined,","metadata":{"emulator":{"name":"functions"},"function":{"name":"us-central1-api"},"extension":{},"message":"\u001b[90m> \u001b[39m   payment_method: undefined,"}}
[info] >    payment_method_type: undefined, {"user":"  payment_method_type: undefined,","metadata":{"emulator":{"name":"functions"},"function":{"name":"us-central1-api"},"extension":{},"message":"\u001b[90m> \u001b[39m   payment_method_type: undefined,"}}
[info] >    setup_intent: undefined, {"user":"  setup_intent: undefined,","metadata":{"emulator":{"name":"functions"},"function":{"name":"us-central1-api"},"extension":{},"message":"\u001b[90m> \u001b[39m   setup_intent: undefined,"}}
[info] >    source: undefined {"user":"  source: undefined","metadata":{"emulator":{"name":"functions"},"function":{"name":"us-central1-api"},"extension":{},"message":"\u001b[90m> \u001b[39m   source: undefined"}}
[info] >  } {"user":"}","metadata":{"emulator":{"name":"functions"},"function":{"name":"us-central1-api"},"extension":{},"message":"\u001b[90m> \u001b[39m }"}}
[debug] [2025-02-04T07:59:02.146Z] Finishing up request with event=pause {"metadata":{"emulator":{"name":"functions"},"function":{"name":"us-central1-api"},"extension":{},"message":"Finishing up request with event=pause"}}
[info] i  functions: Finished "us-central1-api" in 447.4737ms {"metadata":{"emulator":{"name":"functions"},"function":{"name":"us-central1-api"},"extension":{},"message":"Finished \"us-central1-api\" in 447.4737ms"}}
[debug] [2025-02-04T07:59:02.149Z] [worker-us-central1-api-e9878eb9-86ba-4580-980b-1ea51a2d604b]: IDLE {"metadata":{"emulator":{"name":"functions"},"function":{"name":"us-central1-api"},"extension":{},"message":"[worker-us-central1-api-e9878eb9-86ba-4580-980b-1ea51a2d604b]: IDLE"}}
[debug] [2025-02-04T07:59:02.149Z] Finishing up request with event=finish {"metadata":{"emulator":{"name":"functions"},"function":{"name":"us-central1-api"},"extension":{},"message":"Finishing up request with event=finish"}}
[debug] [2025-02-04T07:59:02.150Z] Finishing up request with event=close {"metadata":{"emulator":{"name":"functions"},"function":{"name":"us-central1-api"},"extension":{},"message":"Finishing up request with event=close"}}
[debug] [2025-02-04T07:59:02.150Z] [work-queue] {"queuedWork":[],"queueLength":0,"runningWork":["/novemb-f2496/us-central1/api/payments/create-2025-02-04T07:59:01.705Z"],"workRunningCount":1}
[info] >  Error creating payment intent: StripeInvalidRequestError: The amount must be greater than or equal to the minimum charge amount allowed for your account and the currency set (https://docs.stripe.com/currencies#minimum-and-maximum-charge-amounts).  If you want to save a Payment Method for future use without an immediate payment, use a Setup Intent instead: https://docs.stripe.com/payments/setup-intents {"user":"Error creating payment intent: StripeInvalidRequestError: The amount must be greater than or equal to the minimum charge amount allowed for your account and the currency set (https://docs.stripe.com/currencies#minimum-and-maximum-charge-amounts).  If you want to save a Payment Method for future use without an immediate payment, use a Setup Intent instead: https://docs.stripe.com/payments/setup-intents","metadata":{"emulator":{"name":"functions"},"function":{"name":"us-central1-api"},"extension":{},"message":"\u001b[90m> \u001b[39m Error creating payment intent: StripeInvalidRequestError: The amount must be greater than or equal to the minimum charge amount allowed for your account and the currency set (https://docs.stripe.com/currencies#minimum-and-maximum-charge-amounts).  If you want to save a Payment Method for future use without an immediate payment, use a Setup Intent instead: https://docs.stripe.com/payments/setup-intents"}}
[info] >      at generateV1Error (C:\Users\sata\OneDrive\Desktop\phase-1\phase-5\Amazon-clone-2024\amazon-clone\functions\node_modules\stripe\cjs\Error.js:11:20) {"user":"    at generateV1Error (C:\\Users\\sata\\OneDrive\\Desktop\\phase-1\\phase-5\\Amazon-clone-2024\\amazon-clone\\functions\\node_modules\\stripe\\cjs\\Error.js:11:20)","metadata":{"emulator":{"name":"functions"},"function":{"name":"us-central1-api"},"extension":{},"message":"\u001b[90m> \u001b[39m     at generateV1Error (C:\\Users\\sata\\OneDrive\\Desktop\\phase-1\\phase-5\\Amazon-clone-2024\\amazon-clone\\functions\\node_modules\\stripe\\cjs\\Error.js:11:20)"}}
[info] >      at res.toJSON.then.Error_js_1.StripeAPIError.message (C:\Users\sata\OneDrive\Desktop\phase-1\phase-5\Amazon-clone-2024\amazon-clone\functions\node_modules\stripe\cjs\RequestSender.js:108:62) {"user":"    at res.toJSON.then.Error_js_1.StripeAPIError.message (C:\\Users\\sata\\OneDrive\\Desktop\\phase-1\\phase-5\\Amazon-clone-2024\\amazon-clone\\functions\\node_modules\\stripe\\cjs\\RequestSender.js:108:62)","metadata":{"emulator":{"name":"functions"},"function":{"name":"us-central1-api"},"extension":{},"message":"\u001b[90m> \u001b[39m     at res.toJSON.then.Error_js_1.StripeAPIError.message (C:\\Users\\sata\\OneDrive\\Desktop\\phase-1\\phase-5\\Amazon-clone-2024\\amazon-clone\\functions\\node_modules\\stripe\\cjs\\RequestSender.js:108:62)"}}
[info] >      at process.processTicksAndRejections (node:internal/process/task_queues:95:5) { {"user":"    at process.processTicksAndRejections (node:internal/process/task_queues:95:5) {","metadata":{"emulator":{"name":"functions"},"function":{"name":"us-central1-api"},"extension":{},"message":"\u001b[90m> \u001b[39m     at process.processTicksAndRejections (node:internal/process/task_queues:95:5) {"}}
[info] >    type: 'StripeInvalidRequestError', {"user":"  type: 'StripeInvalidRequestError',","metadata":{"emulator":{"name":"functions"},"function":{"name":"us-central1-api"},"extension":{},"message":"\u001b[90m> \u001b[39m   type: 'StripeInvalidRequestError',"}}
[info] >    raw: { {"user":"  raw: {","metadata":{"emulator":{"name":"functions"},"function":{"name":"us-central1-api"},"extension":{},"message":"\u001b[90m> \u001b[39m   raw: {"}}
[info] >      code: 'parameter_invalid_integer', {"user":"    code: 'parameter_invalid_integer',","metadata":{"emulator":{"name":"functions"},"function":{"name":"us-central1-api"},"extension":{},"message":"\u001b[90m> \u001b[39m     code: 'parameter_invalid_integer',"}}
[info] >      doc_url: 'https://stripe.com/docs/error-codes/parameter-invalid-integer', {"user":"    doc_url: 'https://stripe.com/docs/error-codes/parameter-invalid-integer',","metadata":{"emulator":{"name":"functions"},"function":{"name":"us-central1-api"},"extension":{},"message":"\u001b[90m> \u001b[39m     doc_url: 'https://stripe.com/docs/error-codes/parameter-invalid-integer',"}}
[info] >      message: 'The amount must be greater than or equal to the minimum charge amount allowed for your account and the currency set (https://docs.stripe.com/currencies#minimum-and-maximum-charge-amounts).  If you want to save a Payment Method for future use without an immediate payment, use a Setup Intent instead: https://docs.stripe.com/payments/setup-intents', {"user":"    message: 'The amount must be greater than or equal to the minimum charge amount allowed for your account and the currency set (https://docs.stripe.com/currencies#minimum-and-maximum-charge-amounts).  If you want to save a Payment Method for future use without an immediate payment, use a Setup Intent instead: https://docs.stripe.com/payments/setup-intents',","metadata":{"emulator":{"name":"functions"},"function":{"name":"us-central1-api"},"extension":{},"message":"\u001b[90m> \u001b[39m     message: 'The amount must be greater than or equal to the minimum charge amount allowed for your account and the currency set (https://docs.stripe.com/currencies#minimum-and-maximum-charge-amounts).  If you want to save a Payment Method for future use without an immediate payment, use a Setup Intent instead: https://docs.stripe.com/payments/setup-intents',"}}
[info] >      param: 'amount', {"user":"    param: 'amount',","metadata":{"emulator":{"name":"functions"},"function":{"name":"us-central1-api"},"extension":{},"message":"\u001b[90m> \u001b[39m     param: 'amount',"}}
[info] >      request_log_url: 'https://dashboard.stripe.com/test/logs/req_mUAvu4z7iNdxiG?t=1738655944', {"user":"    request_log_url: 'https://dashboard.stripe.com/test/logs/req_mUAvu4z7iNdxiG?t=1738655944',","metadata":{"emulator":{"name":"functions"},"function":{"name":"us-central1-api"},"extension":{},"message":"\u001b[90m> \u001b[39m     request_log_url: 'https://dashboard.stripe.com/test/logs/req_mUAvu4z7iNdxiG?t=1738655944',"}}
[info] >      type: 'invalid_request_error', {"user":"    type: 'invalid_request_error',","metadata":{"emulator":{"name":"functions"},"function":{"name":"us-central1-api"},"extension":{},"message":"\u001b[90m> \u001b[39m     type: 'invalid_request_error',"}}
[info] >      headers: { {"user":"    headers: {","metadata":{"emulator":{"name":"functions"},"function":{"name":"us-central1-api"},"extension":{},"message":"\u001b[90m> \u001b[39m     headers: {"}}
[info] >        server: 'nginx', {"user":"      server: 'nginx',","metadata":{"emulator":{"name":"functions"},"function":{"name":"us-central1-api"},"extension":{},"message":"\u001b[90m> \u001b[39m       server: 'nginx',"}}
[info] >        date: 'Tue, 04 Feb 2025 07:59:04 GMT', {"user":"      date: 'Tue, 04 Feb 2025 07:59:04 GMT',","metadata":{"emulator":{"name":"functions"},"function":{"name":"us-central1-api"},"extension":{},"message":"\u001b[90m> \u001b[39m       date: 'Tue, 04 Feb 2025 07:59:04 GMT',"}}
[info] >        'content-type': 'application/json', {"user":"      'content-type': 'application/json',","metadata":{"emulator":{"name":"functions"},"function":{"name":"us-central1-api"},"extension":{},"message":"\u001b[90m> \u001b[39m       'content-type': 'application/json',"}}
[info] >        'content-length': '663', {"user":"      'content-length': '663',","metadata":{"emulator":{"name":"functions"},"function":{"name":"us-central1-api"},"extension":{},"message":"\u001b[90m> \u001b[39m       'content-length': '663',"}}
[info] >        connection: 'keep-alive', {"user":"      connection: 'keep-alive',","metadata":{"emulator":{"name":"functions"},"function":{"name":"us-central1-api"},"extension":{},"message":"\u001b[90m> \u001b[39m       connection: 'keep-alive',"}}
[info] >        'access-control-allow-credentials': 'true', {"user":"      'access-control-allow-credentials': 'true',","metadata":{"emulator":{"name":"functions"},"function":{"name":"us-central1-api"},"extension":{},"message":"\u001b[90m> \u001b[39m       'access-control-allow-credentials': 'true',"}}
[info] >        'access-control-allow-methods': 'GET, HEAD, PUT, PATCH, POST, DELETE', {"user":"      'access-control-allow-methods': 'GET, HEAD, PUT, PATCH, POST, DELETE',","metadata":{"emulator":{"name":"functions"},"function":{"name":"us-central1-api"},"extension":{},"message":"\u001b[90m> \u001b[39m       'access-control-allow-methods': 'GET, HEAD, PUT, PATCH, POST, DELETE',"}}
[info] >        'access-control-allow-origin': '*', {"user":"      'access-control-allow-origin': '*',","metadata":{"emulator":{"name":"functions"},"function":{"name":"us-central1-api"},"extension":{},"message":"\u001b[90m> \u001b[39m       'access-control-allow-origin': '*',"}}
[info] >        'access-control-expose-headers': 'Request-Id, Stripe-Manage-Version, Stripe-Should-Retry, X-Stripe-External-Auth-Required, X-Stripe-Privileged-Session-Required', {"user":"      'access-control-expose-headers': 'Request-Id, Stripe-Manage-Version, Stripe-Should-Retry, X-Stripe-External-Auth-Required, X-Stripe-Privileged-Session-Required',","metadata":{"emulator":{"name":"functions"},"function":{"name":"us-central1-api"},"extension":{},"message":"\u001b[90m> \u001b[39m       'access-control-expose-headers': 'Request-Id, Stripe-Manage-Version, Stripe-Should-Retry, X-Stripe-External-Auth-Required, X-Stripe-Privileged-Session-Required',"}}
[info] >        'access-control-max-age': '300', {"user":"      'access-control-max-age': '300',","metadata":{"emulator":{"name":"functions"},"function":{"name":"us-central1-api"},"extension":{},"message":"\u001b[90m> \u001b[39m       'access-control-max-age': '300',"}}
[info] >        'cache-control': 'no-cache, no-store', {"user":"      'cache-control': 'no-cache, no-store',","metadata":{"emulator":{"name":"functions"},"function":{"name":"us-central1-api"},"extension":{},"message":"\u001b[90m> \u001b[39m       'cache-control': 'no-cache, no-store',"}}
[info] >        'content-security-policy': "base-uri 'none'; default-src 'none'; form-action 'none'; frame-ancestors 'none'; img-src 'self'; script-src 'self' 'report-sample'; style-src 'self'; upgrade-insecure-requests; report-uri https://q.stripe.com/csp-violation?q=SHyaP5uaPrPs9ndXW1yDt2bL1hp19fkIvwRz3Qx5uVg2FBzQYzY26Iud6aGcOvUFgtl5tKpmL4smIarC", {"user":"      'content-security-policy': \"base-uri 'none'; default-src 'none'; form-action 'none'; frame-ancestors 'none'; img-src 'self'; script-src 'self' 'report-sample'; style-src 'self'; upgrade-insecure-requests; report-uri https://q.stripe.com/csp-violation?q=SHyaP5uaPrPs9ndXW1yDt2bL1hp19fkIvwRz3Qx5uVg2FBzQYzY26Iud6aGcOvUFgtl5tKpmL4smIarC\",","metadata":{"emulator":{"name":"functions"},"function":{"name":"us-central1-api"},"extension":{},"message":"\u001b[90m> \u001b[39m       'content-security-policy': \"base-uri 'none'; default-src 'none'; form-action 'none'; frame-ancestors 'none'; img-src 'self'; script-src 'self' 'report-sample'; style-src 'self'; upgrade-insecure-requests; report-uri https://q.stripe.com/csp-violation?q=SHyaP5uaPrPs9ndXW1yDt2bL1hp19fkIvwRz3Qx5uVg2FBzQYzY26Iud6aGcOvUFgtl5tKpmL4smIarC\","}}
[info] >        'cross-origin-opener-policy-report-only': 'same-origin; report-to="coop"', {"user":"      'cross-origin-opener-policy-report-only': 'same-origin; report-to=\"coop\"',","metadata":{"emulator":{"name":"functions"},"function":{"name":"us-central1-api"},"extension":{},"message":"\u001b[90m> \u001b[39m       'cross-origin-opener-policy-report-only': 'same-origin; report-to=\"coop\"',"}}
[info] >        'idempotency-key': 'stripe-node-retry-1929e6c6-6715-4952-b4b9-358e6fc65ab5', {"user":"      'idempotency-key': 'stripe-node-retry-1929e6c6-6715-4952-b4b9-358e6fc65ab5',","metadata":{"emulator":{"name":"functions"},"function":{"name":"us-central1-api"},"extension":{},"message":"\u001b[90m> \u001b[39m       'idempotency-key': 'stripe-node-retry-1929e6c6-6715-4952-b4b9-358e6fc65ab5',"}}
[info] >        'original-request': 'req_mUAvu4z7iNdxiG', {"user":"      'original-request': 'req_mUAvu4z7iNdxiG',","metadata":{"emulator":{"name":"functions"},"function":{"name":"us-central1-api"},"extension":{},"message":"\u001b[90m> \u001b[39m       'original-request': 'req_mUAvu4z7iNdxiG',"}}
[info] >        'report-to': '{"group":"coop","max_age":8640,"endpoints":[{"url":"https://q.stripe.com/coop-report"}],"include_subdomains":true}', {"user":"      'report-to': '{\"group\":\"coop\",\"max_age\":8640,\"endpoints\":[{\"url\":\"https://q.stripe.com/coop-report\"}],\"include_subdomains\":true}',","metadata":{"emulator":{"name":"functions"},"function":{"name":"us-central1-api"},"extension":{},"message":"\u001b[90m> \u001b[39m       'report-to': '{\"group\":\"coop\",\"max_age\":8640,\"endpoints\":[{\"url\":\"https://q.stripe.com/coop-report\"}],\"include_subdomains\":true}',"}}
[info] >        'reporting-endpoints': 'coop="https://q.stripe.com/coop-report"', {"user":"      'reporting-endpoints': 'coop=\"https://q.stripe.com/coop-report\"',","metadata":{"emulator":{"name":"functions"},"function":{"name":"us-central1-api"},"extension":{},"message":"\u001b[90m> \u001b[39m       'reporting-endpoints': 'coop=\"https://q.stripe.com/coop-report\"',"}}
[info] >        'request-id': 'req_mUAvu4z7iNdxiG', {"user":"      'request-id': 'req_mUAvu4z7iNdxiG',","metadata":{"emulator":{"name":"functions"},"function":{"name":"us-central1-api"},"extension":{},"message":"\u001b[90m> \u001b[39m       'request-id': 'req_mUAvu4z7iNdxiG',"}}
[info] >        'stripe-version': '2025-01-27.acacia', {"user":"      'stripe-version': '2025-01-27.acacia',","metadata":{"emulator":{"name":"functions"},"function":{"name":"us-central1-api"},"extension":{},"message":"\u001b[90m> \u001b[39m       'stripe-version': '2025-01-27.acacia',"}}
[info] >        vary: 'Origin', {"user":"      vary: 'Origin',","metadata":{"emulator":{"name":"functions"},"function":{"name":"us-central1-api"},"extension":{},"message":"\u001b[90m> \u001b[39m       vary: 'Origin',"}}
[info] >        'x-stripe-priority-routing-enabled': 'true', {"user":"      'x-stripe-priority-routing-enabled': 'true',","metadata":{"emulator":{"name":"functions"},"function":{"name":"us-central1-api"},"extension":{},"message":"\u001b[90m> \u001b[39m       'x-stripe-priority-routing-enabled': 'true',"}}
[info] >        'x-stripe-routing-context-priority-tier': 'api-testmode', {"user":"      'x-stripe-routing-context-priority-tier': 'api-testmode',","metadata":{"emulator":{"name":"functions"},"function":{"name":"us-central1-api"},"extension":{},"message":"\u001b[90m> \u001b[39m       'x-stripe-routing-context-priority-tier': 'api-testmode',"}}
[info] >        'x-wc': 'AB', {"user":"      'x-wc': 'AB',","metadata":{"emulator":{"name":"functions"},"function":{"name":"us-central1-api"},"extension":{},"message":"\u001b[90m> \u001b[39m       'x-wc': 'AB',"}}
[info] >        'strict-transport-security': 'max-age=63072000; includeSubDomains; preload' {"user":"      'strict-transport-security': 'max-age=63072000; includeSubDomains; preload'","metadata":{"emulator":{"name":"functions"},"function":{"name":"us-central1-api"},"extension":{},"message":"\u001b[90m> \u001b[39m       'strict-transport-security': 'max-age=63072000; includeSubDomains; preload'"}}
[info] >      }, {"user":"    },","metadata":{"emulator":{"name":"functions"},"function":{"name":"us-central1-api"},"extension":{},"message":"\u001b[90m> \u001b[39m     },"}}
[info] >      statusCode: 400, {"user":"    statusCode: 400,","metadata":{"emulator":{"name":"functions"},"function":{"name":"us-central1-api"},"extension":{},"message":"\u001b[90m> \u001b[39m     statusCode: 400,"}}
[info] >      requestId: 'req_mUAvu4z7iNdxiG' {"user":"    requestId: 'req_mUAvu4z7iNdxiG'","metadata":{"emulator":{"name":"functions"},"function":{"name":"us-central1-api"},"extension":{},"message":"\u001b[90m> \u001b[39m     requestId: 'req_mUAvu4z7iNdxiG'"}}
[info] >    }, {"user":"  },","metadata":{"emulator":{"name":"functions"},"function":{"name":"us-central1-api"},"extension":{},"message":"\u001b[90m> \u001b[39m   },"}}
[info] >    rawType: 'invalid_request_error', {"user":"  rawType: 'invalid_request_error',","metadata":{"emulator":{"name":"functions"},"function":{"name":"us-central1-api"},"extension":{},"message":"\u001b[90m> \u001b[39m   rawType: 'invalid_request_error',"}}
[info] >    code: 'parameter_invalid_integer', {"user":"  code: 'parameter_invalid_integer',","metadata":{"emulator":{"name":"functions"},"function":{"name":"us-central1-api"},"extension":{},"message":"\u001b[90m> \u001b[39m   code: 'parameter_invalid_integer',"}}
[info] >    doc_url: 'https://stripe.com/docs/error-codes/parameter-invalid-integer', {"user":"  doc_url: 'https://stripe.com/docs/error-codes/parameter-invalid-integer',","metadata":{"emulator":{"name":"functions"},"function":{"name":"us-central1-api"},"extension":{},"message":"\u001b[90m> \u001b[39m   doc_url: 'https://stripe.com/docs/error-codes/parameter-invalid-integer',"}}
[info] >    param: 'amount', {"user":"  param: 'amount',","metadata":{"emulator":{"name":"functions"},"function":{"name":"us-central1-api"},"extension":{},"message":"\u001b[90m> \u001b[39m   param: 'amount',"}}
[info] >    detail: undefined, {"user":"  detail: undefined,","metadata":{"emulator":{"name":"functions"},"function":{"name":"us-central1-api"},"extension":{},"message":"\u001b[90m> \u001b[39m   detail: undefined,"}}
[info] >    headers: { {"user":"  headers: {","metadata":{"emulator":{"name":"functions"},"function":{"name":"us-central1-api"},"extension":{},"message":"\u001b[90m> \u001b[39m   headers: {"}}
[info] >      server: 'nginx', {"user":"    server: 'nginx',","metadata":{"emulator":{"name":"functions"},"function":{"name":"us-central1-api"},"extension":{},"message":"\u001b[90m> \u001b[39m     server: 'nginx',"}}
[info] >      date: 'Tue, 04 Feb 2025 07:59:04 GMT', {"user":"    date: 'Tue, 04 Feb 2025 07:59:04 GMT',","metadata":{"emulator":{"name":"functions"},"function":{"name":"us-central1-api"},"extension":{},"message":"\u001b[90m> \u001b[39m     date: 'Tue, 04 Feb 2025 07:59:04 GMT',"}}
[info] >      'content-type': 'application/json', {"user":"    'content-type': 'application/json',","metadata":{"emulator":{"name":"functions"},"function":{"name":"us-central1-api"},"extension":{},"message":"\u001b[90m> \u001b[39m     'content-type': 'application/json',"}}
[info] >      'content-length': '663', {"user":"    'content-length': '663',","metadata":{"emulator":{"name":"functions"},"function":{"name":"us-central1-api"},"extension":{},"message":"\u001b[90m> \u001b[39m     'content-length': '663',"}}
[info] >      connection: 'keep-alive', {"user":"    connection: 'keep-alive',","metadata":{"emulator":{"name":"functions"},"function":{"name":"us-central1-api"},"extension":{},"message":"\u001b[90m> \u001b[39m     connection: 'keep-alive',"}}
[info] >      'access-control-allow-credentials': 'true', {"user":"    'access-control-allow-credentials': 'true',","metadata":{"emulator":{"name":"functions"},"function":{"name":"us-central1-api"},"extension":{},"message":"\u001b[90m> \u001b[39m     'access-control-allow-credentials': 'true',"}}
[info] >      'access-control-allow-methods': 'GET, HEAD, PUT, PATCH, POST, DELETE', {"user":"    'access-control-allow-methods': 'GET, HEAD, PUT, PATCH, POST, DELETE',","metadata":{"emulator":{"name":"functions"},"function":{"name":"us-central1-api"},"extension":{},"message":"\u001b[90m> \u001b[39m     'access-control-allow-methods': 'GET, HEAD, PUT, PATCH, POST, DELETE',"}}
[info] >      'access-control-allow-origin': '*', {"user":"    'access-control-allow-origin': '*',","metadata":{"emulator":{"name":"functions"},"function":{"name":"us-central1-api"},"extension":{},"message":"\u001b[90m> \u001b[39m     'access-control-allow-origin': '*',"}}
[info] >      'access-control-expose-headers': 'Request-Id, Stripe-Manage-Version, Stripe-Should-Retry, X-Stripe-External-Auth-Required, X-Stripe-Privileged-Session-Required', {"user":"    'access-control-expose-headers': 'Request-Id, Stripe-Manage-Version, Stripe-Should-Retry, X-Stripe-External-Auth-Required, X-Stripe-Privileged-Session-Required',","metadata":{"emulator":{"name":"functions"},"function":{"name":"us-central1-api"},"extension":{},"message":"\u001b[90m> \u001b[39m     'access-control-expose-headers': 'Request-Id, Stripe-Manage-Version, Stripe-Should-Retry, X-Stripe-External-Auth-Required, X-Stripe-Privileged-Session-Required',"}}
[info] >      'access-control-max-age': '300', {"user":"    'access-control-max-age': '300',","metadata":{"emulator":{"name":"functions"},"function":{"name":"us-central1-api"},"extension":{},"message":"\u001b[90m> \u001b[39m     'access-control-max-age': '300',"}}
[info] >      'cache-control': 'no-cache, no-store', {"user":"    'cache-control': 'no-cache, no-store',","metadata":{"emulator":{"name":"functions"},"function":{"name":"us-central1-api"},"extension":{},"message":"\u001b[90m> \u001b[39m     'cache-control': 'no-cache, no-store',"}}
[info] >      'content-security-policy': "base-uri 'none'; default-src 'none'; form-action 'none'; frame-ancestors 'none'; img-src 'self'; script-src 'self' 'report-sample'; style-src 'self'; upgrade-insecure-requests; report-uri https://q.stripe.com/csp-violation?q=SHyaP5uaPrPs9ndXW1yDt2bL1hp19fkIvwRz3Qx5uVg2FBzQYzY26Iud6aGcOvUFgtl5tKpmL4smIarC", {"user":"    'content-security-policy': \"base-uri 'none'; default-src 'none'; form-action 'none'; frame-ancestors 'none'; img-src 'self'; script-src 'self' 'report-sample'; style-src 'self'; upgrade-insecure-requests; report-uri https://q.stripe.com/csp-violation?q=SHyaP5uaPrPs9ndXW1yDt2bL1hp19fkIvwRz3Qx5uVg2FBzQYzY26Iud6aGcOvUFgtl5tKpmL4smIarC\",","metadata":{"emulator":{"name":"functions"},"function":{"name":"us-central1-api"},"extension":{},"message":"\u001b[90m> \u001b[39m     'content-security-policy': \"base-uri 'none'; default-src 'none'; form-action 'none'; frame-ancestors 'none'; img-src 'self'; script-src 'self' 'report-sample'; style-src 'self'; upgrade-insecure-requests; report-uri https://q.stripe.com/csp-violation?q=SHyaP5uaPrPs9ndXW1yDt2bL1hp19fkIvwRz3Qx5uVg2FBzQYzY26Iud6aGcOvUFgtl5tKpmL4smIarC\","}}
[info] >      'cross-origin-opener-policy-report-only': 'same-origin; report-to="coop"', {"user":"    'cross-origin-opener-policy-report-only': 'same-origin; report-to=\"coop\"',","metadata":{"emulator":{"name":"functions"},"function":{"name":"us-central1-api"},"extension":{},"message":"\u001b[90m> \u001b[39m     'cross-origin-opener-policy-report-only': 'same-origin; report-to=\"coop\"',"}}
[info] >      'idempotency-key': 'stripe-node-retry-1929e6c6-6715-4952-b4b9-358e6fc65ab5', {"user":"    'idempotency-key': 'stripe-node-retry-1929e6c6-6715-4952-b4b9-358e6fc65ab5',","metadata":{"emulator":{"name":"functions"},"function":{"name":"us-central1-api"},"extension":{},"message":"\u001b[90m> \u001b[39m     'idempotency-key': 'stripe-node-retry-1929e6c6-6715-4952-b4b9-358e6fc65ab5',"}}
[info] >      'original-request': 'req_mUAvu4z7iNdxiG', {"user":"    'original-request': 'req_mUAvu4z7iNdxiG',","metadata":{"emulator":{"name":"functions"},"function":{"name":"us-central1-api"},"extension":{},"message":"\u001b[90m> \u001b[39m     'original-request': 'req_mUAvu4z7iNdxiG',"}}
[info] >      'report-to': '{"group":"coop","max_age":8640,"endpoints":[{"url":"https://q.stripe.com/coop-report"}],"include_subdomains":true}', {"user":"    'report-to': '{\"group\":\"coop\",\"max_age\":8640,\"endpoints\":[{\"url\":\"https://q.stripe.com/coop-report\"}],\"include_subdomains\":true}',","metadata":{"emulator":{"name":"functions"},"function":{"name":"us-central1-api"},"extension":{},"message":"\u001b[90m> \u001b[39m     'report-to': '{\"group\":\"coop\",\"max_age\":8640,\"endpoints\":[{\"url\":\"https://q.stripe.com/coop-report\"}],\"include_subdomains\":true}',"}}
[info] >      'reporting-endpoints': 'coop="https://q.stripe.com/coop-report"', {"user":"    'reporting-endpoints': 'coop=\"https://q.stripe.com/coop-report\"',","metadata":{"emulator":{"name":"functions"},"function":{"name":"us-central1-api"},"extension":{},"message":"\u001b[90m> \u001b[39m     'reporting-endpoints': 'coop=\"https://q.stripe.com/coop-report\"',"}}
[info] >      'request-id': 'req_mUAvu4z7iNdxiG', {"user":"    'request-id': 'req_mUAvu4z7iNdxiG',","metadata":{"emulator":{"name":"functions"},"function":{"name":"us-central1-api"},"extension":{},"message":"\u001b[90m> \u001b[39m     'request-id': 'req_mUAvu4z7iNdxiG',"}}
[info] >      'stripe-version': '2025-01-27.acacia', {"user":"    'stripe-version': '2025-01-27.acacia',","metadata":{"emulator":{"name":"functions"},"function":{"name":"us-central1-api"},"extension":{},"message":"\u001b[90m> \u001b[39m     'stripe-version': '2025-01-27.acacia',"}}
[info] >      vary: 'Origin', {"user":"    vary: 'Origin',","metadata":{"emulator":{"name":"functions"},"function":{"name":"us-central1-api"},"extension":{},"message":"\u001b[90m> \u001b[39m     vary: 'Origin',"}}
[info] >      'x-stripe-priority-routing-enabled': 'true', {"user":"    'x-stripe-priority-routing-enabled': 'true',","metadata":{"emulator":{"name":"functions"},"function":{"name":"us-central1-api"},"extension":{},"message":"\u001b[90m> \u001b[39m     'x-stripe-priority-routing-enabled': 'true',"}}
[info] >      'x-stripe-routing-context-priority-tier': 'api-testmode', {"user":"    'x-stripe-routing-context-priority-tier': 'api-testmode',","metadata":{"emulator":{"name":"functions"},"function":{"name":"us-central1-api"},"extension":{},"message":"\u001b[90m> \u001b[39m     'x-stripe-routing-context-priority-tier': 'api-testmode',"}}
[info] >      'x-wc': 'AB', {"user":"    'x-wc': 'AB',","metadata":{"emulator":{"name":"functions"},"function":{"name":"us-central1-api"},"extension":{},"message":"\u001b[90m> \u001b[39m     'x-wc': 'AB',"}}
[info] >      'strict-transport-security': 'max-age=63072000; includeSubDomains; preload' {"user":"    'strict-transport-security': 'max-age=63072000; includeSubDomains; preload'","metadata":{"emulator":{"name":"functions"},"function":{"name":"us-central1-api"},"extension":{},"message":"\u001b[90m> \u001b[39m     'strict-transport-security': 'max-age=63072000; includeSubDomains; preload'"}}
[info] >    }, {"user":"  },","metadata":{"emulator":{"name":"functions"},"function":{"name":"us-central1-api"},"extension":{},"message":"\u001b[90m> \u001b[39m   },"}}
[info] >    requestId: 'req_mUAvu4z7iNdxiG', {"user":"  requestId: 'req_mUAvu4z7iNdxiG',","metadata":{"emulator":{"name":"functions"},"function":{"name":"us-central1-api"},"extension":{},"message":"\u001b[90m> \u001b[39m   requestId: 'req_mUAvu4z7iNdxiG',"}}
[info] >    statusCode: 400, {"user":"  statusCode: 400,","metadata":{"emulator":{"name":"functions"},"function":{"name":"us-central1-api"},"extension":{},"message":"\u001b[90m> \u001b[39m   statusCode: 400,"}}
[info] >    userMessage: undefined, {"user":"  userMessage: undefined,","metadata":{"emulator":{"name":"functions"},"function":{"name":"us-central1-api"},"extension":{},"message":"\u001b[90m> \u001b[39m   userMessage: undefined,"}}
[info] >    charge: undefined, {"user":"  charge: undefined,","metadata":{"emulator":{"name":"functions"},"function":{"name":"us-central1-api"},"extension":{},"message":"\u001b[90m> \u001b[39m   charge: undefined,"}}
[info] >    decline_code: undefined, {"user":"  decline_code: undefined,","metadata":{"emulator":{"name":"functions"},"function":{"name":"us-central1-api"},"extension":{},"message":"\u001b[90m> \u001b[39m   decline_code: undefined,"}}
[info] >    payment_intent: undefined, {"user":"  payment_intent: undefined,","metadata":{"emulator":{"name":"functions"},"function":{"name":"us-central1-api"},"extension":{},"message":"\u001b[90m> \u001b[39m   payment_intent: undefined,"}}
[info] >    payment_method: undefined, {"user":"  payment_method: undefined,","metadata":{"emulator":{"name":"functions"},"function":{"name":"us-central1-api"},"extension":{},"message":"\u001b[90m> \u001b[39m   payment_method: undefined,"}}
[info] >    payment_method_type: undefined, {"user":"  payment_method_type: undefined,","metadata":{"emulator":{"name":"functions"},"function":{"name":"us-central1-api"},"extension":{},"message":"\u001b[90m> \u001b[39m   payment_method_type: undefined,"}}
[info] >    setup_intent: undefined, {"user":"  setup_intent: undefined,","metadata":{"emulator":{"name":"functions"},"function":{"name":"us-central1-api"},"extension":{},"message":"\u001b[90m> \u001b[39m   setup_intent: undefined,"}}
[info] >    source: undefined {"user":"  source: undefined","metadata":{"emulator":{"name":"functions"},"function":{"name":"us-central1-api"},"extension":{},"message":"\u001b[90m> \u001b[39m   source: undefined"}}
[info] >  } {"user":"}","metadata":{"emulator":{"name":"functions"},"function":{"name":"us-central1-api"},"extension":{},"message":"\u001b[90m> \u001b[39m }"}}
[debug] [2025-02-04T07:59:02.973Z] Finishing up request with event=pause {"metadata":{"emulator":{"name":"functions"},"function":{"name":"us-central1-api"},"extension":{},"message":"Finishing up request with event=pause"}}
[info] i  functions: Finished "us-central1-api" in 1265.0702999999999ms {"metadata":{"emulator":{"name":"functions"},"function":{"name":"us-central1-api"},"extension":{},"message":"Finished \"us-central1-api\" in 1265.0702999999999ms"}}
[debug] [2025-02-04T07:59:02.974Z] [worker-us-central1-api-dfe8c8f6-4d7d-4fab-a7e1-c7bc8ce54cf7]: IDLE {"metadata":{"emulator":{"name":"functions"},"function":{"name":"us-central1-api"},"extension":{},"message":"[worker-us-central1-api-dfe8c8f6-4d7d-4fab-a7e1-c7bc8ce54cf7]: IDLE"}}
[debug] [2025-02-04T07:59:02.975Z] Finishing up request with event=finish {"metadata":{"emulator":{"name":"functions"},"function":{"name":"us-central1-api"},"extension":{},"message":"Finishing up request with event=finish"}}
[debug] [2025-02-04T07:59:02.975Z] Finishing up request with event=close {"metadata":{"emulator":{"name":"functions"},"function":{"name":"us-central1-api"},"extension":{},"message":"Finishing up request with event=close"}}
[debug] [2025-02-04T07:59:02.976Z] [work-queue] {"queuedWork":[],"queueLength":0,"runningWork":[],"workRunningCount":0}
[debug] [2025-02-04T07:59:37.235Z] [work-queue] {"queuedWork":["/novemb-f2496/us-central1/api/payments/create-2025-02-04T07:59:37.235Z"],"queueLength":1,"runningWork":[],"workRunningCount":0}
[debug] [2025-02-04T07:59:37.237Z] [work-queue] {"queuedWork":[],"queueLength":0,"runningWork":["/novemb-f2496/us-central1/api/payments/create-2025-02-04T07:59:37.235Z"],"workRunningCount":1}
[debug] [2025-02-04T07:59:37.237Z] Accepted request POST /novemb-f2496/us-central1/api/payments/create?total=3300 --> us-central1-api
[debug] [2025-02-04T07:59:37.239Z] [functions] Runtime ready! Sending request! {"metadata":{"emulator":{"name":"functions"},"message":"[functions] Runtime ready! Sending request!"}}
[debug] [2025-02-04T07:59:37.241Z] [functions] Got req.url=/novemb-f2496/us-central1/api/payments/create?total=3300, mapping to path=/payments/create?total=3300 {"metadata":{"emulator":{"name":"functions"},"message":"[functions] Got req.url=/novemb-f2496/us-central1/api/payments/create?total=3300, mapping to path=/payments/create?total=3300"}}
[debug] [2025-02-04T07:59:37.242Z] [worker-pool] submitRequest(triggerId=us-central1-api) {"metadata":{"emulator":{"name":"functions"},"message":"[worker-pool] submitRequest(triggerId=us-central1-api)"}}
[info] i  functions: Beginning execution of "us-central1-api" {"metadata":{"emulator":{"name":"functions"},"function":{"name":"us-central1-api"},"extension":{},"message":"Beginning execution of \"us-central1-api\""}}
[debug] [2025-02-04T07:59:37.247Z] [worker-us-central1-api-e9878eb9-86ba-4580-980b-1ea51a2d604b]: BUSY {"metadata":{"emulator":{"name":"functions"},"function":{"name":"us-central1-api"},"extension":{},"message":"[worker-us-central1-api-e9878eb9-86ba-4580-980b-1ea51a2d604b]: BUSY"}}
[debug] [2025-02-04T07:59:37.253Z] [work-queue] {"queuedWork":["/novemb-f2496/us-central1/api/payments/create-2025-02-04T07:59:37.253Z"],"queueLength":1,"runningWork":["/novemb-f2496/us-central1/api/payments/create-2025-02-04T07:59:37.235Z"],"workRunningCount":1}
[debug] [2025-02-04T07:59:37.254Z] [work-queue] {"queuedWork":[],"queueLength":0,"runningWork":["/novemb-f2496/us-central1/api/payments/create-2025-02-04T07:59:37.235Z","/novemb-f2496/us-central1/api/payments/create-2025-02-04T07:59:37.253Z"],"workRunningCount":2}
[debug] [2025-02-04T07:59:37.254Z] Accepted request POST /novemb-f2496/us-central1/api/payments/create?total=3300 --> us-central1-api
[debug] [2025-02-04T07:59:37.256Z] [functions] Runtime ready! Sending request! {"metadata":{"emulator":{"name":"functions"},"message":"[functions] Runtime ready! Sending request!"}}
[debug] [2025-02-04T07:59:37.257Z] [functions] Got req.url=/novemb-f2496/us-central1/api/payments/create?total=3300, mapping to path=/payments/create?total=3300 {"metadata":{"emulator":{"name":"functions"},"message":"[functions] Got req.url=/novemb-f2496/us-central1/api/payments/create?total=3300, mapping to path=/payments/create?total=3300"}}
[debug] [2025-02-04T07:59:37.257Z] [worker-pool] submitRequest(triggerId=us-central1-api) {"metadata":{"emulator":{"name":"functions"},"message":"[worker-pool] submitRequest(triggerId=us-central1-api)"}}
[info] i  functions: Beginning execution of "us-central1-api" {"metadata":{"emulator":{"name":"functions"},"function":{"name":"us-central1-api"},"extension":{},"message":"Beginning execution of \"us-central1-api\""}}
[debug] [2025-02-04T07:59:37.261Z] [worker-us-central1-api-dfe8c8f6-4d7d-4fab-a7e1-c7bc8ce54cf7]: BUSY {"metadata":{"emulator":{"name":"functions"},"function":{"name":"us-central1-api"},"extension":{},"message":"[worker-us-central1-api-dfe8c8f6-4d7d-4fab-a7e1-c7bc8ce54cf7]: BUSY"}}
[info] >  payment request received for this amount == 3300 {"user":"payment request received for this amount == 3300","metadata":{"emulator":{"name":"functions"},"function":{"name":"us-central1-api"},"extension":{},"message":"\u001b[90m> \u001b[39m payment request received for this amount == 3300"}}
[info] >  payment request received for this amount == 3300 {"user":"payment request received for this amount == 3300","metadata":{"emulator":{"name":"functions"},"function":{"name":"us-central1-api"},"extension":{},"message":"\u001b[90m> \u001b[39m payment request received for this amount == 3300"}}
[debug] [2025-02-04T07:59:37.678Z] Finishing up request with event=pause {"metadata":{"emulator":{"name":"functions"},"function":{"name":"us-central1-api"},"extension":{},"message":"Finishing up request with event=pause"}}
[info] i  functions: Finished "us-central1-api" in 430.9524ms {"metadata":{"emulator":{"name":"functions"},"function":{"name":"us-central1-api"},"extension":{},"message":"Finished \"us-central1-api\" in 430.9524ms"}}
[debug] [2025-02-04T07:59:37.679Z] [worker-us-central1-api-e9878eb9-86ba-4580-980b-1ea51a2d604b]: IDLE {"metadata":{"emulator":{"name":"functions"},"function":{"name":"us-central1-api"},"extension":{},"message":"[worker-us-central1-api-e9878eb9-86ba-4580-980b-1ea51a2d604b]: IDLE"}}
[debug] [2025-02-04T07:59:37.679Z] Finishing up request with event=finish {"metadata":{"emulator":{"name":"functions"},"function":{"name":"us-central1-api"},"extension":{},"message":"Finishing up request with event=finish"}}
[debug] [2025-02-04T07:59:37.680Z] Finishing up request with event=close {"metadata":{"emulator":{"name":"functions"},"function":{"name":"us-central1-api"},"extension":{},"message":"Finishing up request with event=close"}}
[debug] [2025-02-04T07:59:37.680Z] [work-queue] {"queuedWork":[],"queueLength":0,"runningWork":["/novemb-f2496/us-central1/api/payments/create-2025-02-04T07:59:37.253Z"],"workRunningCount":1}
[debug] [2025-02-04T07:59:37.694Z] Finishing up request with event=pause {"metadata":{"emulator":{"name":"functions"},"function":{"name":"us-central1-api"},"extension":{},"message":"Finishing up request with event=pause"}}
[info] i  functions: Finished "us-central1-api" in 433.4451ms {"metadata":{"emulator":{"name":"functions"},"function":{"name":"us-central1-api"},"extension":{},"message":"Finished \"us-central1-api\" in 433.4451ms"}}
[debug] [2025-02-04T07:59:37.695Z] [worker-us-central1-api-dfe8c8f6-4d7d-4fab-a7e1-c7bc8ce54cf7]: IDLE {"metadata":{"emulator":{"name":"functions"},"function":{"name":"us-central1-api"},"extension":{},"message":"[worker-us-central1-api-dfe8c8f6-4d7d-4fab-a7e1-c7bc8ce54cf7]: IDLE"}}
[debug] [2025-02-04T07:59:37.696Z] Finishing up request with event=finish {"metadata":{"emulator":{"name":"functions"},"function":{"name":"us-central1-api"},"extension":{},"message":"Finishing up request with event=finish"}}
[debug] [2025-02-04T07:59:37.696Z] Finishing up request with event=close {"metadata":{"emulator":{"name":"functions"},"function":{"name":"us-central1-api"},"extension":{},"message":"Finishing up request with event=close"}}
[debug] [2025-02-04T07:59:37.696Z] [work-queue] {"queuedWork":[],"queueLength":0,"runningWork":[],"workRunningCount":0}
